review_priority,review_reason,review_batch,obj_candidate_count,itm_candidate_count,claim_id,article_id,title,date,url,claim_text,metric,metric_all,is_claim,population,prev_sentence,next_sentence,numbers,units,year,region,candidate_kosis_table,api_params,calculation,verifiable,org_id,tbl_id,obj_l1,itm_id,prd_se,reviewer_note,obj_l1_candidates,itm_id_candidates
P0,주요 ID 4종이 채워져 있어 매핑 적합성 확인 후 API 검증 가능,1,0,0,C01867,254,"한국은행, “올해 경제성장률 1.6~1.7%로 0.2%p 내려갈 듯”",2025-01-20,https://www.chosun.com/economy/economy_general/2025/01/20/OWWYOWVNL5GGVMJCFXODDXXTK4,이어 “건설투자도 12월 중 아파트 분양실적(2만1000호)이 당초 계획(2만5000호)를 17.2% 가량 하회하는 등 4분기 중 부진이 더 심화됐다”고 설명했다.,비율·증감률,비율·증감률; 날짜·시간,True,,"또 “작년 3분기 개선됐던 소비가 작년 4분기 중 회복세가 다시 약화됐다”며 “카드 사용액은 12월말부터 증가세가 빠르게 둔화됐고, 고가 비중이 높은 수입자동차 판매도 12월 중 더욱 위축됐다”고 했다.","다만, 수출은 견조한 인공지능(AI) 투자수요에 기반한 IT품목 등의 양호한 흐름이 이어져, 11월 전망에 대체로 부합했다고 설명했다.","[12, 17.2, 4]","['월', '%', '분']",[],[],종사자의 국제결혼중개업자 대상 교육 여부 : 2020년 1월 1일 ~ 12월 31일(tblId=DT_154017_24CC002000); 종사자의 국제결혼중개업자 대상 교육 여부 : 2021년 1월 1일 ~ 12월 31일(tblId=DT_154017_24CC002100); 종사자의 국제결혼중개업자 대상 교육 여부 : 2022년 1월 1일 ~ 12월 31일(tblId=DT_154017_24CC002200); 2019년 12월 말 기준 회원수: 미혼남자(평균)(tblId=DT_154017_20BB010); 2019년 12월 말 기준 회원수: 재혼남자(평균)(tblId=DT_154017_20BB011),,,판단불가,116,DT_MLTM_5557,13102133605A.0001,13103133605T1,M,"[Claude 검토] 아파트(공동주택) 분양실적 관련, KOSIS ""주택건설 분양실적(공동주택)"" 표로 판단, org_id/tbl_id 채움 | 분류축이 3개라 obj_l2 이상 추가 필요할 수 있음: 구분2, 레벨01",,
P0,주요 ID 4종이 채워져 있어 매핑 적합성 확인 후 API 검증 가능,1,0,0,C03640,459,"지난해 4분기 건설 실적 30조4492억, 10.1% 줄어",2025-02-05,https://www.chosun.com/economy/economy_general/2025/02/05/JMRUVADN6JAFPJR7IP44WMCCDE,지난 2023년 연간 건설 수주는 전년 대비 18.5% 감소했다.,비율·증감률,비율·증감률; 날짜·시간,True,,그래서 2023년 건설 수주가 부진했던 게 올해 실적 부진으로 이어질 수 있다는 분석이다.,"지난해 1분기도 건설수주는 전년 같은 기간 대비 15.6% 감소했고, 2분기(20.9%) 들어서야 반등했다.","[2023, 18.5]","['년', '%']",['2023'],[],아동의 지난 1년 동안의 무단결석 및 가출경험(9-17세)(tblId=DT_117074_2023_A124); 취업 여부 - 지난 1주간 수입 목적 일했는지 여부(tblId=DT_154013_24BB004600); 지난 1주간 경제활동 여부 및 주 평균 근무시간(tblId=DT_154013_24AA002500); 지난 한 해 동안 성혼한 나라 개수(tblId=DT_154017_24CC005200); 지난 1년 전 대비 성폭력 발생 위험 정도(tblId=DT_154012_012),,,판단불가,101,DT_1G1B045,0,T10,Y,"[Claude 검토] 2023년 연간 건설수주 전년대비 감소(18.5%), 건설수주액(계절조정) 표로 판단",,
P0,주요 ID 4종이 채워져 있어 매핑 적합성 확인 후 API 검증 가능,1,0,0,C03641,459,"지난해 4분기 건설 실적 30조4492억, 10.1% 줄어",2025-02-05,https://www.chosun.com/economy/economy_general/2025/02/05/JMRUVADN6JAFPJR7IP44WMCCDE,"지난해 1분기도 건설수주는 전년 같은 기간 대비 15.6% 감소했고, 2분기(20.9%) 들어서야 반등했다.",비율·증감률,비율·증감률; 날짜·시간,True,,지난 2023년 연간 건설 수주는 전년 대비 18.5% 감소했다.,기획재정부 관계자는 “경기 상황에 따라 올해 하반기 또는 내년 상반기 정도는 돼야 건설업 경기 회복세가 본격화할 것”이라고 전망했다.,"[1, 15.6, 2, 20.9]","['분', '%', '분', '%']",[],[],경영 성과 평가(전년 대비 체감)(tblId=DT_MLTM_7074); 전년 대비 임금 동향(tblId=DT_448001_A011); 전년 대비 고객사 수 증감 현황(tblId=DT_142018N_110); 소모성자재 납품업 경기수준(전년 대비)(tblId=DT_142018N_137); 전년 대비 당해년도 업황(tblId=DT_421001N_018),,,판단불가,101,DT_1G1B045,0,T10,Q,"[Claude 검토] 분기별 건설수주 증감(1분기 -15.6%, 2분기 +20.9%), 동일 표로 판단",,
P0,주요 ID 4종이 채워져 있어 매핑 적합성 확인 후 API 검증 가능,1,0,0,C03731,473,나 홀로 사장님 6년 만에 줄었다,2025-02-06,https://www.chosun.com/economy/economy_general/2025/02/06/ANXJDBUJYNBHJHZDLWZW6O2BT4,나 홀로 사장을 중심으로 자영업자가 줄면서 지난해 전체 근로자 중 자영업자 비율은 19.8%에 그쳤다.,비율·증감률,비율·증감률,True,자영업자,"3년 연속 증가세지만, 2022년(5만8000명)이나 2023년(5만4000명)보다 증가 폭은 줄었다.",1963년 통계 작성 이래 처음으로 20% 아래로 떨어진 것이다.,[19.8],['%'],[],[],자영업자(고용주)의 어려움(tblId=DT_154021_22AA002900); 자영업자(고용주)의 월평균 순수익(tblId=DT_154021_22AA003000); 현 사업 사업자금 조달방법(tblId=DT_43701N_063); 현 사업 사업자금 규모(tblId=DT_43701N_065); 현 사업 준비기간(tblId=DT_43701N_066),,,판단불가,101,DT_1DA7010S,00,T30,Y,"[Claude 검토] 전체 근로자 중 자영업자 비율(19.8%), 종사상지위별 취업자 표로 판단",,
P0,주요 ID 4종이 채워져 있어 매핑 적합성 확인 후 API 검증 가능,1,0,0,C03732,473,나 홀로 사장님 6년 만에 줄었다,2025-02-06,https://www.chosun.com/economy/economy_general/2025/02/06/ANXJDBUJYNBHJHZDLWZW6O2BT4,1963년 통계 작성 이래 처음으로 20% 아래로 떨어진 것이다.,비율·증감률,비율·증감률; 날짜·시간,True,,나 홀로 사장을 중심으로 자영업자가 줄면서 지난해 전체 근로자 중 자영업자 비율은 19.8%에 그쳤다.,,"[1963, 20]","['년', '%']",['1963'],[],"아르바이트 업무 내용, 급여, 근로 시간, 휴일 등의 내용이 포함된 근로계약서를 작성 여부(tblId=DT_MOGE_1540002794); 배달/운전 아르바이트 서류 작성 여부_배달 업무 및 수수료와 관련한 계약서(tblId=DT_MOGE_1540002853); 배달/운전 아르바이트 서류 작성 여부_산재보험 가입 제외 동의서(tblId=DT_MOGE_1540002854); b 인터넷경험: 개인 비방이나 악성 댓글 작성(tblId=DT_MOGE_3020300221); 서면 계약서 작성 여부(tblId=DT_154017_24AA003900)",,,판단불가,101,DT_1DA7010S,00,T30,Y,"[Claude 검토] 자영업자 비율 1963년 이래 최초 20% 미만(C03731 연결), 동일 표로 판단",,
P0,주요 ID 4종이 채워져 있어 매핑 적합성 확인 후 API 검증 가능,1,0,0,C04750,601,빚 못 갚은 자영업자 중 60대 이상이 가장 많았던 이유,2025-02-16,https://www.chosun.com/economy/economy_general/2025/02/16/JPSR6CUW55HPNKX73PTUAYO4RA,3 고금리 기조와 함께 내수 침체가 길어지면서 작년 금융기관에 진 빚을 갚지 못한 자영업자가 35% 늘어난 것으로 집계됐다.,비율·증감률,비율·증감률,True,자영업자,,특히 60세 이상 고령층 자영업자의 경우 이 속도가 훨씬 빠르게 늘었다.,[35],['%'],[],[],자영업자(고용주)의 어려움(tblId=DT_154021_22AA002900); 자영업자(고용주)의 월평균 순수익(tblId=DT_154021_22AA003000); 현 사업 사업자금 조달방법(tblId=DT_43701N_063); 현 사업 사업자금 규모(tblId=DT_43701N_065); 현 사업 준비기간(tblId=DT_43701N_066),,,판단불가,101,DT_1PB_1011,11,T10,Y,"[Claude 검토] 자영업자 대출 연체 증가(35%), 통계청 일자리행정통계 ""개인사업자의 연체율 총괄"" 표로 판단",,
P0,주요 ID 4종이 채워져 있어 매핑 적합성 확인 후 API 검증 가능,1,0,0,C04752,601,빚 못 갚은 자영업자 중 60대 이상이 가장 많았던 이유,2025-02-16,https://www.chosun.com/economy/economy_general/2025/02/16/JPSR6CUW55HPNKX73PTUAYO4RA,개인사업자의 대출 금액은 전년보다 7719억원(0.1%) 늘어난 것이다.,비율·증감률,비율·증감률; 금액,True,,개인사업자는 자영업자와 기업 대출을 보유한 개인을 뜻한다.,작년 말 기준 개인사업자 중 금융기관 대출액을 3개월 이상 연체한 사람은 전년보다 4만204명(35%) 늘어난 15만5060명으로 집계됐다.,"[7719, 0.1]","['억원', '%']",[],[],개인사업자의 대출 총괄(tblId=DT_1PB_1001); 개인사업자의 성별 대출(tblId=DT_1PB_1002); 개인사업자의 연령별 대출(tblId=DT_1PB_1003); 개인사업자의 산업분류별 대출(tblId=DT_1PB_1004); 개인사업자의 매출액별 대출(tblId=DT_1PB_1005),,,판단불가,101,DT_1PB_1001,11,T00,Y,"[Claude 검토] 개인사업자 대출금액 전년대비 증가, 통계청 ""개인사업자의 대출 총괄"" 표로 판단",,
P0,주요 ID 4종이 채워져 있어 매핑 적합성 확인 후 API 검증 가능,1,0,0,C04753,601,빚 못 갚은 자영업자 중 60대 이상이 가장 많았던 이유,2025-02-16,https://www.chosun.com/economy/economy_general/2025/02/16/JPSR6CUW55HPNKX73PTUAYO4RA,작년 말 기준 개인사업자 중 금융기관 대출액을 3개월 이상 연체한 사람은 전년보다 4만204명(35%) 늘어난 15만5060명으로 집계됐다.,비율·증감률,비율·증감률; 인원수; 건수·개수,True,,개인사업자의 대출 금액은 전년보다 7719억원(0.1%) 늘어난 것이다.,총 대출액은 30조7248억원으로 전년보다 29.9% 늘어 30조원을 돌파했다.,"[3, 204, 35, 5060]","['개', '명', '%', '명']",[],[],"작년 임금 근로활동 여부(tblId=DT_KWMP_2020136); 작년 월 평균 임금(세전, 인센티브 제외)(tblId=DT_KWMP_2020006); 작년 연간 평균 인센티브(세전)(tblId=DT_KWMP_2020007); 작년 매출액(tblId=DT_111014_A071); 작년 대비 지역 내 불법체류 외국인 고용 규모 변화(tblId=DT_111014_B099)",,,판단불가,101,DT_1PB_1011,11,T10,Y,"[Claude 검토] 개인사업자 3개월 이상 연체자 수 증가, 동일 연체율 총괄 표로 판단",,
P0,주요 ID 4종이 채워져 있어 매핑 적합성 확인 후 API 검증 가능,1,0,0,C04754,601,빚 못 갚은 자영업자 중 60대 이상이 가장 많았던 이유,2025-02-16,https://www.chosun.com/economy/economy_general/2025/02/16/JPSR6CUW55HPNKX73PTUAYO4RA,총 대출액은 30조7248억원으로 전년보다 29.9% 늘어 30조원을 돌파했다.,비율·증감률,비율·증감률; 금액,True,,작년 말 기준 개인사업자 중 금융기관 대출액을 3개월 이상 연체한 사람은 전년보다 4만204명(35%) 늘어난 15만5060명으로 집계됐다.,개인사업자의 빚 부담이 커진 것은 장기화하고 있는 내수 침체가 영향을 줬다는 분석이 나온다.,"[7248, 29.9, 30]","['억원', '%', '조원']",[],[],"9.8.29 100대 생활밀접업종 가동 사업자 현황Ⅱ(연령, 업종)(tblId=DT_133001_9829); 14.3.29 가구유형별 근로자 근로·자녀장려금 지급 현황 II(총급여액,지급규모)[2015~](tblId=DT_133N_14329A); 10-29-1. 기초자치단체별 부과징수 현황-동두천시(도세)(tblId=TX_11007_A313); 10-29-2. 기초자치단체별 부과징수 현황-동두천시(시세)(tblId=TX_11007_A317)",,,판단불가,101,DT_1PB_1001,11,T00,Y,"[Claude 검토] 개인사업자 총 대출액(30조7248억원), 동일 대출 총괄 표로 판단",,
P0,주요 ID 4종이 채워져 있어 매핑 적합성 확인 후 API 검증 가능,1,0,0,C04758,601,빚 못 갚은 자영업자 중 60대 이상이 가장 많았던 이유,2025-02-16,https://www.chosun.com/economy/economy_general/2025/02/16/JPSR6CUW55HPNKX73PTUAYO4RA,60대 이상 개인사업자 중 채무불이행자 수는 2만795명에서 3만1689명으로 52.4%가 늘었다.,비율·증감률,비율·증감률; 인원수,True,60대,고령층 채무불이행자 수와 대출 잔액도 다른 연령대보다 빠르게 증가하고 있다.,대출 금액 역시 전년보다 2조7080억원(52.2%) 늘어난 7조8920억원을 기록했다.,"[795, 1689, 52.4]","['명', '명', '%']",[],[],건강체력 기준: 60대 이상 남자(tblId=DT_113_STBL_1012531); 건강체력 기준: 60대 이상 여자(tblId=DT_113_STBL_1012532); 노인체력 기준: 60대 이상 남자(tblId=DT_113_STBL_1012522); 노인체력 기준: 60대 이상 여자(tblId=DT_113_STBL_1012523); 60대 여가활동 참여비율 추이(tblId=DT_113_STBL_1014589),,,판단불가,101,DT_1PB_1013,11,T10,Y,"[Claude 검토] 60대 이상 개인사업자 채무불이행자 수 증가, 통계청 ""개인사업자의 연령별 대출 연체율"" 표로 판단 | 분류축이 2개라 obj_l2 이상 추가 필요할 수 있음: 연령별",,
P0,주요 ID 4종이 채워져 있어 매핑 적합성 확인 후 API 검증 가능,1,0,0,C04759,601,빚 못 갚은 자영업자 중 60대 이상이 가장 많았던 이유,2025-02-16,https://www.chosun.com/economy/economy_general/2025/02/16/JPSR6CUW55HPNKX73PTUAYO4RA,대출 금액 역시 전년보다 2조7080억원(52.2%) 늘어난 7조8920억원을 기록했다.,비율·증감률,비율·증감률; 금액,True,,60대 이상 개인사업자 중 채무불이행자 수는 2만795명에서 3만1689명으로 52.4%가 늘었다.,이수진 금융연구원 선임연구위원은 “고령층은 생계형으로 창업하는 경우가 많아 상대적으로 수익성이 낮다 보니 경기 침체 국면에서 가장 큰 타격을 받은 것으로 보인다”고 설명했다.,"[7080, 52.2, 8920]","['억원', '%', '억원']",[],[],"금융기관예금, 대출 및 어음(2001~2008)(tblId=TX_11001_A031); 현재 사업을 운영하면서 자금조달(금융기관 대출, 임대료 등의 문제 포함)과 관련하여 어려움을 겪는 정도(tblId=DT_154021_N053); 개인사업자의 대출 총괄(tblId=DT_1PB_1001); 개인사업자의 성별 대출(tblId=DT_1PB_1002); 개인사업자의 연령별 대출(tblId=DT_1PB_1003)",,,판단불가,101,DT_1PB_1013,11,T10,Y,"[Claude 검토] 연령별 개인사업자 대출금액 증가(C04758 연결), 동일 표로 판단 | 분류축이 2개라 obj_l2 이상 추가 필요할 수 있음: 연령별",,
P0,주요 ID 4종이 채워져 있어 매핑 적합성 확인 후 API 검증 가능,1,0,0,C04764,603,빚 못 갚은 자영업자 늘어…'생계형’ 60대 이상 52% 급증,2025-02-16,https://www.chosun.com/economy/money/2025/02/16/3Y7VKQ3MB67CFT6VFWD7V6FDAA,0 지난해 금융기관에 진 빚을 갚지 못한 자영업자가 35% 늘어난 것으로 집계됐다.,비율·증감률,비율·증감률,True,자영업자,,특히 60세 이상 고령층 증가율이 52%에 달했다.,[35],['%'],[],[],자영업자(고용주)의 어려움(tblId=DT_154021_22AA002900); 자영업자(고용주)의 월평균 순수익(tblId=DT_154021_22AA003000); 현 사업 사업자금 조달방법(tblId=DT_43701N_063); 현 사업 사업자금 규모(tblId=DT_43701N_065); 현 사업 준비기간(tblId=DT_43701N_066),,,판단불가,101,DT_1PB_1011,11,T10,Y,"[Claude 검토] 자영업자 대출 연체 증가(35%, C04750과 동일), 동일 연체율 총괄 표로 판단",,
P0,주요 ID 4종이 채워져 있어 매핑 적합성 확인 후 API 검증 가능,1,0,0,C04765,603,빚 못 갚은 자영업자 늘어…'생계형’ 60대 이상 52% 급증,2025-02-16,https://www.chosun.com/economy/money/2025/02/16/3Y7VKQ3MB67CFT6VFWD7V6FDAA,특히 60세 이상 고령층 증가율이 52%에 달했다.,비율·증감률,비율·증감률,True,고령층,0 지난해 금융기관에 진 빚을 갚지 못한 자영업자가 35% 늘어난 것으로 집계됐다.,16일 신용평가기관 나이스평가정보가 국회 정무위원회 소속 더불어민주당 이인영 의원실에 제출한 ‘개인사업자 채무불이행자 현황’ 자료에 따르면 지난해 말 기준 개인사업자(자영업자·기업대출을 보유한 개인) 335만8956명의 금융기관 대출금액은 1122조7919억원으로 1년 새 7719억원이 늘었다.,[52],['%'],[],[],"연령별 경제활동상태(tblId=DT_1DE8031S); 연령/산업별 취업분포(11차)(tblId=DT_1DE8061_11); 연령/산업별 취업분포(10차,~2024)(tblId=DT_1DE8061); 연령/산업별 취업분포(9차,~2017)(tblId=DT_1DE8032S); 연령/직업별 취업분포(8차)(tblId=DT_1DE8063_8)",,,판단불가,101,DT_1PB_1013,11,T10,Y,"[Claude 검토] 60세 이상 고령층 연체 증가율(52%), 동일 연령별 연체율 표로 판단 | 분류축이 2개라 obj_l2 이상 추가 필요할 수 있음: 연령별",,
P0,주요 ID 4종이 채워져 있어 매핑 적합성 확인 후 API 검증 가능,1,0,0,C04767,603,빚 못 갚은 자영업자 늘어…'생계형’ 60대 이상 52% 급증,2025-02-16,https://www.chosun.com/economy/money/2025/02/16/3Y7VKQ3MB67CFT6VFWD7V6FDAA,이 중 3개월 이상 연체한 개인사업자는 15만5060명으로 1년 전보다 4만204명(35%) 급증했다.,비율·증감률,비율·증감률; 인원수; 건수·개수; 날짜·시간,True,,16일 신용평가기관 나이스평가정보가 국회 정무위원회 소속 더불어민주당 이인영 의원실에 제출한 ‘개인사업자 채무불이행자 현황’ 자료에 따르면 지난해 말 기준 개인사업자(자영업자·기업대출을 보유한 개인) 335만8956명의 금융기관 대출금액은 1122조7919억원으로 1년 새 7719억원이 늘었다.,"이들이 진 빚은 30조7248억원으로, 전년 말보다 29.9%(7조804억원) 늘어났다.","[3, 5060, 1, 204, 35]","['개', '명', '년', '명', '%']",[],[],"가구소득 변화(1년 전과 비교하여, 19세 이상 가구주)(tblId=DT_1SSIC021R); 가구부채 변화(1년 전과 비교하여, 19세 이상 가구주)(tblId=DT_1SSIC022R); 1년 전과 비교한 체감환경(대기, 13세 이상 인구)(tblId=DT_1SSEN021R); 1년 전과 비교한 체감환경(수질, 13세 이상 인구)(tblId=DT_1SSEN022R); 1년 전과 비교한 체감환경(토양, 13세 이상 인구)(tblId=DT_1SSEN023R)",,,판단불가,101,DT_1PB_1011,11,T10,Y,"[Claude 검토] 3개월 이상 연체 개인사업자 수(15만5060명), 동일 연체율 총괄 표로 판단",,
P0,주요 ID 4종이 채워져 있어 매핑 적합성 확인 후 API 검증 가능,1,0,0,C04768,603,빚 못 갚은 자영업자 늘어…'생계형’ 60대 이상 52% 급증,2025-02-16,https://www.chosun.com/economy/money/2025/02/16/3Y7VKQ3MB67CFT6VFWD7V6FDAA,"이들이 진 빚은 30조7248억원으로, 전년 말보다 29.9%(7조804억원) 늘어났다.",비율·증감률,비율·증감률; 금액,True,,이 중 3개월 이상 연체한 개인사업자는 15만5060명으로 1년 전보다 4만204명(35%) 급증했다.,고령층 자영업자의 채무 불이행은 심각하다.,"[7248, 29.9, 804]","['억원', '%', '억원']",[],[],경영 성과 평가(전년 대비 체감)(tblId=DT_MLTM_7074); 전년 대비 임금 동향(tblId=DT_448001_A011); 전년 대비 고객사 수 증감 현황(tblId=DT_142018N_110); 소모성자재 납품업 경기수준(전년 대비)(tblId=DT_142018N_137); 전년 대비 당해년도 업황(tblId=DT_421001N_018),,,판단불가,101,DT_1PB_1001,11,T00,Y,"[Claude 검토] 개인사업자 대출액 전년대비 29.9% 증가, 동일 대출 총괄 표로 판단",,
P0,주요 ID 4종이 채워져 있어 매핑 적합성 확인 후 API 검증 가능,1,0,0,C04771,603,빚 못 갚은 자영업자 늘어…'생계형’ 60대 이상 52% 급증,2025-02-16,https://www.chosun.com/economy/money/2025/02/16/3Y7VKQ3MB67CFT6VFWD7V6FDAA,"1년 동안 60대 이상 채무불이행자 수는 2만795명에서 3만1689명으로 52.4% 늘었고, 보유 대출금액 역시 5조1840억원에서 7조8920억원으로 52.2% 급증했다.",비율·증감률,비율·증감률; 금액; 인원수; 날짜·시간,True,60대,고령층 채무불이행자 수와 이들의 대출잔액의 증가세도 가팔랐다.,"고령층의 경우 생계형으로 창업하는 경우가 많아 상대적으로 수익성이 낮고, 경기 침체 국면에서 큰 타격을 받은 것으로 보인다.","[1, 795, 1689, 52.4, 1840, 8920, 52.2]","['년', '명', '명', '%', '억원', '억원', '%']",[],[],건강체력 기준: 60대 이상 남자(tblId=DT_113_STBL_1012531); 건강체력 기준: 60대 이상 여자(tblId=DT_113_STBL_1012532); 노인체력 기준: 60대 이상 남자(tblId=DT_113_STBL_1012522); 노인체력 기준: 60대 이상 여자(tblId=DT_113_STBL_1012523); 60대 여가활동 참여비율 추이(tblId=DT_113_STBL_1014589),,,판단불가,101,DT_1PB_1013,11,T10,Y,"[Claude 검토] 60대 이상 채무불이행자/대출금액 증가, 동일 연령별 연체율 표로 판단 | 분류축이 2개라 obj_l2 이상 추가 필요할 수 있음: 연령별",,
P0,주요 ID 4종이 채워져 있어 매핑 적합성 확인 후 API 검증 가능,1,0,0,C07301,919,"배우자에 10억, 자녀에 5억 이하 물려주면 상속세 안 낸다",2025-03-12,https://www.chosun.com/economy/economy_general/2025/03/12/FJROC62SMNF2DEPW5X35IAXW5E,지난 2023년 걷힌 상속세(8조5000억원)의 약 24% 수준이다.,비율·증감률,비율·증감률; 금액; 날짜·시간,True,,"공제 확대로 1조7000억원 정도의 세수 감소 효과가 예상되고, 유산취득세 도입으로 개별 상속인이 부담하는 실효세율이 낮아지면서 3000억원 정도의 세수 감소가 예상되기 때문이다.",공제가 늘어나며 과세 대상도 2023년 1만9900명의 절반 수준으로 줄어들 것으로 예상된다.,"[2023, 5000, 24]","['년', '억원', '%']",['2023'],[],아동의 지난 1년 동안의 무단결석 및 가출경험(9-17세)(tblId=DT_117074_2023_A124); 취업 여부 - 지난 1주간 수입 목적 일했는지 여부(tblId=DT_154013_24BB004600); 지난 1주간 경제활동 여부 및 주 평균 근무시간(tblId=DT_154013_24AA002500); 지난 한 해 동안 성혼한 나라 개수(tblId=DT_154017_24CC005200); 지난 1년동안 부모와의 문화예술 관람 및 여행(tblId=DT_1W2C14),,,판단불가,133,DT_133N_611,15133NSJ00,16133T2008_0479,Y,"[Claude 검토] 국세청 상속세 신고현황(연도별) 매칭, 2023년 상속세 총액 대비 비율 계산 필요 | 분류축이 2개라 obj_l2 이상 추가 필요할 수 있음: 상속세종류별",,
P0,주요 ID 4종이 채워져 있어 매핑 적합성 확인 후 API 검증 가능,1,0,0,C07866,1005,"서빙 로봇, 전화응대 AI… 나 홀로 사장님 ‘디지털 직원’ 골라쓰세요",2025-03-19,https://www.chosun.com/economy/economy_general/2025/03/19/A2S2JD6IBVAYPC2NKKFX32TZAU,1 통계청에 따르면 지난해 우리나라 전체 자영업자 수는 565만7000명이다.,인원수,인원수,True,자영업자,,이 중 직원 없는 ‘나 홀로 사장님’이 422만5000명으로 전체의 74.7%를 차지했다.,[7000],['명'],[],[],자영업자(고용주)의 어려움(tblId=DT_154021_22AA002900); 자영업자(고용주)의 월평균 순수익(tblId=DT_154021_22AA003000); 현 사업 사업자금 조달방법(tblId=DT_43701N_063); 현 사업 사업자금 규모(tblId=DT_43701N_065); 현 사업 준비기간(tblId=DT_43701N_066),,,판단불가,101,DT_1DA7010S,00,T30,Y,"[Claude 검토] 통계청 경제활동인구조사(종사상지위별 취업자/자영업자) 매칭, 전체 자영업자수(565만7000명) 확인 가능",,
P0,주요 ID 4종이 채워져 있어 매핑 적합성 확인 후 API 검증 가능,1,0,0,C07867,1005,"서빙 로봇, 전화응대 AI… 나 홀로 사장님 ‘디지털 직원’ 골라쓰세요",2025-03-19,https://www.chosun.com/economy/economy_general/2025/03/19/A2S2JD6IBVAYPC2NKKFX32TZAU,이 중 직원 없는 ‘나 홀로 사장님’이 422만5000명으로 전체의 74.7%를 차지했다.,비율·증감률,비율·증감률; 인원수,True,,1 통계청에 따르면 지난해 우리나라 전체 자영업자 수는 565만7000명이다.,"2014년 자영업자 수는 572만명, 1인 자영업자는 413만9000명이었다.","[5000, 74.7]","['명', '%']",[],[],업체 대표 또는 직원 상대 시 부당한 경험의 확인 : 계약서에 없는 추가비용 요구(tblId=DT_154017_24DD005500); 업체 대표 또는 직원 상대 시 부당한 경험의 확인 :  계약서에 없는 추가비용 요구(tblId=DT_154017_20DD062); 산업안전보건 업무 수행 직원 여부(전담부서가 없는 경우)(tblId=DT_380004_C7_1); 산업안전보건 업무 수행 직원 중 가장 높은 직급(전담부서가 없는 경우)(tblId=DT_380004_C7_1_1); 산업안전보건 업무 수행 직원 여부(전담부서가 없는 경우)(tblId=DT_380004_MS7_1),,,판단불가,101,DT_1DA7010S,00,T30,Y,"[Claude 검토] 통계청 경제활동인구조사(종사상지위별 취업자/자영업자) 매칭, 고용원 없는 자영업자 비율 확인 가능",,
P0,주요 ID 4종이 채워져 있어 매핑 적합성 확인 후 API 검증 가능,1,0,0,C08974,1160,“돈 못 갚아요” 자영업자 저축은행 연체율 9년여 만에 최고치,2025-03-31,https://www.chosun.com/economy/economy_general/2025/03/31/2RJUSYPX5RFTPAAUAFTPTVJ5RM,31일 한국은행이 국회 기획재정위 박성훈 의원(국민의힘)과 행정안전위 양부남 의원(더불어민주당)에게 제출한 ‘개인사업자대출 세부 업권별 연체율’ 자료에 따르면 작년 4분기 말 저축은행 연체율(1개월 이상 연체 기준)은 11.7%로 집계됐다.,비율·증감률,비율·증감률; 건수·개수; 날짜·시간,True,,1 은행과 2금융권 여러 곳에서 최대한 돈을 빌린 자영업자들이 높은 대출 금리와 소비 부진 등으로 상환 불능 상태에 빠져들며 저축은행 업권에서는 연체율이 10년 내 가장 높은 수준까지 치솟았다.,이는 2015년 2분기(11.87%) 이후 9년 6개월 만에 가장 높은 수준이다.,"[31, 4, 1, 11.7]","['일', '분', '개', '%']",[],[],"의료서비스 만족도 (의원, 13세 이상 인구)(tblId=DT_1SSHE109R); 시도별 표시과목별 의원 현황(tblId=DT_HIRA47); 시군구별 표시과목별 의원 현황(tblId=DT_HIRA4G); 질병군 세부 분류별 진료비 심사실적(의원)(tblId=DT_LEE_33A); 질병군 분류별 요양급여비용 심사실적(의원)(tblId=DT_LEE_33)",,,판단불가,101,DT_1PB_1011,11,T10,Q,"[Claude 검토] 통계청 일자리행정통계(개인사업자의 연체율 총괄) 매칭, 저축은행 업권별 세부 확인 필요",,
P0,주요 ID 4종이 채워져 있어 매핑 적합성 확인 후 API 검증 가능,1,0,0,C08975,1160,“돈 못 갚아요” 자영업자 저축은행 연체율 9년여 만에 최고치,2025-03-31,https://www.chosun.com/economy/economy_general/2025/03/31/2RJUSYPX5RFTPAAUAFTPTVJ5RM,이는 2015년 2분기(11.87%) 이후 9년 6개월 만에 가장 높은 수준이다.,비율·증감률,비율·증감률; 건수·개수; 날짜·시간,True,,31일 한국은행이 국회 기획재정위 박성훈 의원(국민의힘)과 행정안전위 양부남 의원(더불어민주당)에게 제출한 ‘개인사업자대출 세부 업권별 연체율’ 자료에 따르면 작년 4분기 말 저축은행 연체율(1개월 이상 연체 기준)은 11.7%로 집계됐다.,1년 전인 2023년 4분기(7.63%)보다도 4.07%포인트 높아졌다.,"[2015, 2, 11.87, 9, 6]","['년', '분', '%', '년', '개']",['2015'],[],"가구원 특성별 가장 의지가 되는 사람(tblId=DT_154001_2015_016); 배우자 선택 시 가장 중요하게 생각하는 요인(1순위, 2순위)(tblId=DT_154001_2015_024); 배우자 선택 시 가장 중요하게 생각하는 요인(1순위)(tblId=DT_154001_2015_025); 자녀양육의 가장 큰 어려움(tblId=DT_154001_2015_053); 자녀돌봄서비스가 가장 필요한 평일 시간대(tblId=DT_154001_2015_106)",,,판단불가,101,DT_1PB_1011,11,T10,Q,"[Claude 검토] 통계청 개인사업자 연체율 총괄 매칭, 2015년 2분기 비교 확인 가능",,
P0,주요 ID 4종이 채워져 있어 매핑 적합성 확인 후 API 검증 가능,1,0,0,C08976,1160,“돈 못 갚아요” 자영업자 저축은행 연체율 9년여 만에 최고치,2025-03-31,https://www.chosun.com/economy/economy_general/2025/03/31/2RJUSYPX5RFTPAAUAFTPTVJ5RM,1년 전인 2023년 4분기(7.63%)보다도 4.07%포인트 높아졌다.,비율·증감률,비율·증감률; 날짜·시간,True,,이는 2015년 2분기(11.87%) 이후 9년 6개월 만에 가장 높은 수준이다.,여신전문금융사(카드사·캐피탈 등)에서 개인사업자대출 연체율(3.67%)도 2014년 2분기(3.69%) 이래 10년 6개월 만에 가장 높은 수준을 기록했다.,"[1, 2023, 4, 7.63, 4.07]","['년', '년', '분', '%', '%']",['2023'],[],주양육자의 만성질환 현재(최근 1년) 치료여부(tblId=DT_117074_2023_A006); 아동의 지난 1년 동안의 무단결석 및 가출경험(9-17세)(tblId=DT_117074_2023_A124); 최근 1년 동안 도움 경험(tblId=DT_154013_24AA002001); 최근 1년 동안 가구 월평균 소득(tblId=DT_154013_24AA002101); 최근 1년 동안 가구 월평균 생활비(tblId=DT_154013_24AA002102),,,판단불가,101,DT_1PB_1011,11,T10,Q,"[Claude 검토] 통계청 개인사업자 연체율 총괄 매칭, 2023년 4분기 비교 확인 가능",,
P0,주요 ID 4종이 채워져 있어 매핑 적합성 확인 후 API 검증 가능,1,0,0,C08977,1160,“돈 못 갚아요” 자영업자 저축은행 연체율 9년여 만에 최고치,2025-03-31,https://www.chosun.com/economy/economy_general/2025/03/31/2RJUSYPX5RFTPAAUAFTPTVJ5RM,여신전문금융사(카드사·캐피탈 등)에서 개인사업자대출 연체율(3.67%)도 2014년 2분기(3.69%) 이래 10년 6개월 만에 가장 높은 수준을 기록했다.,비율·증감률,비율·증감률; 건수·개수; 날짜·시간,True,,1년 전인 2023년 4분기(7.63%)보다도 4.07%포인트 높아졌다.,개인사업자의 보험사 연체율(1.46%) 역시 2019년 2분기(1.48%) 이후 5년 6개월 내 최고점이다.,"[3.67, 2014, 2, 3.69, 10, 6]","['%', '년', '분', '%', '년', '개']",['2014'],[],"인터넷의 폭력 경험(사이버 공간(게시판 댓글, 채팅 등)에서 따돌림을 당함)(2013)(tblId=DT_ES40201N_086); 결혼이민자/귀화자 등이 지난 1년 동안 공공기관(동사무소, 경찰서 등)에서 차별 받은 정도(tblId=DT_MOGE_1001301058); 결혼이민자·귀화자 등의 공공기관(동사무소, 경찰서 등)에서 차별받은 정도(tblId=DT_117079_12BB002029); 사이버 비행행동을 가한 경험(온라인(인터넷, 카카오톡, SNS 등)에서 따돌리거나 괴롭히기)(tblId=DT_402002_2023U003); 사이버 비행행동을 가한 시기(사이버 공간(인터넷, 카카오톡, SNS 등)에서 따돌리거나 괴롭히기)(중복응답)(tblId=DT_402002_2023U009)",,,판단불가,101,DT_1PB_1011,11,T10,Q,"[Claude 검토] 통계청 개인사업자 연체율 총괄 매칭, 여신전문금융업권 세부 확인 필요",,
P0,주요 ID 4종이 채워져 있어 매핑 적합성 확인 후 API 검증 가능,1,0,0,C08978,1160,“돈 못 갚아요” 자영업자 저축은행 연체율 9년여 만에 최고치,2025-03-31,https://www.chosun.com/economy/economy_general/2025/03/31/2RJUSYPX5RFTPAAUAFTPTVJ5RM,개인사업자의 보험사 연체율(1.46%) 역시 2019년 2분기(1.48%) 이후 5년 6개월 내 최고점이다.,비율·증감률,비율·증감률; 건수·개수; 날짜·시간,True,,여신전문금융사(카드사·캐피탈 등)에서 개인사업자대출 연체율(3.67%)도 2014년 2분기(3.69%) 이래 10년 6개월 만에 가장 높은 수준을 기록했다.,자영업 대출자 10명 가운데 6명은 3곳 이상에서 대출받아 더 이상 돌려막기조차 힘든 다중채무자로 잡힌다.,"[1.46, 2019, 2, 1.48, 5, 6]","['%', '년', '분', '%', '년', '개']",['2019'],[],개인사업자의 연체율 총괄(tblId=DT_1PB_1011); 개인사업자의 성별 대출 연체율(tblId=DT_1PB_1012); 개인사업자의 연령별 대출 연체율(tblId=DT_1PB_1013); 개인사업자의 산업분류별 대출 연체율(tblId=DT_1PB_1014); 개인사업자의 매출액별 대출 연체율(tblId=DT_1PB_1015),,,판단불가,101,DT_1PB_1011,11,T10,Q,"[Claude 검토] 통계청 개인사업자 연체율 총괄 매칭, 보험업권 세부 확인 필요",,
P0,주요 ID 4종이 채워져 있어 매핑 적합성 확인 후 API 검증 가능,1,0,0,C09024,1164,생산·소비·투자 2달 만에 ‘트리플 증가’...설 연휴로 연초 경기 등락 커,2025-03-31,https://www.chosun.com/economy/economy_general/2025/03/31/7OFBJ6XSYZAL3MWER6FBINVWN4,"다만 건설 수주액은 전년 동월 대비 6.9% 감소해, 향후 건설업 경기에 대한 우려도 남겼다.",비율·증감률,비율·증감률,True,경기,직전 달인 1월 15.7% 감소했던 것에서 한 달 만에 크게 반등한 것이다.,"생산과 소비, 투자 세 축이 트리플 증가를 보이면서, 현재 경기 상황과 향후 경기에 대한 진단도 나란히 증가세를 보였다.",[6.9],['%'],[],['경기'],"현 거주지별/성별/통근통학지별 통근통학 인구(서울, 인천, 경기)(12세 이상)-시군구(tblId=DT_1PA2005); 현 거주지별/성별/통근통학지별 통근통학 인구(서울, 인천, 경기)(12세 이상)-시군구(tblId=DT_1PA1505); 현 거주지, 성 및 통근통학지별 통근통학 인구(서울, 인천, 경기)(12세 이상)-시군구(tblId=DT_1PA1006); 성/현거주지/통근통학지별 통근·통학 인구(서울,인천,경기-시군구)(tblId=DT_1T05131); 성/현거주지/통근학지별 통근·통학인구(서울,인천,경기)(12세(tblId=DT_1TOOO09)",,,판단불가,101,DT_1G1B045,0,T10,M,"[Claude 검토] 건설경기동향조사(건설수주액, 계절조정) 매치.",,
P0,주요 ID 4종이 채워져 있어 매핑 적합성 확인 후 API 검증 가능,1,0,0,C19472,2562,"美 뉴욕 증시, 호실적과 양호한 경제지표에 상승세",2025-07-17,https://www.chosun.com/economy/money/2025/07/17/AMKB6DJNZ3P6EVACEPCWXPXPWM,6월 수입물가는 전월 대비 0.1% 오르며 시장 예상치 0.3% 상승을 밑돌았다.,무역지표,무역지표; 비율·증감률; 날짜·시간,True,,"이는 시장 전망치(0.1% 증가)를 웃도는 수치로, 소비 심리 회복세를 시사한다.",업종별로는 대부분이 상승하고 있다.,"[6, 0.1, 0.3]","['월', '%', '%']",[],[],,,,판단불가,301,DT_401Y015,13102134643ACC_CD.*AA,13103134643999,M,[Claude 검토] 수출입물가조사(수입물가지수) 매치. | 분류축이 2개라 obj_l2 이상 추가 필요할 수 있음: 통화계약구분코드별,,
P0,주요 ID 4종이 채워져 있어 매핑 적합성 확인 후 API 검증 가능,1,0,2,C00231,23,정부 “올해 경제성장률 1.8%”… 한은 전망보다 더 낮췄다,2025-01-02,https://www.chosun.com/economy/economy_general/2025/01/02/FWT5PD42TZED7JTIXYCIECCFRE,설비투자도 작년 10월(-5.9%)·11월(-1.6%) 등 2달 연속 감소했다.,비율·증감률,비율·증감률; 날짜·시간,True,,"지난달 30일 발표된 통계청의 ‘11월 산업활동동향’에 따르면, 생산은 작년 9월(-0.4%)·10월(-0.2%)·11월(-0.4%) 등 3개월 연속으로 전월 대비 감소했다.",특히 건축·토목 공사 실적을 뜻하는 건설기성은 작년 11월 0.2% 감소해 5월(-4.6%)부터 7개월 연속 마이너스 행진을 이어갔다.,"[10, 5.9, 11, 1.6]","['월', '%', '월', '%']",[],[],"작년 임금 근로활동 여부(tblId=DT_KWMP_2020136); 작년 월 평균 임금(세전, 인센티브 제외)(tblId=DT_KWMP_2020006); 작년 연간 평균 인센티브(세전)(tblId=DT_KWMP_2020007); 작년 매출액(tblId=DT_111014_A071); 작년 대비 지역 내 불법체류 외국인 고용 규모 변화(tblId=DT_111014_B099)",,,판단불가,101,DT_1F70011,C,T5,M,"[Claude 검토] 산업활동동향 설비투자지수 후보로 판단, org_id/tbl_id 채움 | itm_id 수동 선택 필요(후보 2개 -> itm_id_candidates 컬럼 참고)",,T3:원지수; T5:계절조정지수
P0,주요 ID 4종이 채워져 있어 매핑 적합성 확인 후 API 검증 가능,1,0,2,C03202,406,"설연휴 영향에 1월 수출, 16개월만에 마이너스...반도체는 건재",2025-02-01,https://www.chosun.com/economy/industry-company/2025/02/01/EJLSTEFHI5DIBDJ2EDKHVA5SYQ,다만 주요 시장으로의 일평균 수출은 중동을 제외한 8개 지역에서 플러스를 기록했다.,무역지표,무역지표; 건수·개수,True,,대미국 수출도 주요 수출 품목인 자동차·일반기계 수출이 줄면서 9.4% 감소한 93억 달러를 기록하는 등 전반적으로 감소세를 보였다.,"안덕근 산업부 장관은 “1월에는 장기 설 연휴로 인해 조업 일수가 감소하면서, 수출이 일시적으로 둔화됐다”며 “일평균 수출이 플러스 성장을 기록한 만큼 수출 모멘텀은 여전히 살아있다”고 했다.",[8],['개'],[],[],"품목별 수출액, 수입액(tblId=DT_1R11001_FRM101); 국가별 수출액, 수입액(tblId=DT_1R11006_FRM101)",,,판단불가,360,DT_1R11006_FRM101,13102103829E.00,13103103829T1,M,"[Claude 검토] 관세청 SITC 국가(지역)별 수출입 통계(월별) 매칭, 지역별 일평균 수출 증감 계산 필요 | itm_id 수동 선택 필요(후보 2개 -> itm_id_candidates 컬럼 참고)",,13103103829T1:수출액; 13103103829T2:수입액
P0,주요 ID 4종이 채워져 있어 매핑 적합성 확인 후 API 검증 가능,1,0,2,C04077,515,"원전, 18년 만에 석탄 꺾었다… 발전 비중 32.5%로 15년 만에 최고",2025-02-09,https://www.chosun.com/economy/industry-company/2025/02/09/ZYVH2YXIDBE7RJJTQO2LWJQMRY,"9일 전력거래소에 따르면 지난해 전력 거래량은 54만9387GWh(기가와트시)로, 이 중 32.5%인 17만8749GWh를 원자력으로 충당한 것으로 나타났다.",비율·증감률,비율·증감률; 날짜·시간,True,,지난해 신한울 2호기의 상업 가동을 시작하는 등 원전 이용률이 9년 만에 역대 최고를 기록하면서 원전이 국내 전력 생산에서 존재감을 다시 키우고 있다는 분석이 나온다.,"LNG(29.8%), 석탄(29.4%), 신재생(6.9%)이 뒤를 이었다.","[9, 32.5]","['일', '%']",[],[],지난해 어린이집 수 및 이용 아동수(tblId=TX_117_2013_H253); 용도별 전력 사용량(2001~2008)(tblId=TX_11001_A005); 전력 시설물 현황(tblId=DT_357001_LI005); 전철 전력 사용량 현황(tblId=DT_357001_MF00701); 일반 전력 사용량 현황(tblId=DT_357001_MF00702),,,판단불가,388,TX_38804_A005,15388AD000,16388AAW3,Y,"[Claude 검토] 전력거래량 중 원자력 비중(32.5%), 전력거래소 ""연료원별 전력거래량"" 표로 판단 | itm_id 수동 선택 필요(후보 2개 -> itm_id_candidates 컬럼 참고)",,16388AAW3:전력거래량; T001:전력거래량 비율
P0,주요 ID 4종이 채워져 있어 매핑 적합성 확인 후 API 검증 가능,1,0,2,C04078,515,"원전, 18년 만에 석탄 꺾었다… 발전 비중 32.5%로 15년 만에 최고",2025-02-09,https://www.chosun.com/economy/industry-company/2025/02/09/ZYVH2YXIDBE7RJJTQO2LWJQMRY,"LNG(29.8%), 석탄(29.4%), 신재생(6.9%)이 뒤를 이었다.",비율·증감률,비율·증감률,True,,"9일 전력거래소에 따르면 지난해 전력 거래량은 54만9387GWh(기가와트시)로, 이 중 32.5%인 17만8749GWh를 원자력으로 충당한 것으로 나타났다.",원자력 비중은 34.8%를 기록했던 지난 2009년 이후 15년 만에 가장 높은 수준이다.,"[29.8, 29.4, 6.9]","['%', '%', '%']",[],[],"9.8.29 100대 생활밀접업종 가동 사업자 현황Ⅱ(연령, 업종)(tblId=DT_133001_9829); 14.3.29 가구유형별 근로자 근로·자녀장려금 지급 현황 II(총급여액,지급규모)[2015~](tblId=DT_133N_14329A); 10-29-1. 기초자치단체별 부과징수 현황-동두천시(도세)(tblId=TX_11007_A313); 10-29-2. 기초자치단체별 부과징수 현황-동두천시(시세)(tblId=TX_11007_A317)",,,판단불가,388,TX_38804_A005,15388AD000,T001,Y,"[Claude 검토] LNG/석탄/신재생 발전비중(C04077 연결), 동일 표로 판단 | itm_id 수동 선택 필요(후보 2개 -> itm_id_candidates 컬럼 참고)",,16388AAW3:전력거래량; T001:전력거래량 비율
P0,주요 ID 4종이 채워져 있어 매핑 적합성 확인 후 API 검증 가능,1,0,2,C04079,515,"원전, 18년 만에 석탄 꺾었다… 발전 비중 32.5%로 15년 만에 최고",2025-02-09,https://www.chosun.com/economy/industry-company/2025/02/09/ZYVH2YXIDBE7RJJTQO2LWJQMRY,원자력 비중은 34.8%를 기록했던 지난 2009년 이후 15년 만에 가장 높은 수준이다.,비율·증감률,비율·증감률; 날짜·시간,True,,"LNG(29.8%), 석탄(29.4%), 신재생(6.9%)이 뒤를 이었다.",원자력이 석탄을 꺾고 ‘1위 발전원’이 된 것은 2006년 이후 18년 만이다.,"[34.8, 2009, 15]","['%', '년', '년']",['2009'],[],"임금체불 (지난 1년간, 15세 이상 인구)(tblId=DT_1SSLA100R); 신문 - 분야별 (지난 1개월간, 13세 이상 인구)(tblId=DT_1SSCL011R); 신문 (지난 1개월간, 13세 이상 인구)(tblId=DT_1SSCL010R); 책 형태별 독서 (지난 1년간, 복수응답, 13세 이상 인구)(tblId=DT_1SSCL021R); 평균 독서량 (지난 1년간, 복수응답, 13세 이상 인구)(tblId=DT_1SSCL022R)",,,판단불가,388,TX_38804_A005,15388AD000,T001,Y,"[Claude 검토] 원자력 비중 15년만 최고치(2009년 대비), 동일 표로 판단(장기 시계열) | itm_id 수동 선택 필요(후보 2개 -> itm_id_candidates 컬럼 참고)",,16388AAW3:전력거래량; T001:전력거래량 비율
P0,주요 ID 4종이 채워져 있어 매핑 적합성 확인 후 API 검증 가능,1,0,2,C04082,515,"원전, 18년 만에 석탄 꺾었다… 발전 비중 32.5%로 15년 만에 최고",2025-02-09,https://www.chosun.com/economy/industry-company/2025/02/09/ZYVH2YXIDBE7RJJTQO2LWJQMRY,"2009년 45.9%까지 늘어난 석탄 비중은 꾸준히 40%대를 유지해오다가, 44%를 기록한 2017년을 기점으로 꾸준히 비중이 줄기 시작했다.",비율·증감률,비율·증감률; 날짜·시간,True,,우리나라는 2007년부터 2023년까지 17년 동안 전력의 가장 많은 부분을 석탄에 의존해왔다.,석탄 비중이 본격적으로 줄어들기 시작한 2018년부터 빈자리는 LNG와 원자력 몫으로 채웠다.,"[2009, 45.9, 40, 44, 2017]","['년', '%', '%', '%', '년']","['2009', '2017']",[],"행정구역(시군구)별 농가수, 농가인구(tblId=DT_1E10B01); 전겸업별 농가수(tblId=DT_1E10B02); 경지규모별 농가수(tblId=DT_1E10B03); 논경영규모별 농가수(tblId=DT_1E10B04); 밭경영규모별 농가수(tblId=DT_1E10B05)",,,판단불가,388,TX_38804_A005,15388AD000,T001,Y,"[Claude 검토] 석탄 비중 추이(2009~2017), 동일 표로 판단 | itm_id 수동 선택 필요(후보 2개 -> itm_id_candidates 컬럼 참고)",,16388AAW3:전력거래량; T001:전력거래량 비율
P0,주요 ID 4종이 채워져 있어 매핑 적합성 확인 후 API 검증 가능,1,0,2,C04084,515,"원전, 18년 만에 석탄 꺾었다… 발전 비중 32.5%로 15년 만에 최고",2025-02-09,https://www.chosun.com/economy/industry-company/2025/02/09/ZYVH2YXIDBE7RJJTQO2LWJQMRY,10~20%대에 머물던 LNG 발전 비중은 30%에 육박할 만큼 몸집을 키웠다.,비율·증감률,비율·증감률,True,,석탄 비중이 본격적으로 줄어들기 시작한 2018년부터 빈자리는 LNG와 원자력 몫으로 채웠다.,"2000년대 중반까지만 해도 40%대를 유지하며 주력 에너지원으로 자리매김했던 원전은, 문재인 정부 시절 탈원전 기간인 2018년 당시 23.7%까지 비중을 줄였다.","[20, 30]","['%', '%']",[],[],10-20-1. 기초자치단체별 부과징수 현황-포천시(도세)(tblId=TX_11007_A295); 10-20-2. 기초자치단체별 부과징수 현황-포천시(시세)(tblId=TX_11007_A296); 10-30-1. 기초자치단체별 부과징수 현황-과천시(도세)(tblId=TX_11007_A314); 10-30-2. 기초자치단체별 부과징수 현황-과천시(시세)(tblId=TX_11007_A318); 차별해 본 경험_10) 다문화 가정이라는 이유로 차별한 적이 있다(2016)(tblId=DT_ES2016_045_10),,,판단불가,388,TX_38804_A005,15388AD000,T001,Y,"[Claude 검토] LNG 발전비중 추이, 동일 표로 판단 | itm_id 수동 선택 필요(후보 2개 -> itm_id_candidates 컬럼 참고)",,16388AAW3:전력거래량; T001:전력거래량 비율
P0,주요 ID 4종이 채워져 있어 매핑 적합성 확인 후 API 검증 가능,1,0,2,C04085,515,"원전, 18년 만에 석탄 꺾었다… 발전 비중 32.5%로 15년 만에 최고",2025-02-09,https://www.chosun.com/economy/industry-company/2025/02/09/ZYVH2YXIDBE7RJJTQO2LWJQMRY,"2000년대 중반까지만 해도 40%대를 유지하며 주력 에너지원으로 자리매김했던 원전은, 문재인 정부 시절 탈원전 기간인 2018년 당시 23.7%까지 비중을 줄였다.",비율·증감률,비율·증감률; 날짜·시간,True,,10~20%대에 머물던 LNG 발전 비중은 30%에 육박할 만큼 몸집을 키웠다.,"이후 꾸준히 상승세를 보이며 2022년부터는 다시 30%대에 진입, 지난해 32.5%로 15년 만에 최고 기록을 갈아치운 것이다.","[2000, 40, 2018, 23.7]","['년', '%', '년', '%']","['2000', '2018']",[],부모님(보호자)은 내가 식사를 못 해도 모른다(2013)(tblId=DT_ES40201N_065); 성에 대한 인식_성인과 성매매(원조교제)를 해도 무방하다(tblId=DT_MOGE_1540002440); 성과 관련된 태도_성인과 성매매(원조교제)를 해도 무방하다(2011)(tblId=DT_MOGE_1540002218); 성과 관련된 태도_성인과 성매매(원조교제)를 해도 무방하다(2008)(tblId=DT_MOGE_1540000499); 성과 관련된 태도_성인과 성매매(원조교제)를 해도 무방하다(2008)(tblId=DT_MOGE_1540000501),,,판단불가,388,TX_38804_A005,15388AD000,T001,Y,"[Claude 검토] 원전 비중 추이(2000년대~탈원전 기간), 동일 표로 판단 | itm_id 수동 선택 필요(후보 2개 -> itm_id_candidates 컬럼 참고)",,16388AAW3:전력거래량; T001:전력거래량 비율
P0,주요 ID 4종이 채워져 있어 매핑 적합성 확인 후 API 검증 가능,1,0,2,C04086,515,"원전, 18년 만에 석탄 꺾었다… 발전 비중 32.5%로 15년 만에 최고",2025-02-09,https://www.chosun.com/economy/industry-company/2025/02/09/ZYVH2YXIDBE7RJJTQO2LWJQMRY,"이후 꾸준히 상승세를 보이며 2022년부터는 다시 30%대에 진입, 지난해 32.5%로 15년 만에 최고 기록을 갈아치운 것이다.",비율·증감률,비율·증감률; 날짜·시간,True,,"2000년대 중반까지만 해도 40%대를 유지하며 주력 에너지원으로 자리매김했던 원전은, 문재인 정부 시절 탈원전 기간인 2018년 당시 23.7%까지 비중을 줄였다.",이같이 원전이 지난해 가장 높은 비중을 차지하게 된 데는 원전 생태계가 다시 회복되기 시작한 영향이 컸다.,"[2022, 30, 32.5, 15]","['년', '%', '%', '년']",['2022'],[],"부모 생존 및 동거여부(가구주)(tblId=DT_1SSFA011R); 부모 생존 및 동거여부(배우자)(tblId=DT_1SSFA012R); 부모 생존 및 동거여부 (가구주, 배우자)(tblId=DT_1SSFA015R); 부모 생존, 동거 여부 및 부모의 동거자(가구주)(tblId=DT_1SSFA013R); 부모 생존, 동거 여부 및 부모의 동거자(배우자)(tblId=DT_1SSFA014R)",,,판단불가,388,TX_38804_A005,15388AD000,T001,Y,"[Claude 검토] 원자력 비중 상승세(2022년 이후), 동일 표로 판단 | itm_id 수동 선택 필요(후보 2개 -> itm_id_candidates 컬럼 참고)",,16388AAW3:전력거래량; T001:전력거래량 비율
P0,주요 ID 4종이 채워져 있어 매핑 적합성 확인 후 API 검증 가능,1,0,2,C04198,532,"원전, 석탄 꺾고 18년 만에 ‘발전 비율’ 1위",2025-02-10,https://www.chosun.com/economy/industry-company/2025/02/10/OLLECY4REVCNDFJXMKUAYNUNVU,6 지난해 국내 전력 거래에서 원전이 차지하는 비율이 15년 만에 가장 높은 32.5%를 나타냈다.,비율·증감률,비율·증감률; 날짜·시간,True,,,우리 국민이 100의 전기를 썼다면 그중 32.5가 원전이 만든 전기였다는 의미다.,"[15, 32.5]","['년', '%']",[],[],[디자인교육기관-교수]취업률이 가장 높은 국내 디자인 분야(2007)(tblId=TX_115_2009_H7053); [디자인교육기관-교수]취업률이 가장 높은 국내 디자인 분야-제품디자인(2007)(tblId=TX_115_2009_H7054); [디자인교육기관-교수]취업률이 가장 높은 국내 디자인 분야-시각디자인(2007)(tblId=TX_115_2009_H7055); [디자인교육기관-교수]취업률이 가장 높은 국내 디자인 분야-환경(인테리어)디자인(2007)(tblId=TX_115_2009_H7056); [디자인교육기관-교수]취업률이 가장 높은 국내 디자인 분야-섬유디자인(2007)(tblId=TX_115_2009_H7057),,,판단불가,388,TX_38804_A005,15388AD000,T001,Y,"[Claude 검토] 전력거래 중 원전 비율 15년만 최고(32.5%), 전력거래소 연료원별 전력거래량 표로 판단 | itm_id 수동 선택 필요(후보 2개 -> itm_id_candidates 컬럼 참고)",,16388AAW3:전력거래량; T001:전력거래량 비율
P0,주요 ID 4종이 채워져 있어 매핑 적합성 확인 후 API 검증 가능,1,0,2,C04201,532,"원전, 석탄 꺾고 18년 만에 ‘발전 비율’ 1위",2025-02-10,https://www.chosun.com/economy/industry-company/2025/02/10/OLLECY4REVCNDFJXMKUAYNUNVU,"9일 전력거래소 전력통계정보시스템에 따르면 지난해 원전 전력 거래량은 17만8749GWh(기가와트시)로, 전체 전력 거래(54만9387GWh)의 32.5%를 차지한 것으로 나타났다.",비율·증감률,비율·증감률; 날짜·시간,True,,탈석탄 흐름에 따라 석탄 발전은 2021년 이후 꾸준히 축소되고 있다.,"LNG(29.8%), 석탄(29.4%), 신재생(6.9%)이 그 뒤를 이었다.","[9, 32.5]","['일', '%']",[],[],지난해 어린이집 수 및 이용 아동수(tblId=TX_117_2013_H253); 용도별 전력 사용량(2001~2008)(tblId=TX_11001_A005); 전력 시설물 현황(tblId=DT_357001_LI005); 전철 전력 사용량 현황(tblId=DT_357001_MF00701); 일반 전력 사용량 현황(tblId=DT_357001_MF00702),,,판단불가,388,TX_38804_A005,15388AD000,16388AAW3,Y,"[Claude 검토] 원전 전력거래량 및 전체 대비 비중, 동일 표로 판단 | itm_id 수동 선택 필요(후보 2개 -> itm_id_candidates 컬럼 참고)",,16388AAW3:전력거래량; T001:전력거래량 비율
P0,주요 ID 4종이 채워져 있어 매핑 적합성 확인 후 API 검증 가능,1,0,2,C04202,532,"원전, 석탄 꺾고 18년 만에 ‘발전 비율’ 1위",2025-02-10,https://www.chosun.com/economy/industry-company/2025/02/10/OLLECY4REVCNDFJXMKUAYNUNVU,"LNG(29.8%), 석탄(29.4%), 신재생(6.9%)이 그 뒤를 이었다.",비율·증감률,비율·증감률,True,,"9일 전력거래소 전력통계정보시스템에 따르면 지난해 원전 전력 거래량은 17만8749GWh(기가와트시)로, 전체 전력 거래(54만9387GWh)의 32.5%를 차지한 것으로 나타났다.","원전 비율은 문재인 정부 시절 탈원전 정책으로 2018년에는 23.7%까지 줄었지만, 이후 계속 회복세를 보이며 2009년(34.8%) 이후 최고 수준까지 돌아왔다.","[29.8, 29.4, 6.9]","['%', '%', '%']",[],[],"9.8.29 100대 생활밀접업종 가동 사업자 현황Ⅱ(연령, 업종)(tblId=DT_133001_9829); 14.3.29 가구유형별 근로자 근로·자녀장려금 지급 현황 II(총급여액,지급규모)[2015~](tblId=DT_133N_14329A); 10-29-1. 기초자치단체별 부과징수 현황-동두천시(도세)(tblId=TX_11007_A313); 10-29-2. 기초자치단체별 부과징수 현황-동두천시(시세)(tblId=TX_11007_A317)",,,판단불가,388,TX_38804_A005,15388AD000,T001,Y,"[Claude 검토] LNG/석탄/신재생 비중(C04201 연결), 동일 표로 판단 | itm_id 수동 선택 필요(후보 2개 -> itm_id_candidates 컬럼 참고)",,16388AAW3:전력거래량; T001:전력거래량 비율
P0,주요 ID 4종이 채워져 있어 매핑 적합성 확인 후 API 검증 가능,1,0,2,C04203,532,"원전, 석탄 꺾고 18년 만에 ‘발전 비율’ 1위",2025-02-10,https://www.chosun.com/economy/industry-company/2025/02/10/OLLECY4REVCNDFJXMKUAYNUNVU,"원전 비율은 문재인 정부 시절 탈원전 정책으로 2018년에는 23.7%까지 줄었지만, 이후 계속 회복세를 보이며 2009년(34.8%) 이후 최고 수준까지 돌아왔다.",비율·증감률,비율·증감률; 날짜·시간,True,,"LNG(29.8%), 석탄(29.4%), 신재생(6.9%)이 그 뒤를 이었다.",전력 거래량은 한전이 발전 자회사와 민간 발전 업체 등에서 사들이는 전력량을 말한다.,"[2018, 23.7, 2009, 34.8]","['년', '%', '년', '%']","['2018', '2009']",[],다문화가족의 정부 지원 수혜율(tblId=DT_117079_12AA001005); 구직자의 정부 비용 부담 직업 능력 개발 훈련 참여 경험(tblId=DT_154021_22AA003300); 개인정보보호를 위해 우선적으로 필요한 정부 정책 (복수응답)(tblId=DT_179001_2024A064); 개인정보보호를 위해 우선적으로 필요한 정부 정책 (복수응답)(tblId=DT_179001_2024B071); 개인정보보호를 위해 우선되어야 할 정부 정책 (1순위)(tblId=DT_179001_2024C043),,,판단불가,388,TX_38804_A005,15388AD000,T001,Y,"[Claude 검토] 원전 비율 추이(탈원전~회복), 동일 표로 판단(장기 시계열) | itm_id 수동 선택 필요(후보 2개 -> itm_id_candidates 컬럼 참고)",,16388AAW3:전력거래량; T001:전력거래량 비율
P0,주요 ID 4종이 채워져 있어 매핑 적합성 확인 후 API 검증 가능,1,0,2,C04205,532,"원전, 석탄 꺾고 18년 만에 ‘발전 비율’ 1위",2025-02-10,https://www.chosun.com/economy/industry-company/2025/02/10/OLLECY4REVCNDFJXMKUAYNUNVU,우리나라는 2007년부터 2023년까지 전력의 가장 많은 부분인 40% 안팎을 석탄에 의존해왔다.,비율·증감률,비율·증감률; 날짜·시간,True,,원전이 석탄을 제치고 ‘1위 발전원’이 된 것은 18년 만이다.,"당시 석탄의 가격 경쟁력이 압도적으로 높았고, 2011년 후쿠시마 사고를 겪으며 원전 가동률이 다소 줄면서 석탄의 비율은 45%를 웃돌기까지 했다.","[2007, 2023, 40]","['년', '년', '%']","['2007', '2023']",[],올해 인력 고용이 가장 많은 품목(1+2순위)(tblId=DT_111014_C016); 올해 인력 고용이 가장 많은 품목(1순위)(tblId=DT_111014_C017); 작년 인력 고용이 가장 많은 품목(1+2순위)(tblId=DT_111014_C036); 작년 인력 고용이 가장 많은 품목(1순위)(tblId=DT_111014_C037); [전문디자인업체]매출액 중 가장 많은 부분을 차지하는 의뢰업체(2007)(tblId=TX_115_2009_H9046),,,판단불가,388,TX_38804_A005,15388AD000,T001,Y,"[Claude 검토] 석탄 의존 비율(2007~2023), 동일 표로 판단 | itm_id 수동 선택 필요(후보 2개 -> itm_id_candidates 컬럼 참고)",,16388AAW3:전력거래량; T001:전력거래량 비율
P0,주요 ID 4종이 채워져 있어 매핑 적합성 확인 후 API 검증 가능,1,0,2,C04206,532,"원전, 석탄 꺾고 18년 만에 ‘발전 비율’ 1위",2025-02-10,https://www.chosun.com/economy/industry-company/2025/02/10/OLLECY4REVCNDFJXMKUAYNUNVU,"당시 석탄의 가격 경쟁력이 압도적으로 높았고, 2011년 후쿠시마 사고를 겪으며 원전 가동률이 다소 줄면서 석탄의 비율은 45%를 웃돌기까지 했다.",비율·증감률,비율·증감률; 날짜·시간,True,,우리나라는 2007년부터 2023년까지 전력의 가장 많은 부분인 40% 안팎을 석탄에 의존해왔다.,"그러나 최근 탈탄소 흐름이 강해지며 석탄의 비율은 2017년(44%)을 기점으로 계속 줄었고, 지난해에는 30% 선까지 무너졌다.","[2011, 45]","['년', '%']",['2011'],[],"잃어버린 당시 연령 및 아이를 찾은 경로(tblId=DT_117074_2023_A131); 잃어버린 당시 연령 및 아이를 찾은 경로(tblId=DT_117074_2018_A125); 잃어버릴 당시 연령(tblId=TX_117_2013_H209); 자살시도 당시 음주여부(tblId=DT_117094N_607N); 별거 이유 및 남편과의 미성년 자녀 유무, 별거 당시 상담 여부(tblId=DT_338001_2022107)",,,판단불가,388,TX_38804_A005,15388AD000,T001,Y,"[Claude 검토] 석탄 비율 역사적 추이(2011 후쿠시마 전후), 동일 표로 판단 | itm_id 수동 선택 필요(후보 2개 -> itm_id_candidates 컬럼 참고)",,16388AAW3:전력거래량; T001:전력거래량 비율
P0,주요 ID 4종이 채워져 있어 매핑 적합성 확인 후 API 검증 가능,1,0,2,C04207,532,"원전, 석탄 꺾고 18년 만에 ‘발전 비율’ 1위",2025-02-10,https://www.chosun.com/economy/industry-company/2025/02/10/OLLECY4REVCNDFJXMKUAYNUNVU,"그러나 최근 탈탄소 흐름이 강해지며 석탄의 비율은 2017년(44%)을 기점으로 계속 줄었고, 지난해에는 30% 선까지 무너졌다.",비율·증감률,비율·증감률; 날짜·시간,True,,"당시 석탄의 가격 경쟁력이 압도적으로 높았고, 2011년 후쿠시마 사고를 겪으며 원전 가동률이 다소 줄면서 석탄의 비율은 45%를 웃돌기까지 했다.",줄어든 석탄의 빈자리는 원전과 LNG가 채웠다.,"[2017, 44, 30]","['년', '%', '%']",['2017'],[],학업중단 시기(가장 최근 기준)(tblId=DT_MOGE_3020300577); 국제결혼중개업체의 최근 3년간 성혼 건수(tblId=DT_MOGE_3033900596); 최근 1년간 성혼에 성공한 국가 수(tblId=DT_MOGE_3033900611); 최근 1년간 맞선 주선한 나라(tblId=DT_MOGE_3033900612); 최근 1년간 가출 경험(2013)(tblId=DT_ES40201N_067),,,판단불가,388,TX_38804_A005,15388AD000,T001,Y,"[Claude 검토] 석탄 비율 감소 추이(2017년 이후), 동일 표로 판단 | itm_id 수동 선택 필요(후보 2개 -> itm_id_candidates 컬럼 참고)",,16388AAW3:전력거래량; T001:전력거래량 비율
P0,주요 ID 4종이 채워져 있어 매핑 적합성 확인 후 API 검증 가능,1,0,2,C04208,532,"원전, 석탄 꺾고 18년 만에 ‘발전 비율’ 1위",2025-02-10,https://www.chosun.com/economy/industry-company/2025/02/10/OLLECY4REVCNDFJXMKUAYNUNVU,2010년대 20% 초반에 머무르던 LNG 비율도 지난해 약 30%까지 높아졌다.,비율·증감률,비율·증감률; 날짜·시간,True,,줄어든 석탄의 빈자리는 원전과 LNG가 채웠다.,원전의 비율이 15년 만에 최고를 기록한 데는 원전 가동률이 높아진 영향이 컸던 것으로 풀이된다.,"[2010, 20, 30]","['년', '%', '%']",['2010'],[],"성, 연령 및 교육정도, 교육상태별 인구(6세이상, 내국인)-시군구(tblId=DT_1PM2001); 연령별/성별/혼인상태별 인구(15세이상,내국인)-시군구(tblId=DT_1PM2002); 성, 연령, 혼인상태 및 교육정도별 인구(15세 이상, 내국인)-시군구(tblId=DT_1PM2003); 가구주와의 관계별/성별/혼인상태별 인구(일반가구)-시군구(tblId=DT_1PM2004); 성별/연령별/혼인상태별/세대구성별 인구(일반가구)-시군구(tblId=DT_1PM2005)",,,판단불가,388,TX_38804_A005,15388AD000,T001,Y,"[Claude 검토] LNG 비율 추이(2010년대~), 동일 표로 판단 | itm_id 수동 선택 필요(후보 2개 -> itm_id_candidates 컬럼 참고)",,16388AAW3:전력거래량; T001:전력거래량 비율
P0,주요 ID 4종이 채워져 있어 매핑 적합성 확인 후 API 검증 가능,1,0,2,C05367,684,손자에게 3억5000만원 물려줄 때 세금...5000만원vs3600만원,2025-02-22,https://www.chosun.com/economy/money/2025/02/22/4KGH74XCDREJ5CBXAA5HSZTOLU,건당 증여금액은 평균 1억4100만원으로 부모 등의 일반 증여 평균 금액(9000만원)보다 60% 가까이 높았다.,비율·증감률,비율·증감률; 금액,True,,최기상 민주당 의원이 국세청에서 받은 자료에 따르면 지난 5년간(2019~2023년) 세대생략증여 금액은 3조8135억원에 달했다.,특히 세대생략증여의 67.1%가 만 12세 이하 초등학생이었다.,"[4100, 9000, 60]","['만원', '만원', '%']",[],[],의료서비스 이용 건당 평균 본인부담의료비(tblId=DT_920012N_2015); 건당 평균 입원일수(tblId=DT_920012N_1037); 외래서비스 이용 건당 평균 본인부담의료비(tblId=DT_920012N_2018); 결혼이민자/귀화자 등의 부부간 하루 평균 대화 시간(tblId=DT_MOGE_1001300828); 결혼이민자/귀화자 등의 한국어 능력 평균(tblId=DT_MOGE_1001300855),,,판단불가,133,DT_133N_A6341,A001,D002,Y,"[Claude 검토] 국세청 국세통계(수증인과 증여인의 관계별 증여세 신고현황) 매칭, 건당 평균 증여금액 계산 가능 | 분류축이 2개라 obj_l2 이상 추가 필요할 수 있음: 가족관계별 / itm_id 수동 선택 필요(후보 2개 -> itm_id_candidates 컬럼 참고) | 건당 금액 계산엔 건수(D001)도 별도 필요",,D001:건수; D002:증여재산가액 등
P0,주요 ID 4종이 채워져 있어 매핑 적합성 확인 후 API 검증 가능,1,0,2,C05368,684,손자에게 3억5000만원 물려줄 때 세금...5000만원vs3600만원,2025-02-22,https://www.chosun.com/economy/money/2025/02/22/4KGH74XCDREJ5CBXAA5HSZTOLU,특히 세대생략증여의 67.1%가 만 12세 이하 초등학생이었다.,비율·증감률,비율·증감률,True,,건당 증여금액은 평균 1억4100만원으로 부모 등의 일반 증여 평균 금액(9000만원)보다 60% 가까이 높았다.,미취학 손주가 조부모에게 받은 돈은 이 기간 1조원이 넘었다.,[67.1],['%'],[],[],연령 및 보육상태별 아동인구(12세 이하)-시도(tblId=DT_1PF1014); 아동인원수 및 보육상태별 아동인구(12세 이하)-시도(tblId=DT_1PF1015); 세대구성 및 보육상태별 아동인구(12세 이하)-시도(tblId=DT_1PF1016); 가구주의 경제활동상태 및 보육상태별 아동인구(12세 이하)-시도(tblId=DT_1PF1017); 가구주의 종사상 지위 및 보육상태별 아동인구(12세 이하)-시도(tblId=DT_1PF1018),,,판단불가,133,DT_133N_A6341,A001,D001,Y,"[Claude 검토] 국세청 국세통계(수증인과 증여인의 관계별 증여세 신고현황) 매칭, 세대생략증여 연령대별 비중 확인 필요 | 분류축이 2개라 obj_l2 이상 추가 필요할 수 있음: 가족관계별 / itm_id 수동 선택 필요(후보 2개 -> itm_id_candidates 컬럼 참고)",,D001:건수; D002:증여재산가액 등
P0,주요 ID 4종이 채워져 있어 매핑 적합성 확인 후 API 검증 가능,1,0,2,C06505,816,1월 생산 2.7%↓ 소비 0.6%↓ 투자 14.2%↓ ‘트리플 감소’,2025-03-04,https://www.chosun.com/economy/economy_general/2025/03/04/FU65MUD47VCAFLZSKULBHJ3HDY,1월 설비투자는 전달 대비 14.2% 감소했다.,비율·증감률,비율·증감률; 날짜·시간,True,,소매판매는 작년 10월과 11월 0.7%씩 감소했다가 같은 해 12월(0.2%) 소폭 늘어난 뒤 다시 줄었다.,"반도체 제조용 기계 등 기계류(-12.6%), 기타운송장비 등 운송장비(-17.5%)에서 모두 투자가 줄어든 영향이 컸다.","[1, 14.2]","['월', '%']",[],[],종사자의 국제결혼중개업자 대상 교육 여부 : 2020년 1월 1일 ~ 12월 31일(tblId=DT_154017_24CC002000); 종사자의 국제결혼중개업자 대상 교육 여부 : 2021년 1월 1일 ~ 12월 31일(tblId=DT_154017_24CC002100); 종사자의 국제결혼중개업자 대상 교육 여부 : 2022년 1월 1일 ~ 12월 31일(tblId=DT_154017_24CC002200); 성별 구직단념자(2014.1월~현재)(tblId=DT_1DA7156AS); 행정구역(시도)/산업별(제조업 중분류) 고용(2021년 1월 이후)(tblId=DT_118N_MONC56),,,판단불가,101,DT_1F70011,C,T5,M,"[Claude 검토] 통계청 설비투자지수(월별) 매칭, 1월 전월대비 증감률(14.2%) 확인 가능 | itm_id 수동 선택 필요(후보 2개 -> itm_id_candidates 컬럼 참고)",,T3:원지수; T5:계절조정지수
P0,주요 ID 4종이 채워져 있어 매핑 적합성 확인 후 API 검증 가능,1,0,2,C06506,816,1월 생산 2.7%↓ 소비 0.6%↓ 투자 14.2%↓ ‘트리플 감소’,2025-03-04,https://www.chosun.com/economy/economy_general/2025/03/04/FU65MUD47VCAFLZSKULBHJ3HDY,"반도체 제조용 기계 등 기계류(-12.6%), 기타운송장비 등 운송장비(-17.5%)에서 모두 투자가 줄어든 영향이 컸다.",비율·증감률,비율·증감률,True,,1월 설비투자는 전달 대비 14.2% 감소했다.,공사 실적을 뜻하는 건설기성은 전달보다 4.3% 감소했다.,"[12.6, 17.5]","['%', '%']",[],[],"17-12-1. 기초자치단체별 부과징수 현황-의령군(도세)(tblId=TX_11007_A569); 17-12-2. 기초자치단체별 부과징수 현황-의령군(군세)(tblId=TX_11007_A589); 방문취업(H-2), 재외동포(F-4) 모두 취업한 경험과 방문취업(H-2)에서 재외동포(F-4)로 체류자격 변경 후 담당업무 및 임금 또는 보수 변동(방문취업(H-2), 재외동포(F-4) 한국계외국인)(tblId=DT_2FR016R); 반도체 항목별 EBSI 전망(tblId=DT_36005_A017); 반도체 배치설계권 설정등록(tblId=TX_13801_A066)",,,판단불가,101,DT_1F70011,C,T5,M,"[Claude 검토] 통계청 설비투자지수(월별) 매칭, 기계류/운송장비 세부 항목 확인 필요 | itm_id 수동 선택 필요(후보 2개 -> itm_id_candidates 컬럼 참고)",,T3:원지수; T5:계절조정지수
P0,주요 ID 4종이 채워져 있어 매핑 적합성 확인 후 API 검증 가능,1,0,2,C06571,828,"생산도, 소비도, 투자도… 1월 경제지표 모두 내렸다",2025-03-05,https://www.chosun.com/economy/economy_general/2025/03/05/LZV322K34BAJLPJWLMSSO3DZYQ,1월 설비투자도 전달보다 14.2% 감소했다.,비율·증감률,비율·증감률; 날짜·시간,True,,제조업이 전달보다 2.4% 줄어드는 등 광공업 생산이 2.3% 감소했다.,이는 2023년 1월(-13.4%) 이후 2년 만의 최대 감소 폭이다.,"[1, 14.2]","['월', '%']",[],[],종사자의 국제결혼중개업자 대상 교육 여부 : 2020년 1월 1일 ~ 12월 31일(tblId=DT_154017_24CC002000); 종사자의 국제결혼중개업자 대상 교육 여부 : 2021년 1월 1일 ~ 12월 31일(tblId=DT_154017_24CC002100); 종사자의 국제결혼중개업자 대상 교육 여부 : 2022년 1월 1일 ~ 12월 31일(tblId=DT_154017_24CC002200); 성별 구직단념자(2014.1월~현재)(tblId=DT_1DA7156AS); 행정구역(시도)/산업별(제조업 중분류) 고용(2021년 1월 이후)(tblId=DT_118N_MONC56),,,판단불가,101,DT_1F70011,C,T5,M,"[Claude 검토] 통계청 설비투자지수(월별) 매칭(C06505 중복), 1월 전달대비 증감률(14.2%) 확인 가능 | itm_id 수동 선택 필요(후보 2개 -> itm_id_candidates 컬럼 참고)",,T3:원지수; T5:계절조정지수
P0,주요 ID 4종이 채워져 있어 매핑 적합성 확인 후 API 검증 가능,1,0,2,C06572,828,"생산도, 소비도, 투자도… 1월 경제지표 모두 내렸다",2025-03-05,https://www.chosun.com/economy/economy_general/2025/03/05/LZV322K34BAJLPJWLMSSO3DZYQ,이는 2023년 1월(-13.4%) 이후 2년 만의 최대 감소 폭이다.,비율·증감률,비율·증감률; 날짜·시간,True,,1월 설비투자도 전달보다 14.2% 감소했다.,반도체 제조용 기계 등 기계류(-12.6%)와 운송 장비(-17.5%)에서 투자가 줄어든 영향이 컸다.,"[2023, 1, 13.4, 2]","['년', '월', '%', '년']",['2023'],[],코로나19 이후 삶의 변화(tblId=DT_154013_24BB000301); 대학 입학 이후 휴학 경험(tblId=DT_154013_24BB005500); 대학 입학 이후 경험(tblId=DT_154013_24BB005601); 자살에 대한 국민 인식조사 인구학적 분포(tblId=DT_117094N_001N); 자살사고를 가진 사람을 돕는 것은 항상 가능하다(tblId=DT_117094N_002N),,,판단불가,101,DT_1F70011,C,T5,M,"[Claude 검토] 통계청 설비투자지수(월별) 매칭, 2023년1월과의 감소폭 비교 확인 가능 | itm_id 수동 선택 필요(후보 2개 -> itm_id_candidates 컬럼 참고)",,T3:원지수; T5:계절조정지수
P0,주요 ID 4종이 채워져 있어 매핑 적합성 확인 후 API 검증 가능,1,0,2,C06573,828,"생산도, 소비도, 투자도… 1월 경제지표 모두 내렸다",2025-03-05,https://www.chosun.com/economy/economy_general/2025/03/05/LZV322K34BAJLPJWLMSSO3DZYQ,반도체 제조용 기계 등 기계류(-12.6%)와 운송 장비(-17.5%)에서 투자가 줄어든 영향이 컸다.,비율·증감률,비율·증감률,True,,이는 2023년 1월(-13.4%) 이후 2년 만의 최대 감소 폭이다.,건설 경기도 좋지 않았다.,"[12.6, 17.5]","['%', '%']",[],[],"기계 및 장비 공급업체(tblId=DT_F20126); 기계 및 장비 공급업체(tblId=DT_340N_A10014); 기계, 장비, 소프트웨어 구입 여부: 이전 사용과 동일하거나 미미하게 개선된 장비(tblId=DT_395N_S2024056); 기계, 장비, 소프트웨어 구입 여부: 새롭거나 획기적으로 개선된 장비(tblId=DT_395N_S2024057); 기계, 장비, 소프트웨어 구입 유형: 이전 사용과 동일하거나 미미하게 개선된 장비(tblId=DT_395N_S2024058)",,,판단불가,101,DT_1F70011,C,T5,M,"[Claude 검토] 통계청 설비투자지수(월별) 매칭(C06506 중복), 기계류/운송장비 세부 항목 확인 필요 | itm_id 수동 선택 필요(후보 2개 -> itm_id_candidates 컬럼 참고)",,T3:원지수; T5:계절조정지수
P0,주요 ID 4종이 채워져 있어 매핑 적합성 확인 후 API 검증 가능,1,0,2,C09022,1164,생산·소비·투자 2달 만에 ‘트리플 증가’...설 연휴로 연초 경기 등락 커,2025-03-31,https://www.chosun.com/economy/economy_general/2025/03/31/7OFBJ6XSYZAL3MWER6FBINVWN4,지난달 설비투자는 반도체 제조용 기계 등 기계류 투자를 중심으로 전반적인 투자 규모가 늘어나면서 전월 대비 18.7% 증가했다.,비율·증감률,비율·증감률,True,,특히 자동차 소비는 13.2% 증가하며 그간 소비 부진이 개선된 모습이었다.,직전 달인 1월 15.7% 감소했던 것에서 한 달 만에 크게 반등한 것이다.,[18.7],['%'],[],[],[전문디자인업체]2014년 디자인 투자 - 디자인 기계/장치 및 소프트웨어(tblId=DT_11526N_2015_A075); [디자인활용업체]2014년 디자인 투자 - 디자인 기계/장치 및 소프트웨어(tblId=DT_11526N_2015_A034); [디자인활용업체]2013년 디자인 투자_디자인 기계/장치 및 소프트웨어(tblId=DT_11526N_2014_A128); [전문디자인업체]2013년 디자인 투자_디자인 기계/장치 및 소프트웨어(tblId=DT_11526N_2014_A036); [디자인활용업체]디자인 투자-디자인 기계/장치 및 소프트웨어(2012)(tblId=DT_11526N_2012_A044),,,판단불가,101,DT_1F70011,C,T5,M,[Claude 검토] 산업활동동향(설비투자지수) 매치. 자동 후보는 무관한 디자인투자 통계라 자체 검색으로 대체. | itm_id 수동 선택 필요(후보 2개 -> itm_id_candidates 컬럼 참고),,T3:원지수; T5:계절조정지수
P0,주요 ID 4종이 채워져 있어 매핑 적합성 확인 후 API 검증 가능,1,0,2,C09023,1164,생산·소비·투자 2달 만에 ‘트리플 증가’...설 연휴로 연초 경기 등락 커,2025-03-31,https://www.chosun.com/economy/economy_general/2025/03/31/7OFBJ6XSYZAL3MWER6FBINVWN4,직전 달인 1월 15.7% 감소했던 것에서 한 달 만에 크게 반등한 것이다.,비율·증감률,비율·증감률; 날짜·시간,True,,지난달 설비투자는 반도체 제조용 기계 등 기계류 투자를 중심으로 전반적인 투자 규모가 늘어나면서 전월 대비 18.7% 증가했다.,"다만 건설 수주액은 전년 동월 대비 6.9% 감소해, 향후 건설업 경기에 대한 우려도 남겼다.","[1, 15.7]","['월', '%']",[],[],직전 사업유지 (운영)기간(tblId=DT_1DE6035S); 직전 사업유지 (운영)기간(농림어업제외)(tblId=DT_1DE6061S); 직전 사업유지 (운영)기간(농림어업제외)(tblId=DT_1DE6061); 현재 체류자격 직전 체류자격과 현재 체류자격 비교(이민자)(tblId=DT_2FK007R); 출산 직전 취업상황 및 복귀여부(tblId=DT_117101_2023A066),,,판단불가,101,DT_1F70011,C,T5,M,[Claude 검토] 설비투자지수(전월비) 매치. C09022와 연결된 문장(직전달 -15.7%->이번달 +18.7%). | itm_id 수동 선택 필요(후보 2개 -> itm_id_candidates 컬럼 참고),,T3:원지수; T5:계절조정지수
P0,주요 ID 4종이 채워져 있어 매핑 적합성 확인 후 API 검증 가능,1,3,0,C00232,23,정부 “올해 경제성장률 1.8%”… 한은 전망보다 더 낮췄다,2025-01-02,https://www.chosun.com/economy/economy_general/2025/01/02/FWT5PD42TZED7JTIXYCIECCFRE,특히 건축·토목 공사 실적을 뜻하는 건설기성은 작년 11월 0.2% 감소해 5월(-4.6%)부터 7개월 연속 마이너스 행진을 이어갔다.,비율·증감률,비율·증감률; 건수·개수; 날짜·시간,True,,설비투자도 작년 10월(-5.9%)·11월(-1.6%) 등 2달 연속 감소했다.,소비 지표인 소매판매는 9월(-0.3%)과 10월(-0.8%) 2달 연속 감소하다가 11월 0.4% 증가세로 돌아섰다.,"[11, 0.2, 5, 4.6, 7]","['월', '%', '월', '%', '개']",[],[],건축 공사 공정(tblId=DT_380004_C3_1); 토목 공사 공정(tblId=DT_380004_C3_2); 젊은이들의 자살은 아직 삶의 가능성이 무한하기 때문에 특히 이해할 수 없다(tblId=DT_117094N_020N); 젊은이들의 자살은 아직 삶의 가능성이 무한하기 때문에 특히 이해할 수 없다(tblId=DT_11794N_020); 사회안전에 대한 인식도(건축 및 건설)(tblId=DT_1WCA83),,,판단불가,101,DT_1G18004,0,T10,M,"[Claude 검토] 건설기성(공종별,계절조정) 후보로 판단, org_id/tbl_id 채움 (건축/토목 공사 공정 표는 무관하여 제외) | obj_l1 수동 선택 필요(공종별, 후보 3개 -> obj_l1_candidates 컬럼 참고)",0:기성총액; 1:건축공사; 2:토목공사,
P0,주요 ID 4종이 채워져 있어 매핑 적합성 확인 후 API 검증 가능,1,3,0,C02285,308,3분기 연속 제로 성장… 현실이 된 ‘피크 코리아’,2025-01-24,https://www.chosun.com/economy/economy_general/2025/01/24/SCPOEWE2RNG4NPULCO2RIKRR2I,이정희 중앙대 교수는 “작년 한국 인구의 20%가 65세 이상인 초고령사회로 진입하면서 구조적으로 소비 동력이 떨어져 내수가 살아나기 쉽지 않다”고 했다.,인구지표,인구지표; 비율·증감률,True,,그간 고물가와 고금리 부담으로 부진했던 소비가 하반기 들어 물가가 1%대로 내려오고 금리도 낮아지면서 경기 회복세가 빨라질 것으로 봤는데 빗나간 것이다.,"비상계엄 사태와 탄핵 정국, 제주항공 여객기 참사 등 예상치 못한 변수들이 생기며 소비자들이 지갑을 닫아 민간 소비가 더 부진했다고 한은은 설명했다.",[20],['%'],[],[],"OECD 국가별 65세 이상 인구의 비중(tblId=DT_113_STBL_1015046); 주요 인구지표(부양비, 노령화지수, 중위연령 등) - 시군구(tblId=DT_1IN2030); 주요 인구지표(성비,인구성장률,인구구조,부양비 등) / 전국(tblId=DT_1BPA002); 주요 인구지표(성비,인구성장률,인구구조,부양비 등)/시도(tblId=DT_1BPB002); 작년 임금 근로활동 여부(tblId=DT_KWMP_2020136)",,,판단불가,101,DT_1BPA002,1,T10,Y,"[Claude 검토] 통계청 장래인구추계(전국) 매칭, 65세이상 인구비중(초고령사회 20%) 확인 가능. 교수 발언은 해설이나 인용 수치는 공식 통계 기반 | obj_l1 수동 선택 필요(가정별, 후보 3개 -> obj_l1_candidates 컬럼 참고) / 분류축이 2개라 obj_l2 이상 추가 필요할 수 있음: 인구구조부양비별",1:중위 추계(기본 추계: 출산율-중위 / 기대수명-중위 / 국제순이동-중위); 2:고위 추계(최대인구 추계: 출산율-고위 / 기대수명-고위 / 국제순이동-고위); 3:저위 추계(최소인구 추계: 출산율-저위 / 기대수명-저위 / 국제순이동-저위),
P0,주요 ID 4종이 채워져 있어 매핑 적합성 확인 후 API 검증 가능,1,3,0,C02705,354,올해 한국 초고령사회 진입…영수증 누가 지불할 것인가,2025-01-28,https://www.chosun.com/economy/economy_general/2025/01/28/RQTVHZUIN5HRRDBROUKFY5NLFM,4 2025년에 한국은 65세 이상 인구의 비중이 20%를 초과하는 초고령사회(super-aged society)에 진입한다.,인구지표,인구지표; 비율·증감률; 날짜·시간,True,,,"일본, 독일, 이탈리아와 같은 선진국이 초고령사회에 진입해 있다고는 하지만, 우리의 고령 인구 증가 속도는 세계 1위다.","[2025, 20]","['년', '%']",['2025'],[],65세 이상 고령자 가족원 돌봄 가구 비율(tblId=DT_154001_A013); 성/세대구성/거처의 종류별 고령자(65세 이상)-시도(tblId=DT_1GO0508); 세대구성/성/거처의 점유형태별 고령자(65세 이상)-시도(tblId=DT_1GO0510); 성/거처의 점유형태/거처의 종류별 고령자(65세 이상)-시도(tblId=DT_1GO0512); 성/경제활동상태/세대구성별 고령자(65세 이상)-시도(tblId=DT_1GO0515),,,판단불가,101,DT_1BPA002,1,T10,Y,"[Claude 검토] 통계청 장래인구추계(전국) 매칭, 2025년 65세이상 인구비중 20% 초과(초고령사회 진입) 확인 가능 | obj_l1 수동 선택 필요(가정별, 후보 3개 -> obj_l1_candidates 컬럼 참고) / 분류축이 2개라 obj_l2 이상 추가 필요할 수 있음: 인구구조부양비별",1:중위 추계(기본 추계: 출산율-중위 / 기대수명-중위 / 국제순이동-중위); 2:고위 추계(최대인구 추계: 출산율-고위 / 기대수명-고위 / 국제순이동-고위); 3:저위 추계(최소인구 추계: 출산율-저위 / 기대수명-저위 / 국제순이동-저위),
P0,주요 ID 4종이 채워져 있어 매핑 적합성 확인 후 API 검증 가능,1,3,0,C02706,354,올해 한국 초고령사회 진입…영수증 누가 지불할 것인가,2025-01-28,https://www.chosun.com/economy/economy_general/2025/01/28/RQTVHZUIN5HRRDBROUKFY5NLFM,"65세 이상 인구 비중이 14% 이상이면 고령사회(aged society)로 분류되는데, 우리는 2018년에 고령사회에 진입했다.",인구지표,인구지표; 비율·증감률; 날짜·시간,True,,"일본, 독일, 이탈리아와 같은 선진국이 초고령사회에 진입해 있다고는 하지만, 우리의 고령 인구 증가 속도는 세계 1위다.",고령사회에 진입한 후 초고령사회가 되기까지 불과 7년이 소요되었다.,"[14, 2018]","['%', '년']",['2018'],[],65세 이상 고령자 가족원 돌봄 가구 비율(tblId=DT_154001_A013); 성/세대구성/거처의 종류별 고령자(65세 이상)-시도(tblId=DT_1GO0508); 세대구성/성/거처의 점유형태별 고령자(65세 이상)-시도(tblId=DT_1GO0510); 성/거처의 점유형태/거처의 종류별 고령자(65세 이상)-시도(tblId=DT_1GO0512); 성/경제활동상태/세대구성별 고령자(65세 이상)-시도(tblId=DT_1GO0515),,,판단불가,101,DT_1BPA002,1,T10,Y,"[Claude 검토] 통계청 장래인구추계(전국) 매칭, 2018년 65세이상 인구비중 14%(고령사회 진입) 확인 가능 | obj_l1 수동 선택 필요(가정별, 후보 3개 -> obj_l1_candidates 컬럼 참고) / 분류축이 2개라 obj_l2 이상 추가 필요할 수 있음: 인구구조부양비별",1:중위 추계(기본 추계: 출산율-중위 / 기대수명-중위 / 국제순이동-중위); 2:고위 추계(최대인구 추계: 출산율-고위 / 기대수명-고위 / 국제순이동-고위); 3:저위 추계(최소인구 추계: 출산율-저위 / 기대수명-저위 / 국제순이동-저위),
P0,주요 ID 4종이 채워져 있어 매핑 적합성 확인 후 API 검증 가능,1,3,0,C02710,354,올해 한국 초고령사회 진입…영수증 누가 지불할 것인가,2025-01-28,https://www.chosun.com/economy/economy_general/2025/01/28/RQTVHZUIN5HRRDBROUKFY5NLFM,"통계청이 발표한 ‘세계와 한국의 인구 현황및 전망(2024)’에 따르면, 한국 인구는 2024년 5200만 명에서 2072년 3600만 명으로 감소한다.",인구지표,인구지표; 날짜·시간,True,,"사망자 수가 출생자 수를 넘어선 2021년의 첫 번째 데드크로스는 코로나19 팬데믹(pandemic·감염병 대유행)의 영향이 컸던 반면, 2025년 찾아올 두 번째 데드크로스는 극단적 저출산이 원인으로, 올해부터 인구 감소가 본격화한다.",이 중 약 절반인 1700만 명이 고령 인구가 된다.,"[2024, 2072]","['년', '년']","['2024', '2072']",[],"주요 인구지표(부양비, 노령화지수, 중위연령 등) - 시군구(tblId=DT_1IN2030); 주요 인구지표(성비,인구성장률,인구구조,부양비 등) / 전국(tblId=DT_1BPA002); 주요 인구지표(성비,인구성장률,인구구조,부양비 등)/시도(tblId=DT_1BPB002); 이주민이 한국의 발전에 미치는 영향(tblId=DT_154019_25AA061019); 이주민이 한국의 발전에 미치는 영향(tblId=DT_154019_25BB071019)",,,판단불가,101,DT_1BPA002,1,T10,Y,"[Claude 검토] 통계청 ""세계와 한국의 인구현황 및 전망(2024)"" = 장래인구추계(전국) 정확히 일치, 2024→2072 인구 추계 | obj_l1 수동 선택 필요(가정별, 후보 3개 -> obj_l1_candidates 컬럼 참고) / 분류축이 2개라 obj_l2 이상 추가 필요할 수 있음: 인구구조부양비별",1:중위 추계(기본 추계: 출산율-중위 / 기대수명-중위 / 국제순이동-중위); 2:고위 추계(최대인구 추계: 출산율-고위 / 기대수명-고위 / 국제순이동-고위); 3:저위 추계(최소인구 추계: 출산율-저위 / 기대수명-저위 / 국제순이동-저위),
P0,주요 ID 4종이 채워져 있어 매핑 적합성 확인 후 API 검증 가능,1,3,0,C02722,354,올해 한국 초고령사회 진입…영수증 누가 지불할 것인가,2025-01-28,https://www.chosun.com/economy/economy_general/2025/01/28/RQTVHZUIN5HRRDBROUKFY5NLFM,이들은 954만 명으로 인구의 18.6%를 차지한다.,인구지표,인구지표; 비율·증감률,True,,1964~74년생 2차 베이비붐 세대는 우리나라 단일 세대 중 규모가 가장 크다.,"2024년부터 이들이 법정 은퇴 연령(60세)에 진입하기 시작하여, 향후 10년 후면 모두 은퇴 연령 진입을 완료한다.",[18.6],['%'],[],[],"주요 인구지표(부양비, 노령화지수, 중위연령 등) - 시군구(tblId=DT_1IN2030); 주요 인구지표(성비,인구성장률,인구구조,부양비 등) / 전국(tblId=DT_1BPA002); 주요 인구지표(성비,인구성장률,인구구조,부양비 등)/시도(tblId=DT_1BPB002); 10세이상 인구의 행동별 평균시간(tblId=DT_1TM1011Y); 학생과 학생이외 인구의 평균시간(tblId=DT_1TM1031Y)",,,판단불가,101,DT_1BPA002,1,T10,Y,"[Claude 검토] 통계청 장래인구추계(전국) 매칭 추정(문맥상 65세이상 인구 954만명/18.6% 연결), obj_l1/itm_id 확인 시 문맥 재확인 필요 | obj_l1 수동 선택 필요(가정별, 후보 3개 -> obj_l1_candidates 컬럼 참고) / 분류축이 2개라 obj_l2 이상 추가 필요할 수 있음: 인구구조부양비별",1:중위 추계(기본 추계: 출산율-중위 / 기대수명-중위 / 국제순이동-중위); 2:고위 추계(최대인구 추계: 출산율-고위 / 기대수명-고위 / 국제순이동-고위); 3:저위 추계(최소인구 추계: 출산율-저위 / 기대수명-저위 / 국제순이동-저위),
P0,주요 ID 4종이 채워져 있어 매핑 적합성 확인 후 API 검증 가능,1,0,3,C03551,448,끝이 안 보이는 내수 부진… 소매 판매 21년 만에 최대 감소,2025-02-04,https://www.chosun.com/economy/economy_general/2025/02/04/54YXZORW2RA5FHIRI552AGTUY4,"◇소매판매 3년째 ‘마이너스’ 작년에 한국은행이 기준 금리를 낮추기 시작하고 물가가 2%대로 안정된 데다 수출도 증가세로 들어서면서 소비가 되살아날 것이라고 정부는 기대했지만, 경기 회복 지연과 소비 심리 위축으로 사람들이 지갑을 열지 않았다.",무역지표,무역지표; 비율·증감률; 날짜·시간,True,,하지만 고금리·고물가로 2022년 다시 0.3% 감소했고 2023년엔 수출 부진까지 겹쳐 소매판매가 1.5% 감소했다.,통계청이 산업활동 동향 조사를 시작한 1995년 이후 소매판매가 3년 연속 감소한 것은 이번이 처음이다.,"[3, 2]","['년', '%']",[],['경기'],,,,판단불가,101,DT_1K41012,G0,T2,M,[Claude 검토] 서비스업동향조사(소매판매액지수) 매치. 소매판매 3년 연속 감소 추세 서술. | itm_id 수동 선택 필요(후보 3개 -> itm_id_candidates 컬럼 참고) | 3년 추세 서술 - 불변지수(물량) 기준으로 채움,,T1:경상지수; T2:불변지수; T3:계절조정지수
P0,주요 ID 4종이 채워져 있어 매핑 적합성 확인 후 API 검증 가능,1,3,0,C03635,459,"지난해 4분기 건설 실적 30조4492억, 10.1% 줄어",2025-02-05,https://www.chosun.com/economy/economy_general/2025/02/05/JMRUVADN6JAFPJR7IP44WMCCDE,"4일 통계청에 따르면, 지난해 4분기 건설기성액은 30조4492억원으로 전년 같은 기간보다 10.1% 감소했다.",비율·증감률,비율·증감률; 금액; 날짜·시간,True,,0 건설업 침체가 이어지면서 지난해 4분기(10~12월) 건설 실적이 글로벌 금융 위기를 겪었던 2008년 이후 16년 만에 가장 큰 폭으로 감소했다.,4분기 기준으로 2008년 4분기(-15.3%) 이후 최대 낙폭이다.,"[4, 4, 4492, 10.1]","['일', '분', '억원', '%']",[],[],지난해 어린이집 수 및 이용 아동수(tblId=TX_117_2013_H253); 농수산물 항목별 EBSI 전망(tblId=DT_36005_A022); 플라스틱·고무·가죽제품 항목별 EBSI 전망(tblId=DT_36005_A023); 섬유·의복제품 항목별 EBSI 전망(tblId=DT_36005_A024); 생활용품 항목별 EBSI 전망(tblId=DT_36005_A030),,,판단불가,101,DT_1G18004,0,T10,Q,"[Claude 검토] 작년 4분기 건설기성액(전년동기대비 -10.1%), 공종별 건설기성액(계절조정) 표로 판단 | obj_l1 수동 선택 필요(공종별, 후보 3개 -> obj_l1_candidates 컬럼 참고)",0:기성총액; 1:건축공사; 2:토목공사,
P0,주요 ID 4종이 채워져 있어 매핑 적합성 확인 후 API 검증 가능,1,3,0,C03636,459,"지난해 4분기 건설 실적 30조4492억, 10.1% 줄어",2025-02-05,https://www.chosun.com/economy/economy_general/2025/02/05/JMRUVADN6JAFPJR7IP44WMCCDE,4분기 기준으로 2008년 4분기(-15.3%) 이후 최대 낙폭이다.,비율·증감률,비율·증감률; 날짜·시간,True,,"4일 통계청에 따르면, 지난해 4분기 건설기성액은 30조4492억원으로 전년 같은 기간보다 10.1% 감소했다.",전체 분기를 통틀어서도 2011년 1분기(-11.1%) 이후 감소 폭이 가장 컸다.,"[4, 2008, 4, 15.3]","['분', '년', '분', '%']",['2008'],[],부모와의 문화예술 관람 및 여행(15~24세인구)(tblId=DT_1SSFA200R); 농수산물 항목별 EBSI 전망(tblId=DT_36005_A022); 플라스틱·고무·가죽제품 항목별 EBSI 전망(tblId=DT_36005_A023); 섬유·의복제품 항목별 EBSI 전망(tblId=DT_36005_A024); 생활용품 항목별 EBSI 전망(tblId=DT_36005_A030),,,판단불가,101,DT_1G18004,0,T10,Q,"[Claude 검토] 4분기 건설기성 낙폭 비교(2008년 4분기 대비), 동일 표로 판단 | obj_l1 수동 선택 필요(공종별, 후보 3개 -> obj_l1_candidates 컬럼 참고)",0:기성총액; 1:건축공사; 2:토목공사,
P0,주요 ID 4종이 채워져 있어 매핑 적합성 확인 후 API 검증 가능,1,3,0,C03637,459,"지난해 4분기 건설 실적 30조4492억, 10.1% 줄어",2025-02-05,https://www.chosun.com/economy/economy_general/2025/02/05/JMRUVADN6JAFPJR7IP44WMCCDE,전체 분기를 통틀어서도 2011년 1분기(-11.1%) 이후 감소 폭이 가장 컸다.,비율·증감률,비율·증감률; 날짜·시간,True,,4분기 기준으로 2008년 4분기(-15.3%) 이후 최대 낙폭이다.,건설기성은 해당 기간에 공사를 진행한 실적을 뜻한다.,"[2011, 1, 11.1]","['년', '분', '%']",['2011'],[],전체 형제/자매 중 본인의 출생 순서(tblId=DT_402002_2020H003); 전체 형제/자매 중 본인의 출생 순서(tblId=DT_402002_2020S003); 필수시간 중 가장 늘리고 싶은 시간: 전체 응답자(tblId=DT_464001_D9); 의무시간 중 가장 늘리고 싶은 시간: 전체 응답자(tblId=DT_464001_D10); 여가시간 중 가장 늘리고 싶은 시간: 전체 응답자(tblId=DT_464001_D11),,,판단불가,101,DT_1G18004,0,T10,Q,"[Claude 검토] 분기별 건설기성 감소폭 비교(2011년 1분기 대비), 동일 표로 판단 | obj_l1 수동 선택 필요(공종별, 후보 3개 -> obj_l1_candidates 컬럼 참고)",0:기성총액; 1:건축공사; 2:토목공사,
P0,주요 ID 4종이 채워져 있어 매핑 적합성 확인 후 API 검증 가능,1,3,0,C05561,709,“올 취업자수 최대 6만명 줄 것”… ‘인구 오너스 시대’ 오나,2025-02-24,https://www.chosun.com/economy/economy_general/2025/02/24/AXTTAUKCC5FQNGJDVW7EUZW55Y,"통계청 장래인구추계에 따르면, 2020년생이 대학에 가는 2040년(2903만명)에는 생산연령인구가 3000만명 아래로 떨어질 것으로 예상된다.",인구지표,인구지표; 날짜·시간,True,,특히 2020년생(27만2000명)부터는 연간 출생아 수가 20만명대로 쪼그라들었기 때문에 취업자 수가 자연 감소하는 속도는 더욱 빨라질 것으로 보인다.,인력 공급이 자연 감소하면서 제조업 등은 산업 근간까지 흔들릴 우려가 있다.,"[2020, 2040]","['년', '년']","['2020', '2040']",[],,,,판단불가,101,DT_1BPA002,1,T10,Y,"[Claude 검토] 통계청 장래인구추계 매치 (2020년생 대학진학 시점 생산연령인구 전망). | obj_l1 수동 선택 필요(가정별, 후보 3개 -> obj_l1_candidates 컬럼 참고) / 분류축이 2개라 obj_l2 이상 추가 필요할 수 있음: 인구구조부양비별",1:중위 추계(기본 추계: 출산율-중위 / 기대수명-중위 / 국제순이동-중위); 2:고위 추계(최대인구 추계: 출산율-고위 / 기대수명-고위 / 국제순이동-고위); 3:저위 추계(최소인구 추계: 출산율-저위 / 기대수명-저위 / 국제순이동-저위),
P0,주요 ID 4종이 채워져 있어 매핑 적합성 확인 후 API 검증 가능,1,3,0,C06507,816,1월 생산 2.7%↓ 소비 0.6%↓ 투자 14.2%↓ ‘트리플 감소’,2025-03-04,https://www.chosun.com/economy/economy_general/2025/03/04/FU65MUD47VCAFLZSKULBHJ3HDY,공사 실적을 뜻하는 건설기성은 전달보다 4.3% 감소했다.,비율·증감률,비율·증감률,True,,"반도체 제조용 기계 등 기계류(-12.6%), 기타운송장비 등 운송장비(-17.5%)에서 모두 투자가 줄어든 영향이 컸다.",건축(-4.1%)과 토목(-5.2%)에서 공사 실적이 모두 줄었다.,[4.3],['%'],[],[],공사 규모(tblId=DT_380004_C1_1); 공사 종류(tblId=DT_380004_C2); 공사 현장 구분(tblId=DT_380004_C22); 코로나-19로 인한 공사 시간 단축 또는 공사 방법 변경 발생 정도(tblId=DT_380004_C34); 건축 공사 공정(tblId=DT_380004_C3_1),,,판단불가,101,DT_1G18004,0,T10,M,"[Claude 검토] 통계청 건설기성(월별) 매칭, 전달대비 증감률(4.3%) 확인 가능 | obj_l1 수동 선택 필요(공종별, 후보 3개 -> obj_l1_candidates 컬럼 참고)",0:기성총액; 1:건축공사; 2:토목공사,
P0,주요 ID 4종이 채워져 있어 매핑 적합성 확인 후 API 검증 가능,1,3,0,C06574,828,"생산도, 소비도, 투자도… 1월 경제지표 모두 내렸다",2025-03-05,https://www.chosun.com/economy/economy_general/2025/03/05/LZV322K34BAJLPJWLMSSO3DZYQ,공사 실적을 나타내는 건설기성은 전달보다 4.3% 감소했다.,비율·증감률,비율·증감률,True,,건설 경기도 좋지 않았다.,"생산, 투자 감소에는 지난 1월 대체 공휴일 지정으로 길어진 설 연휴로 공장 가동을 멈추거나 새로 설비를 들여오는 투자가 줄어든 영향이 컸던 것으로 분석된다.",[4.3],['%'],[],[],공사 규모(tblId=DT_380004_C1_1); 공사 종류(tblId=DT_380004_C2); 공사 현장 구분(tblId=DT_380004_C22); 코로나-19로 인한 공사 시간 단축 또는 공사 방법 변경 발생 정도(tblId=DT_380004_C34); 건축 공사 공정(tblId=DT_380004_C3_1),,,판단불가,101,DT_1G18004,0,T10,M,"[Claude 검토] 통계청 건설기성(월별) 매칭(C06507 중복), 전달대비 증감률(4.3%) 확인 가능 | obj_l1 수동 선택 필요(공종별, 후보 3개 -> obj_l1_candidates 컬럼 참고)",0:기성총액; 1:건축공사; 2:토목공사,
P0,주요 ID 4종이 채워져 있어 매핑 적합성 확인 후 API 검증 가능,1,0,3,C06578,828,"생산도, 소비도, 투자도… 1월 경제지표 모두 내렸다",2025-03-05,https://www.chosun.com/economy/economy_general/2025/03/05/LZV322K34BAJLPJWLMSSO3DZYQ,"옷, 신발, 가방 등 준내구재 판매가 2.6% 줄었고, 화장품, 차량 연료 등 비내구재 판매도 2.6% 감소했다.",비율·증감률,비율·증감률,True,,"소매 판매는 작년 10월, 11월 각각 0.7%씩 감소했다가 12월(0.2%) 소폭 늘었지만, 다시 감소세로 돌아섰다.",소비 수준을 가늠할 수 있는 생산지표인 1월 서비스업 생산도 전달보다 0.8% 줄었다.,"[2.6, 2.6]","['%', '%']",[],[],"관광여행 여행지 의류 및 신발, 가방 등 지출 비중(tblId=DT_113_STBL_1031225); 관광숙박 여행지 의류 및 신발, 가방 등 지출 비중(tblId=DT_113_STBL_1031229); 관광당일 여행지 의류 및 신발, 가방 등 지출 비중(tblId=DT_113_STBL_1031233); 해외여행 여행지 의류 및 신발, 가방 등 지출 비중(tblId=DT_113_STBL_1031866); 화장품 제조업체, 책임판매업체, 맞춤형화장품판매업체 현황(tblId=DT_145011_A001)",,,판단불가,101,DT_1K41012,G0,T3,M,"[Claude 검토] 통계청 재별·상품군별 소매판매액지수(월별) 매칭, 준내구재/비내구재 항목 확인 가능 | itm_id 수동 선택 필요(후보 3개 -> itm_id_candidates 컬럼 참고) | 준내구재/비내구재 상품군별 세부 obj_l1 재검토 필요(자동 선택된 합계코드일 수 있음)",,T1:경상지수; T2:불변지수; T3:계절조정지수
P0,주요 ID 4종이 채워져 있어 매핑 적합성 확인 후 API 검증 가능,1,0,3,C07180,907,내수 부진에… 자영업자 석달간 27만명 줄어,2025-03-11,https://www.chosun.com/economy/economy_general/2025/03/11/L2IHXUIB2JCKTHKYRWY6F3LLDQ,"통계청이 집계한 1월 음식점업 생산은 작년 같은 달보다 4.8% 떨어져, 코로나 유행 1주년인 2021년 1월(-32.3%) 이후 1월 기준 3년 만에 가장 큰 낙폭을 보였다.",비율·증감률,비율·증감률; 날짜·시간,True,,특히 외식 자영업의 타격이 크다.,1월 주점업 생산의 낙폭도 6.7%에 달해 2021년 1월 이후 1월 기준 가장 낙폭이 컸다.,"[1, 4.8, 2021, 1, 32.3, 1, 3]","['월', '%', '년', '월', '%', '월', '년']",['2021'],[],종사자의 국제결혼중개업자 대상 교육 여부 : 2020년 1월 1일 ~ 12월 31일(tblId=DT_154017_24CC002000); 종사자의 국제결혼중개업자 대상 교육 여부 : 2021년 1월 1일 ~ 12월 31일(tblId=DT_154017_24CC002100); 종사자의 국제결혼중개업자 대상 교육 여부 : 2022년 1월 1일 ~ 12월 31일(tblId=DT_154017_24CC002200); 성별 구직단념자(2014.1월~현재)(tblId=DT_1DA7156AS); 행정구역(시도)/산업별(제조업 중분류) 고용(2021년 1월 이후)(tblId=DT_118N_MONC56),,,판단불가,101,DT_1KC2020,T,T2,M,"[Claude 검토] 통계청 산업별 서비스업생산지수(음식점업, 월별) 매칭, 1월 전년동월대비 증감률(4.8%) 확인 가능 | itm_id 수동 선택 필요(후보 3개 -> itm_id_candidates 컬럼 참고)",,T1:경상지수; T2:불변지수; T3:계절조정지수
P0,주요 ID 4종이 채워져 있어 매핑 적합성 확인 후 API 검증 가능,1,0,3,C07181,907,내수 부진에… 자영업자 석달간 27만명 줄어,2025-03-11,https://www.chosun.com/economy/economy_general/2025/03/11/L2IHXUIB2JCKTHKYRWY6F3LLDQ,1월 주점업 생산의 낙폭도 6.7%에 달해 2021년 1월 이후 1월 기준 가장 낙폭이 컸다.,비율·증감률,비율·증감률; 날짜·시간,True,,"통계청이 집계한 1월 음식점업 생산은 작년 같은 달보다 4.8% 떨어져, 코로나 유행 1주년인 2021년 1월(-32.3%) 이후 1월 기준 3년 만에 가장 큰 낙폭을 보였다.","이날 한국개발연구원(KDI)은 1, 2월에 이어 석 달 연속으로 “한국 경제에 하방 위험이 커지고 있다”고 했다.","[1, 6.7, 2021, 1, 1]","['월', '%', '년', '월', '월']",['2021'],[],종사자의 국제결혼중개업자 대상 교육 여부 : 2021년 1월 1일 ~ 12월 31일(tblId=DT_154017_24CC002100); 행정구역(시도)/산업별(제조업 중분류) 고용(2021년 1월 이후)(tblId=DT_118N_MONC56); 종사자의 국제결혼중개업자 대상 교육 여부 : 2020년 1월 1일 ~ 12월 31일(tblId=DT_154017_24CC002000); 종사자의 국제결혼중개업자 대상 교육 여부 : 2022년 1월 1일 ~ 12월 31일(tblId=DT_154017_24CC002200); 성별 구직단념자(2014.1월~현재)(tblId=DT_1DA7156AS),,,판단불가,101,DT_1KC2020,T,T2,M,"[Claude 검토] 통계청 산업별 서비스업생산지수(주점업, 월별) 매칭, 1월 낙폭(6.7%) 확인 가능 | itm_id 수동 선택 필요(후보 3개 -> itm_id_candidates 컬럼 참고)",,T1:경상지수; T2:불변지수; T3:계절조정지수
P0,주요 ID 4종이 채워져 있어 매핑 적합성 확인 후 API 검증 가능,1,0,3,C07769,985,경기 침체로 음식점·유원지 손님 ‘뚝’... 매출 급감,2025-03-17,https://www.chosun.com/economy/economy_general/2025/03/17/MHBMUOYKGBHQFIXQFRTZUVKWYI,"통계청이 집계한 1월 음식점업 생산은 작년 같은 달보다 4.8% 떨어져, 코로나 유행 1주년인 2021년 1월(-32.3%) 이후 1월 기준 3년 만에 가장 큰 낙폭을 보였다.",비율·증감률,비율·증감률; 날짜·시간,True,,경기 부진과 정치 불안이 결합된 소비 부진은 코로나 이후 가장 심각한 수준이다.,1월 주점업 생산의 낙폭 역시도 6.7%에 달해 2021년 1월 이후 1월 기준 가장 낙폭이 컸다.,"[1, 4.8, 2021, 1, 32.3, 1, 3]","['월', '%', '년', '월', '%', '월', '년']",['2021'],[],종사자의 국제결혼중개업자 대상 교육 여부 : 2020년 1월 1일 ~ 12월 31일(tblId=DT_154017_24CC002000); 종사자의 국제결혼중개업자 대상 교육 여부 : 2021년 1월 1일 ~ 12월 31일(tblId=DT_154017_24CC002100); 종사자의 국제결혼중개업자 대상 교육 여부 : 2022년 1월 1일 ~ 12월 31일(tblId=DT_154017_24CC002200); 성별 구직단념자(2014.1월~현재)(tblId=DT_1DA7156AS); 행정구역(시도)/산업별(제조업 중분류) 고용(2021년 1월 이후)(tblId=DT_118N_MONC56),,,판단불가,101,DT_1KC2020,T,T2,M,"[Claude 검토] 통계청 산업별 서비스업생산지수(음식점업, 월별) 매칭(C07180 중복), 1월 낙폭(4.8%) 확인 가능 | itm_id 수동 선택 필요(후보 3개 -> itm_id_candidates 컬럼 참고)",,T1:경상지수; T2:불변지수; T3:계절조정지수
P0,주요 ID 4종이 채워져 있어 매핑 적합성 확인 후 API 검증 가능,1,0,3,C07770,985,경기 침체로 음식점·유원지 손님 ‘뚝’... 매출 급감,2025-03-17,https://www.chosun.com/economy/economy_general/2025/03/17/MHBMUOYKGBHQFIXQFRTZUVKWYI,1월 주점업 생산의 낙폭 역시도 6.7%에 달해 2021년 1월 이후 1월 기준 가장 낙폭이 컸다.,비율·증감률,비율·증감률; 날짜·시간,True,,"통계청이 집계한 1월 음식점업 생산은 작년 같은 달보다 4.8% 떨어져, 코로나 유행 1주년인 2021년 1월(-32.3%) 이후 1월 기준 3년 만에 가장 큰 낙폭을 보였다.","소비 부진에는 최근 정치적 사태 등으로 가족이나 친구, 연인 단위 나들이가 크게 줄어든 요인도 영향을 끼쳤다는 분석이 나온다.","[1, 6.7, 2021, 1, 1]","['월', '%', '년', '월', '월']",['2021'],[],종사자의 국제결혼중개업자 대상 교육 여부 : 2021년 1월 1일 ~ 12월 31일(tblId=DT_154017_24CC002100); 행정구역(시도)/산업별(제조업 중분류) 고용(2021년 1월 이후)(tblId=DT_118N_MONC56); 종사자의 국제결혼중개업자 대상 교육 여부 : 2020년 1월 1일 ~ 12월 31일(tblId=DT_154017_24CC002000); 종사자의 국제결혼중개업자 대상 교육 여부 : 2022년 1월 1일 ~ 12월 31일(tblId=DT_154017_24CC002200); 성별 구직단념자(2014.1월~현재)(tblId=DT_1DA7156AS),,,판단불가,101,DT_1KC2020,T,T2,M,"[Claude 검토] 통계청 산업별 서비스업생산지수(주점업, 월별) 매칭(C07181 중복), 1월 낙폭(6.7%) 확인 가능 | itm_id 수동 선택 필요(후보 3개 -> itm_id_candidates 컬럼 참고)",,T1:경상지수; T2:불변지수; T3:계절조정지수
P0,주요 ID 4종이 채워져 있어 매핑 적합성 확인 후 API 검증 가능,1,0,3,C09018,1164,생산·소비·투자 2달 만에 ‘트리플 증가’...설 연휴로 연초 경기 등락 커,2025-03-31,https://www.chosun.com/economy/economy_general/2025/03/31/7OFBJ6XSYZAL3MWER6FBINVWN4,다만 내수 경기와 직결된 숙박·음식점업 생산은 3% 감소한 모습을 보였다.,비율·증감률,비율·증감률,True,경기,"전자부품(9.1%)과 전기장비(6%) 등 생산이 늘어나면서 제조업 생산이 0.8% 증가했고, 자동차 판매(9.5%) 등 도·소매업(6.5%)과 금융·보험(2.3%) 생산 증가에 힘입어 서비스업 생산도 전월 대비 0.5% 늘었다.",지난달 물품 소비에 해당하는 소매판매는 통신기기와 컴퓨터 등 내구재(13.2%) 소비가 늘면서 전월 대비 1.5% 늘었다.,[3],['%'],[],['경기'],"현 거주지별/성별/통근통학지별 통근통학 인구(서울, 인천, 경기)(12세 이상)-시군구(tblId=DT_1PA2005); 현 거주지별/성별/통근통학지별 통근통학 인구(서울, 인천, 경기)(12세 이상)-시군구(tblId=DT_1PA1505); 현 거주지, 성 및 통근통학지별 통근통학 인구(서울, 인천, 경기)(12세 이상)-시군구(tblId=DT_1PA1006); 성/현거주지/통근통학지별 통근·통학 인구(서울,인천,경기-시군구)(tblId=DT_1T05131); 성/현거주지/통근학지별 통근·통학인구(서울,인천,경기)(12세(tblId=DT_1TOOO09)",,,판단불가,101,DT_1KC2020,T,T2,M,"[Claude 검토] 산업활동동향(서비스업생산지수, 숙박음식점업) 매치. 산업별 서비스업생산지수. | itm_id 수동 선택 필요(후보 3개 -> itm_id_candidates 컬럼 참고)",,T1:경상지수; T2:불변지수; T3:계절조정지수
P0,주요 ID 4종이 채워져 있어 매핑 적합성 확인 후 API 검증 가능,1,0,3,C09021,1164,생산·소비·투자 2달 만에 ‘트리플 증가’...설 연휴로 연초 경기 등락 커,2025-03-31,https://www.chosun.com/economy/economy_general/2025/03/31/7OFBJ6XSYZAL3MWER6FBINVWN4,특히 자동차 소비는 13.2% 증가하며 그간 소비 부진이 개선된 모습이었다.,비율·증감률,비율·증감률,True,,이는 지난해 말부터 내구재 판매가 부진했던 기저효과에 신학기를 맞은 전자기기 수요 증가가 맞물린 결과로 풀이된다.,지난달 설비투자는 반도체 제조용 기계 등 기계류 투자를 중심으로 전반적인 투자 규모가 늘어나면서 전월 대비 18.7% 증가했다.,[13.2],['%'],[],[],"젊은이들의 자살은 아직 삶의 가능성이 무한하기 때문에 특히 이해할 수 없다(tblId=DT_117094N_020N); 젊은이들의 자살은 아직 삶의 가능성이 무한하기 때문에 특히 이해할 수 없다(tblId=DT_11794N_020); 사회안전에 대한 인식도(노약자,어린이가 자동차 위험없이 안전하게 보행)(tblId=DT_1WCC73); 자동차 요일제 참여(가구주, 19세 이상 인구)(tblId=DT_1SSEN080R); 자동차 운전 여부(19세 이상 인구 )(tblId=DT_1SSEN090R)",,,판단불가,101,DT_1K41012,G0,T3,M,"[Claude 검토] 산업활동동향(소매판매액지수, 승용차/자동차 소비) 매치. 자동 후보는 무관한 자살 관련 설문이라 자체 검색으로 대체. | itm_id 수동 선택 필요(후보 3개 -> itm_id_candidates 컬럼 참고) | 자동차(상품군) 세부 obj_l1 재검토 필요(자동 선택된 합계코드일 수 있음)",,T1:경상지수; T2:불변지수; T3:계절조정지수
P0,주요 ID 4종이 채워져 있어 매핑 적합성 확인 후 API 검증 가능,1,3,0,C09032,1167,"年 9조 매출 골다공증 치료제, 바이오시밀러 본격 경쟁",2025-03-31,https://www.chosun.com/economy/economy_general/2025/03/31/L7JXVSCOVNAB5CCYIBBYHALFZM,65세 이상이 인구의 20% 이상을 차지하는 ‘초고령 사회’에 진입한 한국에서 ‘골다공증 치료제’ 출시 경쟁이 본격화했다는 평가가 나온다.,인구지표,인구지표; 판매·생산량; 비율·증감률,True,,"지난해 한국에서 매출 1750억원을 올린 프롤리아에 도전장을 내민 국내 바이오 기업 셀트리온과 삼성바이오에피스가 각각 대웅제약, 한미약품과 공동 판매 계약을 맺고 시장 공략에 나선 것이다.",셀트리온은 지난 19일 ‘스토보클로’라는 이름으로 프롤리아의 바이오 시밀러(바이오 의약품 복제약)를 출시하면서 대웅제약과 공동 판매 계약을 맺었다고 밝혔다.,[20],['%'],[],[],"OECD 국가별 65세 이상 인구의 비중(tblId=DT_113_STBL_1015046); 미혼남녀(20~44세)의 자녀를 안심하고 낳아 기를 수 있는 바람직한 사회 여건에 관한  인식(1순위)(tblId=DT_33101N1023); 주요 인구지표(부양비, 노령화지수, 중위연령 등) - 시군구(tblId=DT_1IN2030); 주요 인구지표(성비,인구성장률,인구구조,부양비 등) / 전국(tblId=DT_1BPA002); 주요 인구지표(성비,인구성장률,인구구조,부양비 등)/시도(tblId=DT_1BPB002)",,,판단불가,101,DT_1BPA002,1,T10,Y,"[Claude 검토] 장래인구추계/주민등록인구현황(65세이상 인구비중) 매치. 기존에 반복 확인된 패턴. | obj_l1 수동 선택 필요(가정별, 후보 3개 -> obj_l1_candidates 컬럼 참고) / 분류축이 2개라 obj_l2 이상 추가 필요할 수 있음: 인구구조부양비별",1:중위 추계(기본 추계: 출산율-중위 / 기대수명-중위 / 국제순이동-중위); 2:고위 추계(최대인구 추계: 출산율-고위 / 기대수명-고위 / 국제순이동-고위); 3:저위 추계(최소인구 추계: 출산율-저위 / 기대수명-저위 / 국제순이동-저위),
P0,주요 ID 4종이 채워져 있어 매핑 적합성 확인 후 API 검증 가능,1,6,0,C00230,23,정부 “올해 경제성장률 1.8%”… 한은 전망보다 더 낮췄다,2025-01-02,https://www.chosun.com/economy/economy_general/2025/01/02/FWT5PD42TZED7JTIXYCIECCFRE,"지난달 30일 발표된 통계청의 ‘11월 산업활동동향’에 따르면, 생산은 작년 9월(-0.4%)·10월(-0.2%)·11월(-0.4%) 등 3개월 연속으로 전월 대비 감소했다.",비율·증감률,비율·증감률; 건수·개수; 날짜·시간,True,,최근 한달새 나온 각종 경기 지표가 부진한 모습을 보인 점도 정부의 보수적인 경기 전망에 한몫했다.,설비투자도 작년 10월(-5.9%)·11월(-1.6%) 등 2달 연속 감소했다.,"[30, 11, 9, 0.4, 10, 0.2, 11, 0.4, 3]","['일', '월', '월', '%', '월', '%', '월', '%', '개']",[],[],항목별 부모님과 지난 한 달 동안(2005년 9월 1일~30일) 함께한 월평균 횟수(만15세 이상 24세 이하 청소년 대상)(tblId=DT_154001_A084); 급성심근경색증 입원 환자의 병원 내·외 30일 치명률(tblId=DT_117100_A001); 출혈성 뇌졸중 입원 환자의 병원 내·외 30일 치명률(tblId=DT_117100_A002); 허혈성 뇌졸중 입원 환자의 병원 내·외 30일 치명률(tblId=DT_117100_A003); 정신질환자의 퇴원 후 30일 내 자살률(tblId=DT_117100_A017_3),,,판단불가,101,DT_1JH20202,1,T1,M,"[Claude 검토] 산업활동동향 생산지수(전산업생산지수, 계절조정) 후보로 판단, org_id/tbl_id 채움 | obj_l1 수동 선택 필요(산업별 지수, 후보 6개 -> obj_l1_candidates 컬럼 참고)",1:전산업생산지수; 1A:농림어업; 1B:광공업; 1D:건설업; 1C:서비스업; 1E:공공행정,
P0,주요 ID 4종이 채워져 있어 매핑 적합성 확인 후 API 검증 가능,1,6,0,C05551,709,“올 취업자수 최대 6만명 줄 것”… ‘인구 오너스 시대’ 오나,2025-02-24,https://www.chosun.com/economy/economy_general/2025/02/24/AXTTAUKCC5FQNGJDVW7EUZW55Y,"◇연간 출생아 70만명대였던 ‘90년대 초반생 효과’ 사라져 23일 김지연 한국개발연구원(KDI) 연구위원 분석에 따르면, 올해 인구 구조 변화로 취업자 수는 전년 대비 1만2000~6만명 정도 줄어들 것으로 예상된다.",고용지표,고용지표; 인구지표; 날짜·시간,True,,"일하는 사람이 줄어들면 돈을 쓸 사람도, 기술을 이어받을 사람도, 세금을 낼 사람도 감소하기 때문에 장기적인 경기 침체로 이어질 가능성이 높다.","올해와 작년 고용 여건에 변화가 없다고 가정하고, 순전히 일할 사람이 줄어들면서 취업자 수도 감소한다는 것이다.","[90, 23]","['년', '일']",[],[],,,,판단불가,101,INH_1B8000F_01,11,T1,Y,"[Claude 검토] 인구동향조사(출생아수, 합계출산율 등) 매치. ""90년대초반생"" 시기 연간 출생아 70만명대 역사적 수치. | obj_l1 수동 선택 필요(기본항목별, 후보 6개 -> obj_l1_candidates 컬럼 참고)",11:출생아수(명); 14:자연증가건수(명); 21:조출생률(천명당); 24:자연증가율(천명당); 30:합계출산율(명); 31:출생성비(명),
P0,주요 ID 4종이 채워져 있어 매핑 적합성 확인 후 API 검증 가능,1,6,0,C06498,816,1월 생산 2.7%↓ 소비 0.6%↓ 투자 14.2%↓ ‘트리플 감소’,2025-03-04,https://www.chosun.com/economy/economy_general/2025/03/04/FU65MUD47VCAFLZSKULBHJ3HDY,통계청이 4일 발표한 ‘1월 산업활동 동향’에 따르면 지난 1월 전(全)산업 생산지수는 111.2(2020년=100)로 전달보다 2.7% 줄었다.,비율·증감률,비율·증감률; 날짜·시간,True,,엿새의 황금 설 연휴로 조업(操業) 일수가 줄면서 생산은 코로나 유행 초기 이후 거의 5년 만에 가장 큰 폭으로 줄었다.,2020년 2월 이후 4년 11개월 만에 가장 큰 감소폭이다.,"[4, 1, 1, 2020, 2.7]","['일', '월', '월', '년', '%']",['2020'],[],종사자의 국제결혼중개업자 대상 교육 여부 : 2020년 1월 1일 ~ 12월 31일(tblId=DT_154017_24CC002000); 종사자의 국제결혼중개업자 대상 교육 여부 : 2021년 1월 1일 ~ 12월 31일(tblId=DT_154017_24CC002100); 종사자의 국제결혼중개업자 대상 교육 여부 : 2022년 1월 1일 ~ 12월 31일(tblId=DT_154017_24CC002200); 성별 구직단념자(2014.1월~현재)(tblId=DT_1DA7156AS); 행정구역(시도)/산업별(제조업 중분류) 고용(2021년 1월 이후)(tblId=DT_118N_MONC56),,,판단불가,101,DT_1JH20202,1,T1,M,"[Claude 검토] 통계청 전산업생산지수(계절조정, 월별) 매칭, 1월 산업활동동향 지수(111.2) 확인 가능 | obj_l1 수동 선택 필요(산업별 지수, 후보 6개 -> obj_l1_candidates 컬럼 참고)",1:전산업생산지수; 1A:농림어업; 1B:광공업; 1D:건설업; 1C:서비스업; 1E:공공행정,
P0,주요 ID 4종이 채워져 있어 매핑 적합성 확인 후 API 검증 가능,1,6,0,C06500,816,1월 생산 2.7%↓ 소비 0.6%↓ 투자 14.2%↓ ‘트리플 감소’,2025-03-04,https://www.chosun.com/economy/economy_general/2025/03/04/FU65MUD47VCAFLZSKULBHJ3HDY,작년 11월 1.2% 줄었던 전산업 생산은 12월 1.7% 증가했지만 올해 첫 달 들어 다시 감소세로 돌아섰다.,비율·증감률,비율·증감률; 날짜·시간,True,,2020년 2월 이후 4년 11개월 만에 가장 큰 감소폭이다.,제조업이 2.4% 줄어드는 등 광공업 생산이 2.3% 감소했다.,"[11, 1.2, 12, 1.7]","['월', '%', '월', '%']",[],[],"작년 임금 근로활동 여부(tblId=DT_KWMP_2020136); 작년 월 평균 임금(세전, 인센티브 제외)(tblId=DT_KWMP_2020006); 작년 연간 평균 인센티브(세전)(tblId=DT_KWMP_2020007); 작년 매출액(tblId=DT_111014_A071); 작년 대비 지역 내 불법체류 외국인 고용 규모 변화(tblId=DT_111014_B099)",,,판단불가,101,DT_1JH20202,1,T1,M,"[Claude 검토] 통계청 전산업생산지수(계절조정, 월별) 매칭, 11월/12월 전월대비 증감률 확인 가능 | obj_l1 수동 선택 필요(산업별 지수, 후보 6개 -> obj_l1_candidates 컬럼 참고)",1:전산업생산지수; 1A:농림어업; 1B:광공업; 1D:건설업; 1C:서비스업; 1E:공공행정,
P0,주요 ID 4종이 채워져 있어 매핑 적합성 확인 후 API 검증 가능,1,6,0,C06568,828,"생산도, 소비도, 투자도… 1월 경제지표 모두 내렸다",2025-03-05,https://www.chosun.com/economy/economy_general/2025/03/05/LZV322K34BAJLPJWLMSSO3DZYQ,통계청은 4일 ‘1월 산업활동 동향’에서 1월 전(全)산업 생산이 전달보다 2.7% 줄었다고 밝혔다.,비율·증감률,비율·증감률; 날짜·시간,True,,특히 엿새간 설 연휴(1월 25~30일)로 조업 일수가 줄면서 생산은 코로나 팬데믹 초기 이후 5년여 만에 가장 큰 폭으로 줄었다.,이는 2020년 2월(-2.9%) 이후 4년 11개월 만에 가장 큰 감소 폭이다.,"[4, 1, 1, 2.7]","['일', '월', '월', '%']",[],[],종사자의 국제결혼중개업자 대상 교육 여부 : 2020년 1월 1일 ~ 12월 31일(tblId=DT_154017_24CC002000); 종사자의 국제결혼중개업자 대상 교육 여부 : 2021년 1월 1일 ~ 12월 31일(tblId=DT_154017_24CC002100); 종사자의 국제결혼중개업자 대상 교육 여부 : 2022년 1월 1일 ~ 12월 31일(tblId=DT_154017_24CC002200); 성별 구직단념자(2014.1월~현재)(tblId=DT_1DA7156AS); 행정구역(시도)/산업별(제조업 중분류) 고용(2021년 1월 이후)(tblId=DT_118N_MONC56),,,판단불가,101,DT_1JH20202,1,T1,M,"[Claude 검토] 통계청 전산업생산지수(계절조정, 월별) 매칭(C06498 중복), 1월 전달대비 증감률(2.7%) 확인 가능 | obj_l1 수동 선택 필요(산업별 지수, 후보 6개 -> obj_l1_candidates 컬럼 참고)",1:전산업생산지수; 1A:농림어업; 1B:광공업; 1D:건설업; 1C:서비스업; 1E:공공행정,
P0,주요 ID 4종이 채워져 있어 매핑 적합성 확인 후 API 검증 가능,1,6,0,C06569,828,"생산도, 소비도, 투자도… 1월 경제지표 모두 내렸다",2025-03-05,https://www.chosun.com/economy/economy_general/2025/03/05/LZV322K34BAJLPJWLMSSO3DZYQ,이는 2020년 2월(-2.9%) 이후 4년 11개월 만에 가장 큰 감소 폭이다.,비율·증감률,비율·증감률; 건수·개수; 날짜·시간,True,,통계청은 4일 ‘1월 산업활동 동향’에서 1월 전(全)산업 생산이 전달보다 2.7% 줄었다고 밝혔다.,제조업이 전달보다 2.4% 줄어드는 등 광공업 생산이 2.3% 감소했다.,"[2020, 2, 2.9, 4, 11]","['년', '월', '%', '년', '개']",['2020'],[],코로나19 이후 가장 걱정되는 것(tblId=DT_154013_B023); 학업중단 시기(가장 최근 기준)(tblId=DT_154013_A043); 코로나19 이후 학업 스트레스 변화(tblId=DT_154013_A071); 코로나19 이후 활동 확대 찬반(tblId=DT_154013_A072); 코로나19 이후 삶의 변화(tblId=DT_154013_A074),,,판단불가,101,DT_1JH20202,1,T1,M,"[Claude 검토] 통계청 전산업생산지수(계절조정, 월별) 매칭, 2020년2월과의 감소폭 비교 확인 가능 | obj_l1 수동 선택 필요(산업별 지수, 후보 6개 -> obj_l1_candidates 컬럼 참고)",1:전산업생산지수; 1A:농림어업; 1B:광공업; 1D:건설업; 1C:서비스업; 1E:공공행정,
P0,주요 ID 4종이 채워져 있어 매핑 적합성 확인 후 API 검증 가능,1,6,0,C09015,1164,생산·소비·투자 2달 만에 ‘트리플 증가’...설 연휴로 연초 경기 등락 커,2025-03-31,https://www.chosun.com/economy/economy_general/2025/03/31/7OFBJ6XSYZAL3MWER6FBINVWN4,"31일 통계청이 발표한 ‘2월 산업활동동향’에 따르면, 지난달 전(全)산업 생산지수는 111.7로 전월 대비 0.6% 증가했다.",비율·증감률,비율·증감률; 날짜·시간,True,,"1월 설 연휴로 생산 등이 줄어들었다가, 지난달은 특별한 휴일이 없어 다시 전월 대비 경기 수치가 개선되는 등 부침을 보이는 것으로 풀이된다.",1월에는 3% 감소했었다.,"[31, 2, 0.6]","['일', '월', '%']",[],[],종사자의 국제결혼중개업자 대상 교육 여부 : 2020년 1월 1일 ~ 12월 31일(tblId=DT_154017_24CC002000); 종사자의 국제결혼중개업자 대상 교육 여부 : 2021년 1월 1일 ~ 12월 31일(tblId=DT_154017_24CC002100); 종사자의 국제결혼중개업자 대상 교육 여부 : 2022년 1월 1일 ~ 12월 31일(tblId=DT_154017_24CC002200); 기업경영상 애로요인(복수응답)(tblId=DT_A10120); 중소제조업 평균가동률(10년1월이후)(tblId=DT_A10121),,,판단불가,101,DT_1JH20202,1,T1,M,"[Claude 검토] 통계청 전산업생산지수(계절조정, 월별) 매칭, 2월 전월대비 증감률(0.6%) 확인 가능 | obj_l1 수동 선택 필요(산업별 지수, 후보 6개 -> obj_l1_candidates 컬럼 참고)",1:전산업생산지수; 1A:농림어업; 1B:광공업; 1D:건설업; 1C:서비스업; 1E:공공행정,
P0,주요 ID 4종이 채워져 있어 매핑 적합성 확인 후 API 검증 가능,1,0,8,C03991,506,"뉴욕증시, 트럼프 관세 발표 예고에 ‘뚝’…테슬라 3.4% 하락",2025-02-08,https://www.chosun.com/economy/money/2025/02/08/DQXNITJ32E7RCV32AFGAZ3R7PI,"실업률은 4.0%로 전월(4.1%)보다 낮아졌고, 전문가 예상치(4.1%)도 하회했다.",고용지표,고용지표; 비율·증감률,True,,미 노동부에 따르면 1월 미국 비농업 일자리는 전월대비 14만3000명 증가했다.,전기차를 중심으로 주요 기술주는 일제히 하락했다.,"[4.0, 4.1, 4.1]","['%', '%', '%']",[],[],,,,판단불가,101,DT_1DA7001S,0,T80,M,[Claude 검토] 경제활동인구조사(공식 실업률) 매치. 후보없음 처리됐던 건이나 실제 매칭 표 존재 확인. | itm_id 수동 선택 필요(후보 8개 -> itm_id_candidates 컬럼 참고),,T10:15세이상인구; T20:경제활동인구; T30:취업자; T40:실업자; T50:비경제활동인구; T60:경제활동참가율; T80:실업률; T90:고용률
P0,주요 ID 4종이 채워져 있어 매핑 적합성 확인 후 API 검증 가능,1,0,14,C07630,967,"작년 300인 이상 기업 직원 평균연봉, 처음으로 7000만원 돌파",2025-03-16,https://www.chosun.com/economy/industry-company/2025/03/16/73DYMLAQCVF2XC4EFAYPF2YXPA,1 작년 상용 근로자의 연간 평균 임금 총액은 4917만원으로 전년 대비 136만원(2.9%) 늘어난 것으로 나타났다.,임금·소득,임금·소득; 비율·증감률; 금액,True,,,"연간 임금은 정액 급여(기본급·통상 수당 등)와 특별 급여(상여금 등)를 합산한 금액으로, 초과 급여(연장·휴일 수당)는 제외된다.","[4917, 136, 2.9]","['만원', '만원', '%']",[],[],"작년 월 평균 임금(세전, 인센티브 제외)(tblId=DT_KWMP_2020006); 전년도 연간 인센티브 평균(tblId=DT_KWMP_A0008); 생산직 근로자 평균 임금_상용 근로자(내국인)(tblId=DT_111014_A050); 생산직 근로자 평균 임금_상용 근로자(외국인)(tblId=DT_111014_A051); 생산직 근로자 평균 임금_상용 근로자(내국인)(tblId=DT_111014_B040)",,,판단불가,118,DT_118N_MON051,190326INDUSTRY_10S0,13103110311MD_13,Y,"[Claude 검토] 고용노동부 사업체노동력조사(산업/규모별 임금 및 근로시간, 2020년이후) 매칭, 상용근로자 연간 평균임금 확인 가능 | 분류축이 2개라 obj_l2 이상 추가 필요할 수 있음: 규모별 / itm_id 수동 선택 필요(후보 14개 -> itm_id_candidates 컬럼 참고)",,13103110311MD_4:전체근로일수; 13103110311MD_5:상용근로일수; 13103110311MD_6:임시일용근로일수; 13103110311MD_7:전체근로시간; 13103110311MD_8:상용총근로시간; 13103110311MD_9:상용소정실근로시간; 13103110311MD_10:상용초과근로시간; 13103110311MD_11:임시일용근로시간; 13103110311MD_12:전체임금총액; 13103110311MD_13:상용임금총액; 13103110311MD_14:상용정액급여; 13103110311MD_15:상용초과급여; 13103110311MD_16:상용특별급여; 13103110311MD_17:임시일용임금총액
P0,주요 ID 4종이 채워져 있어 매핑 적합성 확인 후 API 검증 가능,1,0,14,C07631,967,"작년 300인 이상 기업 직원 평균연봉, 처음으로 7000만원 돌파",2025-03-16,https://www.chosun.com/economy/industry-company/2025/03/16/73DYMLAQCVF2XC4EFAYPF2YXPA,"특히, 작년 300인 이상 사업체 상용 근로자의 연간 평균 임금 총액은 처음으로 초과 급여를 제외하고도 7000만원을 넘어선 것으로 나타났다.",임금·소득,임금·소득; 금액,True,,"연간 임금은 정액 급여(기본급·통상 수당 등)와 특별 급여(상여금 등)를 합산한 금액으로, 초과 급여(연장·휴일 수당)는 제외된다.","16일 한국경영자총협회가 발표한 ‘2024년 사업체 임금 인상 특징 분석’에 따르면, 상용 근로자의 작년 연 임금 총액(4917만원)은 전년(4781만원) 대비 136만원(2.9%) 인상됐다.",[7000],['만원'],[],[],"작년 월 평균 임금(세전, 인센티브 제외)(tblId=DT_KWMP_2020006); 전년도 연간 인센티브 평균(tblId=DT_KWMP_A0008); 생산직 근로자 평균 임금_상용 근로자(내국인)(tblId=DT_111014_A050); 생산직 근로자 평균 임금_상용 근로자(외국인)(tblId=DT_111014_A051); 생산직 근로자 평균 임금_상용 근로자(내국인)(tblId=DT_111014_B040)",,,판단불가,118,DT_118N_MON051,190326INDUSTRY_10S0,13103110311MD_14,Y,"[Claude 검토] 고용노동부 사업체노동력조사(산업/규모별 임금 및 근로시간) 매칭, 300인이상 사업체 임금 확인 가능 | 분류축이 2개라 obj_l2 이상 추가 필요할 수 있음: 규모별 / itm_id 수동 선택 필요(후보 14개 -> itm_id_candidates 컬럼 참고) | 초과급여 제외 임금 = 정액급여+특별급여 조합, 단일 코드로 근사",,13103110311MD_4:전체근로일수; 13103110311MD_5:상용근로일수; 13103110311MD_6:임시일용근로일수; 13103110311MD_7:전체근로시간; 13103110311MD_8:상용총근로시간; 13103110311MD_9:상용소정실근로시간; 13103110311MD_10:상용초과근로시간; 13103110311MD_11:임시일용근로시간; 13103110311MD_12:전체임금총액; 13103110311MD_13:상용임금총액; 13103110311MD_14:상용정액급여; 13103110311MD_15:상용초과급여; 13103110311MD_16:상용특별급여; 13103110311MD_17:임시일용임금총액
P0,주요 ID 4종이 채워져 있어 매핑 적합성 확인 후 API 검증 가능,1,0,14,C07632,967,"작년 300인 이상 기업 직원 평균연봉, 처음으로 7000만원 돌파",2025-03-16,https://www.chosun.com/economy/industry-company/2025/03/16/73DYMLAQCVF2XC4EFAYPF2YXPA,"16일 한국경영자총협회가 발표한 ‘2024년 사업체 임금 인상 특징 분석’에 따르면, 상용 근로자의 작년 연 임금 총액(4917만원)은 전년(4781만원) 대비 136만원(2.9%) 인상됐다.",임금·소득,임금·소득; 비율·증감률; 금액; 날짜·시간,True,,"특히, 작년 300인 이상 사업체 상용 근로자의 연간 평균 임금 총액은 처음으로 초과 급여를 제외하고도 7000만원을 넘어선 것으로 나타났다.",2020년(4222만원)과 비교해선 695만원(16.5%) 올랐다.,"[16, 2024, 4917, 4781, 136, 2.9]","['일', '년', '만원', '만원', '만원', '%']",['2024'],[],"산업/규모별 임금 및 근로시간(tblId=DT_118N_MON054); 산업/규모별 임금 및 근로시간(누계)(tblId=DT_118N_MON055); 산업/규모별 임금 및 근로시간(tblId=DT_118N_MON051); 산업/규모별 임금 및 근로시간(누계)(tblId=DT_118N_MON052); 행정구역(시도)/ 산업/규모별 임금 및 근로시간(상용근로자, 상용근로자 1인이상 사업체, 2023년~현재)(tblId=DT_118N_MON060)",,,판단불가,118,DT_118N_MON051,190326INDUSTRY_10S0,13103110311MD_13,Y,"[Claude 검토] 고용노동부 사업체노동력조사(경총 분석의 원자료) 매칭, 연 임금총액 확인 가능 | 분류축이 2개라 obj_l2 이상 추가 필요할 수 있음: 규모별 / itm_id 수동 선택 필요(후보 14개 -> itm_id_candidates 컬럼 참고)",,13103110311MD_4:전체근로일수; 13103110311MD_5:상용근로일수; 13103110311MD_6:임시일용근로일수; 13103110311MD_7:전체근로시간; 13103110311MD_8:상용총근로시간; 13103110311MD_9:상용소정실근로시간; 13103110311MD_10:상용초과근로시간; 13103110311MD_11:임시일용근로시간; 13103110311MD_12:전체임금총액; 13103110311MD_13:상용임금총액; 13103110311MD_14:상용정액급여; 13103110311MD_15:상용초과급여; 13103110311MD_16:상용특별급여; 13103110311MD_17:임시일용임금총액
P0,주요 ID 4종이 채워져 있어 매핑 적합성 확인 후 API 검증 가능,1,0,14,C07633,967,"작년 300인 이상 기업 직원 평균연봉, 처음으로 7000만원 돌파",2025-03-16,https://www.chosun.com/economy/industry-company/2025/03/16/73DYMLAQCVF2XC4EFAYPF2YXPA,2020년(4222만원)과 비교해선 695만원(16.5%) 올랐다.,비율·증감률,비율·증감률; 금액; 날짜·시간,True,,"16일 한국경영자총협회가 발표한 ‘2024년 사업체 임금 인상 특징 분석’에 따르면, 상용 근로자의 작년 연 임금 총액(4917만원)은 전년(4781만원) 대비 136만원(2.9%) 인상됐다.",상용 근로자는 고용 계약 기간이 정해지지 않거나 1년 이상인 임금 근로자다.,"[2020, 4222, 695, 16.5]","['년', '만원', '만원', '%']",['2020'],[],주관적 안녕감(tblId=DT_154013_A001); 수면(tblId=DT_154013_A002); 충분한 수면(tblId=DT_154013_A003); 식습관(tblId=DT_154013_A004); 운동(tblId=DT_154013_A005),,,판단불가,118,DT_118N_MON051,190326INDUSTRY_10S0,13103110311MD_13,Y,"[Claude 검토] 고용노동부 사업체노동력조사 매칭, 2020년 대비 임금 비교 확인 가능 | 분류축이 2개라 obj_l2 이상 추가 필요할 수 있음: 규모별 / itm_id 수동 선택 필요(후보 14개 -> itm_id_candidates 컬럼 참고)",,13103110311MD_4:전체근로일수; 13103110311MD_5:상용근로일수; 13103110311MD_6:임시일용근로일수; 13103110311MD_7:전체근로시간; 13103110311MD_8:상용총근로시간; 13103110311MD_9:상용소정실근로시간; 13103110311MD_10:상용초과근로시간; 13103110311MD_11:임시일용근로시간; 13103110311MD_12:전체임금총액; 13103110311MD_13:상용임금총액; 13103110311MD_14:상용정액급여; 13103110311MD_15:상용초과급여; 13103110311MD_16:상용특별급여; 13103110311MD_17:임시일용임금총액
P0,주요 ID 4종이 채워져 있어 매핑 적합성 확인 후 API 검증 가능,1,0,14,C07635,967,"작년 300인 이상 기업 직원 평균연봉, 처음으로 7000만원 돌파",2025-03-16,https://www.chosun.com/economy/industry-company/2025/03/16/73DYMLAQCVF2XC4EFAYPF2YXPA,작년 연 임금총액 인상률 2.9%는 전년(2.8%)에 비해 0.1%포인트 올랐다.,임금·소득,임금·소득; 비율·증감률,True,,경총은 고용노동부의 ‘사업체 노동력 조사’ 원 자료를 분석했다.,2023년 전년 대비 2.9% 감소했던 특별급여가 2024년에는 0.4% 증가한 영향인 것으로 풀이됐다.,"[2.9, 2.8, 0.1]","['%', '%', '%']",[],[],"근로여건 만족도-임금(일에 비해)(tblId=DT_1W40009); 작년 임금 근로활동 여부(tblId=DT_KWMP_2020136); 작년 월 평균 임금(세전, 인센티브 제외)(tblId=DT_KWMP_2020006); 경력단절 당시의 일자리 월평균 임금(소득)(tblId=DT_MOGE_3036200330); 경력단절 당시의 일자리 월평균 임금(소득)(tblId=DT_MOGE_3036200064)",,,판단불가,118,DT_118N_MON051,190326INDUSTRY_10S0,13103110311MD_13,Y,"[Claude 검토] 고용노동부 사업체노동력조사 매칭, 연 임금총액 인상률 확인 가능 | 분류축이 2개라 obj_l2 이상 추가 필요할 수 있음: 규모별 / itm_id 수동 선택 필요(후보 14개 -> itm_id_candidates 컬럼 참고)",,13103110311MD_4:전체근로일수; 13103110311MD_5:상용근로일수; 13103110311MD_6:임시일용근로일수; 13103110311MD_7:전체근로시간; 13103110311MD_8:상용총근로시간; 13103110311MD_9:상용소정실근로시간; 13103110311MD_10:상용초과근로시간; 13103110311MD_11:임시일용근로시간; 13103110311MD_12:전체임금총액; 13103110311MD_13:상용임금총액; 13103110311MD_14:상용정액급여; 13103110311MD_15:상용초과급여; 13103110311MD_16:상용특별급여; 13103110311MD_17:임시일용임금총액
P0,주요 ID 4종이 채워져 있어 매핑 적합성 확인 후 API 검증 가능,1,0,14,C07636,967,"작년 300인 이상 기업 직원 평균연봉, 처음으로 7000만원 돌파",2025-03-16,https://www.chosun.com/economy/industry-company/2025/03/16/73DYMLAQCVF2XC4EFAYPF2YXPA,2023년 전년 대비 2.9% 감소했던 특별급여가 2024년에는 0.4% 증가한 영향인 것으로 풀이됐다.,임금·소득,임금·소득; 비율·증감률; 날짜·시간,True,,작년 연 임금총액 인상률 2.9%는 전년(2.8%)에 비해 0.1%포인트 올랐다.,"사업체 규모별로는, 작년 300인 미만 사업체의 연 임금총액은 4427만원, 300인 이상은 7121만원으로 각각 전년 대비 3.0%, 2.2% 늘었다.","[2023, 2.9, 2024, 0.4]","['년', '%', '년', '%']","['2023', '2024']",[],전년 대비 임금 동향(tblId=DT_448001_A011); 임금 동향(전년 대비 임금인상 경우)(tblId=DT_472001_A052); 임금 동향(전년 대비 임금인하 경우)(tblId=DT_472001_A053); 임금 동향(전년 대비 임금동결 경우)(tblId=DT_472001_A054); 직종별 비장애인 대비 장애인 임금수준(tblId=TX_383_2009_H1055),,,판단불가,118,DT_118N_MON051,190326INDUSTRY_10S0,13103110311MD_16,Y,"[Claude 검토] 고용노동부 사업체노동력조사 매칭, 특별급여 항목 확인 필요 | 분류축이 2개라 obj_l2 이상 추가 필요할 수 있음: 규모별 / itm_id 수동 선택 필요(후보 14개 -> itm_id_candidates 컬럼 참고)",,13103110311MD_4:전체근로일수; 13103110311MD_5:상용근로일수; 13103110311MD_6:임시일용근로일수; 13103110311MD_7:전체근로시간; 13103110311MD_8:상용총근로시간; 13103110311MD_9:상용소정실근로시간; 13103110311MD_10:상용초과근로시간; 13103110311MD_11:임시일용근로시간; 13103110311MD_12:전체임금총액; 13103110311MD_13:상용임금총액; 13103110311MD_14:상용정액급여; 13103110311MD_15:상용초과급여; 13103110311MD_16:상용특별급여; 13103110311MD_17:임시일용임금총액
P0,주요 ID 4종이 채워져 있어 매핑 적합성 확인 후 API 검증 가능,1,0,14,C07637,967,"작년 300인 이상 기업 직원 평균연봉, 처음으로 7000만원 돌파",2025-03-16,https://www.chosun.com/economy/industry-company/2025/03/16/73DYMLAQCVF2XC4EFAYPF2YXPA,"사업체 규모별로는, 작년 300인 미만 사업체의 연 임금총액은 4427만원, 300인 이상은 7121만원으로 각각 전년 대비 3.0%, 2.2% 늘었다.",임금·소득,임금·소득; 비율·증감률; 금액,True,,2023년 전년 대비 2.9% 감소했던 특별급여가 2024년에는 0.4% 증가한 영향인 것으로 풀이됐다.,"300인 이상 사업체 연 임금총액은 2020년 5995만원으로 6000만원대에 근접한 이후, 2024년 처음으로 7000만원을 넘어섰다.","[4427, 7121, 3.0, 2.2]","['만원', '만원', '%', '%']",[],[],50인 이상 300인 미만 사업체의 주52시간제 도입 여부(tblId=DT_113_STBL_1030634); 식품산업 규모별 현황 및 전망_종사자수 300인 이상 사업체(tblId=DT_114057_D05); 산업/규모별 임금 및 근로시간(tblId=DT_118N_MON054); 산업/규모별 임금 및 근로시간(누계)(tblId=DT_118N_MON055); 산업/규모별 임금 및 근로시간(tblId=DT_118N_MON051),,,판단불가,118,DT_118N_MON051,190326INDUSTRY_10S0,13103110311MD_13,Y,"[Claude 검토] 고용노동부 사업체노동력조사 매칭, 사업체 규모별(300인 미만/이상) 임금 확인 가능 | 분류축이 2개라 obj_l2 이상 추가 필요할 수 있음: 규모별 / itm_id 수동 선택 필요(후보 14개 -> itm_id_candidates 컬럼 참고) | 사업체 규모별(300인미만/이상) 분류축 별도 확인 필요",,13103110311MD_4:전체근로일수; 13103110311MD_5:상용근로일수; 13103110311MD_6:임시일용근로일수; 13103110311MD_7:전체근로시간; 13103110311MD_8:상용총근로시간; 13103110311MD_9:상용소정실근로시간; 13103110311MD_10:상용초과근로시간; 13103110311MD_11:임시일용근로시간; 13103110311MD_12:전체임금총액; 13103110311MD_13:상용임금총액; 13103110311MD_14:상용정액급여; 13103110311MD_15:상용초과급여; 13103110311MD_16:상용특별급여; 13103110311MD_17:임시일용임금총액
P0,주요 ID 4종이 채워져 있어 매핑 적합성 확인 후 API 검증 가능,1,0,14,C07642,967,"작년 300인 이상 기업 직원 평균연봉, 처음으로 7000만원 돌파",2025-03-16,https://www.chosun.com/economy/industry-company/2025/03/16/73DYMLAQCVF2XC4EFAYPF2YXPA,"작년 연 임금총액을 연간 소정 실근로 시간(초과 근로 시간 제외)으로 나눈 ‘시간당 임금’은 2만6505원으로, 전년(2만5604원)보다 3.5% 올라 연 임금총액 인상률(2.9%)보다 0.6%포인트 높았다.",임금·소득,임금·소득; 비율·증감률; 금액,True,,"또한, 최근 실제 근로 시간은 급격하게 감소하면서 시간당 임금은 연 임금총액보다 훨씬 높게 오른 것으로 분석됐다.","경총에 따르면, 상용 근로자의 시간당 임금(초과 근로 제외)은 2011년 1만5488원에서 작년까지 71.1% 올라, 같은 기간 연 임금총액 인상률(54.4%)보다 크게 높았다.","[6505, 5604, 3.5, 2.9, 0.6]","['원', '원', '%', '%', '%']",[],[],"디자이너 전체 한 달 초과 근로 시간(tblId=DT_448001_A018); 작년 월 평균 임금(세전, 인센티브 제외)(tblId=DT_KWMP_2020006); [중앙부처및지자체]디자이너 재교육 실시여부- 연간 시간 [평균](tblId=DT_11526N_2015_A092); [중앙부처및지자체]연간 디자인 직원 교육 실시 시간(2012)(tblId=DT_11526N_2012_A016); [중앙부처및지자체]연간 디자인 직원 교육 실시 시간(2010)(tblId=DT_11526N_2010_A021)",,,판단불가,118,DT_118N_MON051,190326INDUSTRY_10S0,13103110311MD_13,Y,"[Claude 검토] 고용노동부 사업체노동력조사 매칭, 시간당 임금 계산 필요 | 분류축이 2개라 obj_l2 이상 추가 필요할 수 있음: 규모별 / itm_id 수동 선택 필요(후보 14개 -> itm_id_candidates 컬럼 참고) | 시간당임금은 MD_13(임금총액)/MD_9(소정실근로시간) 조합 계산값",,13103110311MD_4:전체근로일수; 13103110311MD_5:상용근로일수; 13103110311MD_6:임시일용근로일수; 13103110311MD_7:전체근로시간; 13103110311MD_8:상용총근로시간; 13103110311MD_9:상용소정실근로시간; 13103110311MD_10:상용초과근로시간; 13103110311MD_11:임시일용근로시간; 13103110311MD_12:전체임금총액; 13103110311MD_13:상용임금총액; 13103110311MD_14:상용정액급여; 13103110311MD_15:상용초과급여; 13103110311MD_16:상용특별급여; 13103110311MD_17:임시일용임금총액
P0,주요 ID 4종이 채워져 있어 매핑 적합성 확인 후 API 검증 가능,1,0,14,C07643,967,"작년 300인 이상 기업 직원 평균연봉, 처음으로 7000만원 돌파",2025-03-16,https://www.chosun.com/economy/industry-company/2025/03/16/73DYMLAQCVF2XC4EFAYPF2YXPA,"경총에 따르면, 상용 근로자의 시간당 임금(초과 근로 제외)은 2011년 1만5488원에서 작년까지 71.1% 올라, 같은 기간 연 임금총액 인상률(54.4%)보다 크게 높았다.",임금·소득,임금·소득; 비율·증감률; 금액; 날짜·시간,True,,"작년 연 임금총액을 연간 소정 실근로 시간(초과 근로 시간 제외)으로 나눈 ‘시간당 임금’은 2만6505원으로, 전년(2만5604원)보다 3.5% 올라 연 임금총액 인상률(2.9%)보다 0.6%포인트 높았다.","경총 하상우 경제조사본부장은 “연공형 임금 체계와 대기업 중심 노동운동으로 지나치게 높아진 대기업 임금을 안정시키고, 고임금 근로자에 대한 과도한 성과급 지급은 자제해야 한다”며 “최근 우리 노동시장의 급격한 근로시간 단축이 눈에 띄지 않는 더 큰 폭의 실질적 임금 상승을 유인해 왔으나 생산성 향상은 이에 미치지 못하고 있는 만큼, 생산성 제고를 위한 노사 모두의 노력이 시급하다”고 했다.","[2011, 5488, 71.1, 54.4]","['년', '원', '%', '%']",['2011'],[],"산업/규모별 임금 및 근로시간(tblId=DT_118N_MON041); 산업/규모별 임금 및 근로시간(누계)(tblId=DT_118N_MON042); 행정구역(시도)/ 산업/규모별 임금 및 근로시간(상용근로자,상용근로자 5인이상 사업체)(tblId=DT_118N_MON049); 행정구역(시도)/ 산업/규모별 임금 및 근로시간(상용근로자, 상용근로자 1인이상 사업체)(tblId=DT_118N_MON048); 작년 월 평균 임금(세전, 인센티브 제외)(tblId=DT_KWMP_2020006)",,,판단불가,118,DT_118N_MON051,190326INDUSTRY_10S0,13103110311MD_13,Y,"[Claude 검토] 고용노동부 사업체노동력조사 매칭(2011년 비교는 DT_118N_MON041 병행 확인 필요), 시간당 임금 추이 확인 가능 | 분류축이 2개라 obj_l2 이상 추가 필요할 수 있음: 규모별 / itm_id 수동 선택 필요(후보 14개 -> itm_id_candidates 컬럼 참고) | 시간당임금은 MD_13/MD_9 조합 계산값",,13103110311MD_4:전체근로일수; 13103110311MD_5:상용근로일수; 13103110311MD_6:임시일용근로일수; 13103110311MD_7:전체근로시간; 13103110311MD_8:상용총근로시간; 13103110311MD_9:상용소정실근로시간; 13103110311MD_10:상용초과근로시간; 13103110311MD_11:임시일용근로시간; 13103110311MD_12:전체임금총액; 13103110311MD_13:상용임금총액; 13103110311MD_14:상용정액급여; 13103110311MD_15:상용초과급여; 13103110311MD_16:상용특별급여; 13103110311MD_17:임시일용임금총액
P0,주요 ID 4종이 채워져 있어 매핑 적합성 확인 후 API 검증 가능,1,15,0,C04992,634,작년 가계빚 41조 늘어난 1927조원...역대 최고치,2025-02-18,https://www.chosun.com/economy/economy_general/2025/02/18/R2YC75IKMRBWVONVGQIRQ7TKYI,"작년에 주택담보대출은 59조원(5.6%) 넘게 늘었는데, 이 역시 2021년 이후 가장 큰 폭이다.",비율·증감률,비율·증감률; 금액; 날짜·시간,True,,작년에 가계빚 증가세를 이끈 건 주택담보대출이다.,다만 작년 4분기(10~12월)에는 금융 당국과 은행권의 가계 대출 관리로 주택담보대출이 11조7000억원가량 늘며 전 분기(19조4000억원)보다 증가세가 둔화됐다.,"[59, 5.6, 2021]","['조원', '%', '년']",['2021'],[],만 5세 이하 자녀의 부모로서 가장 어려운 점(tblId=DT_117079_22BB011800); 직장생활의 가장 큰 어려움(tblId=DT_117079_22BB014500); 병원에 가지 못한 가장 큰 이유(tblId=DT_117079_22BB015700); 만 5세 이하 자녀의 부모로서 가장 어려운 점(tblId=DT_117079_22CC011900); 가장 심각한 신체적 폭력 피해 유형(tblId=DT_154023_22AA010500),,,판단불가,301,DT_151Y004,13102134772ACC_ITEM.11000A0,13103134772999,Q,"[Claude 검토] 한국은행 가계신용(용도별, 분기) 매칭, 주택담보대출 증가액(59조원) 확인 가능 | obj_l1 수동 선택 필요(계정항목별, 후보 15개 -> obj_l1_candidates 컬럼 참고)",13102134772ACC_ITEM.1000000:가계신용; 13102134772ACC_ITEM.1100000:가계대출; 13102134772ACC_ITEM.11000A0:주택관련대출; 13102134772ACC_ITEM.11100A0:주택관련대출-예금취급기관; 13102134772ACC_ITEM.11100B0:기타대출-예금취급기관; 13102134772ACC_ITEM.11110A0:주택관련대출-예금은행; 13102134772ACC_ITEM.11110B0:기타대출-예금은행; 13102134772ACC_ITEM.11000B0:기타대출; 13102134772ACC_ITEM.11200A0:주택관련대출-기타금융기관 등; 13102134772ACC_ITEM.11200B0:기타대출-기타금융기관 등; 13102134772ACC_ITEM.11A00A0:주택관련대출-비은행예금취급기관; 13102134772ACC_ITEM.11A00B0:기타대출-비은행예금취급기관; 13102134772ACC_ITEM.1200000:판매신용; 13102134772ACC_ITEM.1120093:[참고] 주택금융공사 및 주택도시기금의 정책대출; 13102134772ACC_ITEM.1120094:[참고] 예금은행 전세자금대출,
P0,주요 ID 4종이 채워져 있어 매핑 적합성 확인 후 API 검증 가능,1,18,0,C03897,497,지방 미분양 DSR 완화 압박에 난처한 금융위 “효과 의문”,2025-02-08,https://www.chosun.com/economy/economy_general/2025/02/08/KIO3SWFQ3ND2VOYMOMNJ7P3GL4,"국토교통부에 따르면, 지난해 12월말 기준 준공 후 미분양 주택은 2만1480가구로 전월 대비 15.2% 늘었다.",비율·증감률,비율·증감률; 날짜·시간,True,,소득 심사 때문에 대출이 막혀 미분양이 쌓였다고 보기 어렵다는 얘기다.,2014년 7월 이후 10년 5개월 만에 처음으로 2만가구를 넘어섰다.,"[12, 15.2]","['월', '%']",[],[],지난해 어린이집 수 및 이용 아동수(tblId=TX_117_2013_H253); 2022년 12월말 기준 회원 수: 미혼 남자 평균(tblId=DT_154017_24BB001600); 2022년 12월말 기준 회원 수: 재혼 이상 남자 (평균)(tblId=DT_154017_24BB001700); 2022년 12월말 기준 회원 수: 미혼 여자 평균(tblId=DT_154017_24BB001800); 2022년 12월말 기준 회원 수: 재혼 이상 여자 평균(tblId=DT_154017_24BB001900),,,판단불가,116,DT_MLTM_5328,13102871088A.0001,13103871088T1,M,"[Claude 검토] 준공 후 미분양 주택(전월대비 15.2% 증가), 국토교통부 ""공사완료후 미분양현황"" 표로 판단 | obj_l1 수동 선택 필요(구분, 후보 18개 -> obj_l1_candidates 컬럼 참고) / 분류축이 4개라 obj_l2 이상 추가 필요할 수 있음: 시군구, 부문, 규모",13102871088A.0001:전국; 13102871088A.0002:서울; 13102871088A.0003:부산; 13102871088A.0004:대구; 13102871088A.0005:인천; 13102871088A.0006:광주; 13102871088A.0007:대전; 13102871088A.0008:울산; 13102871088A.0009:경기; 13102871088A.0010:세종; 13102871088A.0011:강원; 13102871088A.0012:충북; 13102871088A.0013:충남; 13102871088A.0014:전북; 13102871088A.0015:전남; 13102871088A.0016:경북; 13102871088A.0017:경남; 13102871088A.0018:제주,
P0,주요 ID 4종이 채워져 있어 매핑 적합성 확인 후 API 검증 가능,1,19,0,C03846,489,경상수지 역대 둘째로 많은 흑자 낸 까닭은,2025-02-07,https://www.chosun.com/economy/economy_general/2025/02/07/JXWFUVYXYRFO3OXEWCPCGJUSGE,"당초 한은은 작년에 900억달러의 경상수지 흑자를 전망했는데, 이보다도 10% 더 많이 달러가 들어온 것이다.",비율·증감률,비율·증감률,True,,경상수지는 외국과 거래해서 우리나라에 들어온 외화에서 나간 외화를 뺀 것이다.,또 전년 흑자인 328억2000만달러의 세 배를 웃돈다.,[10],['%'],[],[],결혼이민자의 피해 경험: 당초 약속하지 않은 추가 비용을 부당하게 요구했다(tblId=DT_MOGE_3033900076); 임의로 위탁을 취소하거나 변경하지 않고 당초 계약대로 이행한 비율(tblId=DT_152009_A045); 당초 정한 하도급대금을 지급한 비율(tblId=DT_152009_A049); 당초 하도급대금 보다 적게 지급한 이유 (중복응답)(tblId=DT_152009_A050); PB제품 제조 위탁에 대해 임의로 위탁을 취소하거나 변경하지 않고 당초 계약대로 이행한 비율(tblId=DT_152009_A128),,,판단불가,301,DT_301Y017,13102134664ACC_CD.SA000,13103134664999,Y,"[Claude 검토] 작년 경상수지 흑자 실적(전망 900억달러 대비 10% 초과), 한국은행 경상수지(계절조정) 표로 판단 | obj_l1 수동 선택 필요(계정코드별, 후보 19개 -> obj_l1_candidates 컬럼 참고)",13102134664ACC_CD.SA000:경상수지; 13102134664ACC_CD.SA100:상품수지; 13102134664ACC_CD.SA110:상품수출; 13102134664ACC_CD.SA210:서비스수입; 13102134664ACC_CD.SA2B1:운송수입; 13102134664ACC_CD.SA2C1:여행수입; 13102134664ACC_CD.SA310:본원소득수입; 13102134664ACC_CD.SA410:이전소득수입; 13102134664ACC_CD.SA120:상품수입(FOB); 13102134664ACC_CD.SA200:서비스수지; 13102134664ACC_CD.SA220:서비스지급; 13102134664ACC_CD.SA2B2:운송지급; 13102134664ACC_CD.SA2C2:여행지급; 13102134664ACC_CD.SA320:본원소득지급; 13102134664ACC_CD.SA420:이전소득지급; 13102134664ACC_CD.SA300:본원소득수지; 13102134664ACC_CD.SA2B0:운송수지; 13102134664ACC_CD.SA400:이전소득수지; 13102134664ACC_CD.SA2C0:여행수지,
P0,주요 ID 4종이 채워져 있어 매핑 적합성 확인 후 API 검증 가능,1,19,0,C07964,1022,‘연상녀·연하남’ 초혼 부부 비중 19.9% 역대 최대,2025-03-20,https://www.chosun.com/economy/economy_general/2025/03/20/KH26XILK7FGYPGUVBBDUA2B3OU,"이는 지난 1990년 관련 통계 작성 이래 최대치로, 1990년 당시 아내가 연상인 초혼 비중이 8.8%에 그쳤던 것과 비교하면 2.3배 불어난 규모다.",비율·증감률,비율·증감률; 배수; 날짜·시간,True,,특히 부부 모두 초혼인 신혼부부 중 아내가 연상인 경우는 3만5600건으로 전체 초혼 건수의 19.9%를 차지했다.,"반대로 남편이 연상인 경우는 11만3400건(63.5%)으로, 1990년 통계 작성 이후 가장 낮은 비율을 보였다.","[1990, 1990, 8.8, 2.3]","['년', '년', '%', '배']","['1990', '1990']",[],아내가 응답한 지난 1년간 부부간 경제적 폭력 발생 실태(tblId=DT_MOGE_1001000018); 아내가 응답한 지난 1년간 부부간 방임 발생 실태(tblId=DT_MOGE_1001000020); 아내가 응답한 지난 1년간 부부간 성학대 발생 실태(tblId=DT_MOGE_1001000019); 아내가 응답한 지난 1년간 부부간 신체적 폭력 발생 실태(tblId=DT_MOGE_1001000016); 아내가 응답한 지난 1년간 부부간 정서적 폭력 발생 실태(tblId=DT_MOGE_1001000017),,,판단불가,101,DT_1B83A08,00,T1,Y,"[Claude 검토] 통계청 인구동향조사(시도/초혼부부의 연령차별 혼인) 매칭, 아내 연상 초혼 비중 확인 가능 | obj_l1 수동 선택 필요(시도별, 후보 19개 -> obj_l1_candidates 컬럼 참고) / 분류축이 2개라 obj_l2 이상 추가 필요할 수 있음: 연령차별",00:전국; 11:서울특별시; 21:부산광역시; 22:대구광역시; 23:인천광역시; 24:광주광역시; 25:대전광역시; 26:울산광역시; 29:세종특별자치시; 31:경기도; 32:강원특별자치도; 33:충청북도; 34:충청남도; 35:전북특별자치도; 36:전라남도; 37:경상북도; 38:경상남도; 39:제주특별자치도; 90:국외,
P0,주요 ID 4종이 채워져 있어 매핑 적합성 확인 후 API 검증 가능,1,19,0,C07965,1022,‘연상녀·연하남’ 초혼 부부 비중 19.9% 역대 최대,2025-03-20,https://www.chosun.com/economy/economy_general/2025/03/20/KH26XILK7FGYPGUVBBDUA2B3OU,"반대로 남편이 연상인 경우는 11만3400건(63.5%)으로, 1990년 통계 작성 이후 가장 낮은 비율을 보였다.",여론조사,여론조사; 비율·증감률; 건수·개수; 날짜·시간,True,,"이는 지난 1990년 관련 통계 작성 이래 최대치로, 1990년 당시 아내가 연상인 초혼 비중이 8.8%에 그쳤던 것과 비교하면 2.3배 불어난 규모다.",아내와 남편이 동갑인 초혼 건수는 2만9800건(16.7%)이었다.,"[3400, 63.5, 1990]","['건', '%', '년']",['1990'],[],"자살한다고 위협하는 사람들이 실제로 자살을 하는 경우는 드물다(tblId=DT_117094N_013N); 소셜미디어를 통한 활동 여부_온라인 투표, 여론조사, 서명 참여(tblId=DT_413003_2024_242); 남편이 근무 후 귀가하여 가족과 함께 보내는 시간 (하루 평균)(tblId=DT_338001_2022036); 남편이 응답한 부부폭력 첫 발생 시기(tblId=DT_MOGE_1001000032); 남편이 응답한 부부폭력의 발생원인(tblId=DT_MOGE_1001000037)",,,판단불가,101,DT_1B83A08,00,T1,Y,"[Claude 검토] 통계청 인구동향조사(초혼부부 연령차별 혼인) 매칭, 남편 연상 초혼 비중 확인 가능 | obj_l1 수동 선택 필요(시도별, 후보 19개 -> obj_l1_candidates 컬럼 참고) / 분류축이 2개라 obj_l2 이상 추가 필요할 수 있음: 연령차별",00:전국; 11:서울특별시; 21:부산광역시; 22:대구광역시; 23:인천광역시; 24:광주광역시; 25:대전광역시; 26:울산광역시; 29:세종특별자치시; 31:경기도; 32:강원특별자치도; 33:충청북도; 34:충청남도; 35:전북특별자치도; 36:전라남도; 37:경상북도; 38:경상남도; 39:제주특별자치도; 90:국외,
P0,주요 ID 4종이 채워져 있어 매핑 적합성 확인 후 API 검증 가능,1,19,0,C07966,1022,‘연상녀·연하남’ 초혼 부부 비중 19.9% 역대 최대,2025-03-20,https://www.chosun.com/economy/economy_general/2025/03/20/KH26XILK7FGYPGUVBBDUA2B3OU,아내와 남편이 동갑인 초혼 건수는 2만9800건(16.7%)이었다.,비율·증감률,비율·증감률; 건수·개수,True,,"반대로 남편이 연상인 경우는 11만3400건(63.5%)으로, 1990년 통계 작성 이후 가장 낮은 비율을 보였다.",초혼인 연상녀와 연하남이 결혼한 신혼부부 중 아내가 남편보다 10살 이상 많은 경우도 400건에 달했다.,"[9800, 16.7]","['건', '%']",[],[],남편이 근무 후 귀가하여 가족과 함께 보내는 시간 (하루 평균)(tblId=DT_338001_2022036); 남편이 응답한 부부폭력 첫 발생 시기(tblId=DT_MOGE_1001000032); 남편이 응답한 부부폭력의 발생원인(tblId=DT_MOGE_1001000037); 남편이 응답한 지난 1년간 부부간 경제적 폭력 발생 실태(tblId=DT_MOGE_1001000028); 남편이 응답한 지난 1년간 부부간 방임 발생 실태(tblId=DT_MOGE_1001000030),,,판단불가,101,DT_1B83A08,00,T1,Y,"[Claude 검토] 통계청 인구동향조사(초혼부부 연령차별 혼인) 매칭, 동갑 초혼 비중 확인 가능 | obj_l1 수동 선택 필요(시도별, 후보 19개 -> obj_l1_candidates 컬럼 참고) / 분류축이 2개라 obj_l2 이상 추가 필요할 수 있음: 연령차별",00:전국; 11:서울특별시; 21:부산광역시; 22:대구광역시; 23:인천광역시; 24:광주광역시; 25:대전광역시; 26:울산광역시; 29:세종특별자치시; 31:경기도; 32:강원특별자치도; 33:충청북도; 34:충청남도; 35:전북특별자치도; 36:전라남도; 37:경상북도; 38:경상남도; 39:제주특별자치도; 90:국외,
P0,주요 ID 4종이 채워져 있어 매핑 적합성 확인 후 API 검증 가능,1,20,0,C04989,634,작년 가계빚 41조 늘어난 1927조원...역대 최고치,2025-02-18,https://www.chosun.com/economy/economy_general/2025/02/18/R2YC75IKMRBWVONVGQIRQ7TKYI,0 작년 가계빚이 3년 만의 최대 폭인 41조원 넘게 늘며 역대 최고치를 경신했다.,금액,금액; 날짜·시간,True,,,18일 한국은행은 작년 말 우리나라 가계신용 잔액이 1927조3000억원으로 전년보다 41조8000억원(2.2%) 늘었다고 밝혔다.,"[3, 41]","['년', '조원']",[],[],"작년 임금 근로활동 여부(tblId=DT_KWMP_2020136); 작년 월 평균 임금(세전, 인센티브 제외)(tblId=DT_KWMP_2020006); 작년 연간 평균 인센티브(세전)(tblId=DT_KWMP_2020007); 작년 매출액(tblId=DT_111014_A071); 작년 대비 지역 내 불법체류 외국인 고용 규모 변화(tblId=DT_111014_B099)",,,판단불가,301,DT_151Y001,13102134771ACC_ITEM.1000000,13103134771999,Q,"[Claude 검토] 한국은행 가계신용(업권별, 분기) 매칭, 가계신용 잔액 증가액 확인 가능 | obj_l1 수동 선택 필요(계정항목별, 후보 20개 -> obj_l1_candidates 컬럼 참고)",13102134771ACC_ITEM.1000000:가계신용; 13102134771ACC_ITEM.1100000:가계대출; 13102134771ACC_ITEM.1121000:보험회사; 13102134771ACC_ITEM.1210000:여신전문기관; 13102134771ACC_ITEM.1121400:연금기금; 13102134771ACC_ITEM.1200000:판매신용; 13102134771ACC_ITEM.1220000:판매회사; 13102134771ACC_ITEM.1110000:예금취급기관; 13102134771ACC_ITEM.1111000:예금은행; 13102134771ACC_ITEM.1112000:상호저축은행; 13102134771ACC_ITEM.1122000:여신전문기관; 13102134771ACC_ITEM.1113100:신용협동조합; 13102134771ACC_ITEM.1120000:기타금융기관 등; 13102134771ACC_ITEM.1122300:공적금융기관; 13102134771ACC_ITEM.11A0000:비은행예금취급기관; 13102134771ACC_ITEM.1113200:상호금융; 13102134771ACC_ITEM.1122400:기타금융중개회사; 13102134771ACC_ITEM.1113300:새마을금고; 13102134771ACC_ITEM.1123000:기타; 13102134771ACC_ITEM.1114000:우체국 등,
P0,주요 ID 4종이 채워져 있어 매핑 적합성 확인 후 API 검증 가능,1,20,0,C04990,634,작년 가계빚 41조 늘어난 1927조원...역대 최고치,2025-02-18,https://www.chosun.com/economy/economy_general/2025/02/18/R2YC75IKMRBWVONVGQIRQ7TKYI,18일 한국은행은 작년 말 우리나라 가계신용 잔액이 1927조3000억원으로 전년보다 41조8000억원(2.2%) 늘었다고 밝혔다.,비율·증감률,비율·증감률; 금액; 날짜·시간,True,,0 작년 가계빚이 3년 만의 최대 폭인 41조원 넘게 늘며 역대 최고치를 경신했다.,코로나 팬데믹 기간 금리 인하로 가계빚이 빠르게 늘었던 2021년의 133조4000억원(7.7%) 이후 3년 만의 최대 증가 폭이다.,"[18, 3000, 8000, 2.2]","['일', '억원', '억원', '%']",[],[],"작년 임금 근로활동 여부(tblId=DT_KWMP_2020136); 작년 월 평균 임금(세전, 인센티브 제외)(tblId=DT_KWMP_2020006); 작년 연간 평균 인센티브(세전)(tblId=DT_KWMP_2020007); 작년 매출액(tblId=DT_111014_A071); 작년 대비 지역 내 불법체류 외국인 고용 규모 변화(tblId=DT_111014_B099)",,,판단불가,301,DT_151Y001,13102134771ACC_ITEM.1000000,13103134771999,Q,"[Claude 검토] 한국은행 가계신용(업권별, 분기) 매칭, 가계신용 잔액(1927조3000억원) 확인 가능 | obj_l1 수동 선택 필요(계정항목별, 후보 20개 -> obj_l1_candidates 컬럼 참고)",13102134771ACC_ITEM.1000000:가계신용; 13102134771ACC_ITEM.1100000:가계대출; 13102134771ACC_ITEM.1121000:보험회사; 13102134771ACC_ITEM.1210000:여신전문기관; 13102134771ACC_ITEM.1121400:연금기금; 13102134771ACC_ITEM.1200000:판매신용; 13102134771ACC_ITEM.1220000:판매회사; 13102134771ACC_ITEM.1110000:예금취급기관; 13102134771ACC_ITEM.1111000:예금은행; 13102134771ACC_ITEM.1112000:상호저축은행; 13102134771ACC_ITEM.1122000:여신전문기관; 13102134771ACC_ITEM.1113100:신용협동조합; 13102134771ACC_ITEM.1120000:기타금융기관 등; 13102134771ACC_ITEM.1122300:공적금융기관; 13102134771ACC_ITEM.11A0000:비은행예금취급기관; 13102134771ACC_ITEM.1113200:상호금융; 13102134771ACC_ITEM.1122400:기타금융중개회사; 13102134771ACC_ITEM.1113300:새마을금고; 13102134771ACC_ITEM.1123000:기타; 13102134771ACC_ITEM.1114000:우체국 등,
P0,주요 ID 4종이 채워져 있어 매핑 적합성 확인 후 API 검증 가능,1,20,0,C04991,634,작년 가계빚 41조 늘어난 1927조원...역대 최고치,2025-02-18,https://www.chosun.com/economy/economy_general/2025/02/18/R2YC75IKMRBWVONVGQIRQ7TKYI,코로나 팬데믹 기간 금리 인하로 가계빚이 빠르게 늘었던 2021년의 133조4000억원(7.7%) 이후 3년 만의 최대 증가 폭이다.,금리지표,금리지표; 비율·증감률; 금액; 날짜·시간,True,,18일 한국은행은 작년 말 우리나라 가계신용 잔액이 1927조3000억원으로 전년보다 41조8000억원(2.2%) 늘었다고 밝혔다.,가계신용은 은행 등에서 받은 가계 대출과 대금 결제가 아직 안 된 신용카드 판매액(판매신용) 등을 합친 것이다.,"[2021, 4000, 7.7, 3]","['년', '억원', '%', '년']",['2021'],[],코로나 기간 중 여성폭력 피해실태(tblId=DT_154023_22AA060100); 코로나로 인한 공간 또는 시설에 대한 여성폭력 두려움 인식 변화(tblId=DT_154023_22AA060200); 코로나-19로 인한 공사 시간 단축 또는 공사 방법 변경 발생 정도(tblId=DT_380004_C34); 코로나-19로 인한 초과근무 발생 정도(tblId=DT_380004_MS34); 재택/원격 근무제도 시행의 코로나-19 영향 여부(tblId=DT_380004_MS4_1_1),,,판단불가,301,DT_151Y001,13102134771ACC_ITEM.1000000,13103134771999,Q,"[Claude 검토] 한국은행 가계신용(업권별, 분기) 매칭, 2021년 증가폭 비교 확인 가능 | obj_l1 수동 선택 필요(계정항목별, 후보 20개 -> obj_l1_candidates 컬럼 참고)",13102134771ACC_ITEM.1000000:가계신용; 13102134771ACC_ITEM.1100000:가계대출; 13102134771ACC_ITEM.1121000:보험회사; 13102134771ACC_ITEM.1210000:여신전문기관; 13102134771ACC_ITEM.1121400:연금기금; 13102134771ACC_ITEM.1200000:판매신용; 13102134771ACC_ITEM.1220000:판매회사; 13102134771ACC_ITEM.1110000:예금취급기관; 13102134771ACC_ITEM.1111000:예금은행; 13102134771ACC_ITEM.1112000:상호저축은행; 13102134771ACC_ITEM.1122000:여신전문기관; 13102134771ACC_ITEM.1113100:신용협동조합; 13102134771ACC_ITEM.1120000:기타금융기관 등; 13102134771ACC_ITEM.1122300:공적금융기관; 13102134771ACC_ITEM.11A0000:비은행예금취급기관; 13102134771ACC_ITEM.1113200:상호금융; 13102134771ACC_ITEM.1122400:기타금융중개회사; 13102134771ACC_ITEM.1113300:새마을금고; 13102134771ACC_ITEM.1123000:기타; 13102134771ACC_ITEM.1114000:우체국 등,
P0,주요 ID 4종이 채워져 있어 매핑 적합성 확인 후 API 검증 가능,1,20,0,C04995,634,작년 가계빚 41조 늘어난 1927조원...역대 최고치,2025-02-18,https://www.chosun.com/economy/economy_general/2025/02/18/R2YC75IKMRBWVONVGQIRQ7TKYI,한편 한은은 작년 1~3분기 명목 국내총생산(GDP)이 6% 이상 성장하는 등 명목 GDP 성장률보다 가계빚 증가율이 낮아 작년 GDP 대비 가계신용 비율은 3년 연속 하락할 것으로 봤다.,비율·증감률,비율·증감률; 날짜·시간,True,,"김민수 한은 금융통계팀장은 “주택 거래가 7월을 정점으로 줄고, 9월 스트레스 총부채원리금상환비율(DSR) 2단계 시행, 은행권 가계 대출 관리 등으로 증가세가 안정됐다”고 했다.",,"[3, 6, 3]","['분', '%', '년']",[],[],"경제활동별 GDP 및 GNI(계절조정, 명목, 분기)(tblId=DT_200Y103); 경제활동별 GDP 및 GNI(원계열, 명목, 분기 및 연간)(tblId=DT_200Y105); 부가가치 항목별 명목 GDP(계절조정, 명목, 분기)(tblId=DT_200Y160); 부가가치 항목별 명목 GDP(원계열, 명목, 분기 및 연간)(tblId=DT_200Y161); 가구당 월평균 가계수지 (전국,1인이상)(tblId=DT_1L9U101)",,,판단불가,301,DT_151Y001,13102134771ACC_ITEM.1000000,13103134771999,Q,"[Claude 검토] 한국은행 가계신용(분기) 매칭, GDP(DT_200Y110 등) 대비 가계신용 비율 계산 필요 | obj_l1 수동 선택 필요(계정항목별, 후보 20개 -> obj_l1_candidates 컬럼 참고)",13102134771ACC_ITEM.1000000:가계신용; 13102134771ACC_ITEM.1100000:가계대출; 13102134771ACC_ITEM.1121000:보험회사; 13102134771ACC_ITEM.1210000:여신전문기관; 13102134771ACC_ITEM.1121400:연금기금; 13102134771ACC_ITEM.1200000:판매신용; 13102134771ACC_ITEM.1220000:판매회사; 13102134771ACC_ITEM.1110000:예금취급기관; 13102134771ACC_ITEM.1111000:예금은행; 13102134771ACC_ITEM.1112000:상호저축은행; 13102134771ACC_ITEM.1122000:여신전문기관; 13102134771ACC_ITEM.1113100:신용협동조합; 13102134771ACC_ITEM.1120000:기타금융기관 등; 13102134771ACC_ITEM.1122300:공적금융기관; 13102134771ACC_ITEM.11A0000:비은행예금취급기관; 13102134771ACC_ITEM.1113200:상호금융; 13102134771ACC_ITEM.1122400:기타금융중개회사; 13102134771ACC_ITEM.1113300:새마을금고; 13102134771ACC_ITEM.1123000:기타; 13102134771ACC_ITEM.1114000:우체국 등,
