claim_id,claim_measurement_id,article_id,title,date,url,claim_text,prev_sentence,next_sentence,claim_domain_scope,is_recurring_series,verifiable_kosis,unverifiable_reason,metric_domain,indicator,keywords,region,age_group,gender,industry_or_item,population_etc,origin_country,destination_country,period,period_end,prd_se,time_resolution_status,measurement_role,value,value_min,value_max,value_approximate,unit,value_type,direction,change_base,evidence_text,extraction_confidence,needs_review,review_reason,extraction_model,prompt_version,extracted_at
A0003-C001,-,A0003,최저임금 1만30원으로 인상… 육아휴직 급여 최대 월 250만원,2025-01-01,https://www.chosun.com/economy/economy_general/2025/01/01/ADO7O3Q4WJBCJAX6UUEY4MSBV4,"1 ◇노동·복지·가정 못 받은 양육비, 정부가 선지급…",-,국가 검진에 C형 간염도 포함 ▲ 최저임금 시간당 1만30원 =최저임금이 시간당 9860원에서 1만30원으로 1.7% 인상된다.,해외통계·정책,N,N,해외통계,보건·복지,최저임금,"시간당, 최저임금, 인상",-,-,-,-,-,-,-,2025H1,-,H,확정,-,-,-,-,-,-,-,-,-,최저임금이 시간당 9860원에서 1만30원으로 1.7% 인상된다.,high,N,-,HCX-007,v1.2-hcx-so-strval,2026-07-16
A0003-C002,-,A0003,최저임금 1만30원으로 인상… 육아휴직 급여 최대 월 250만원,2025-01-01,https://www.chosun.com/economy/economy_general/2025/01/01/ADO7O3Q4WJBCJAX6UUEY4MSBV4,국가 검진에 C형 간염도 포함 ▲ 최저임금 시간당 1만30원 =최저임금이 시간당 9860원에서 1만30원으로 1.7% 인상된다.,"1 ◇노동·복지·가정 못 받은 양육비, 정부가 선지급…",주 근로시간 40시간을 기준으로 환산한 월급은 209만6270원이다.,국내공식통계,N,N,정보부족,소득·임금,최저임금,"시간당, 1만30원, 9860원, 1.7%",-,-,-,-,-,-,-,2025,-,-,확정,-,-,-,-,-,-,-,-,-,국가 검진에 C형 간염도 포함 ▲ 최저임금 시간당 1만30원 =최저임금이 시간당 9860원에서 1만30원으로 1.7% 인상된다.,high,N,-,HCX-007,v1.2-hcx-so-strval,2026-07-16
A0003-C003,-,A0003,최저임금 1만30원으로 인상… 육아휴직 급여 최대 월 250만원,2025-01-01,https://www.chosun.com/economy/economy_general/2025/01/01/ADO7O3Q4WJBCJAX6UUEY4MSBV4,주 근로시간 40시간을 기준으로 환산한 월급은 209만6270원이다.,국가 검진에 C형 간염도 포함 ▲ 최저임금 시간당 1만30원 =최저임금이 시간당 9860원에서 1만30원으로 1.7% 인상된다.,"매월 지급하는 상여금과 식비, 교통비, 숙박비 등 복리후생비도 최저임금에 전부 산입한다.",국내공식통계,N,N,정보부족,소득·임금,주 근로시간 40시간 기준 월급,"근로시간, 최저임금, 월급",-,-,-,-,-,-,-,2025,-,-,확정,-,-,-,-,-,-,-,-,-,주 근로시간 40시간을 기준으로 환산한 월급은 209만6270원이다.,high,N,-,HCX-007,v1.2-hcx-so-strval,2026-07-16
A0003-C009,-,A0003,최저임금 1만30원으로 인상… 육아휴직 급여 최대 월 250만원,2025-01-01,https://www.chosun.com/economy/economy_general/2025/01/01/ADO7O3Q4WJBCJAX6UUEY4MSBV4,1년간 받을 수 있는 육아휴직 급여는 최대 1800만원에서 2310만원으로 오른다.,"이후 3개월은 월 200만원 한도로 통상 임금의 100%를, 7개월째부터는 월 160만원 한도로 통상 임금의 80%를 지급한다.",▲ 배우자 출산휴가 기간 확대 =아내의 출산에 따른 남편의 유급 휴가 기간이 2월 23일부터 10일에서 20일로 확대된다.,개별기업,N,N,개별기업,소득·임금,육아휴직 급여,"육아휴직, 급여, 최대, 1800만원, 2310만원",-,-,-,-,-,-,-,2025,-,-,확정,-,-,-,-,-,-,-,-,-,"""1년간 받을 수 있는 육아휴직 급여는 최대 1800만원에서 2310만원으로 오른다.""",high,N,-,HCX-007,v1.2-hcx-so-strval,2026-07-16
A0003-C013,-,A0003,최저임금 1만30원으로 인상… 육아휴직 급여 최대 월 250만원,2025-01-01,https://www.chosun.com/economy/economy_general/2025/01/01/ADO7O3Q4WJBCJAX6UUEY4MSBV4,"골다공증 검사의 경우 기존엔 54, 66세 여성만 무료 검진을 받을 수 있었는데, 60세 여성도 검사 대상에 포함됐다.",▲ 국가건강검진 대상·항목 확대 =56세의 국가건강검진 항목에 C형 간염 검사가 새로 도입된다.,"▲ 양육비 선지급제 도입 =양육비를 받지 못하고 있는 한부모가족에게 7월부터 국가가 양육비를 우선 지급하고, 비양육자에게 회수하게 된다.",국내공식통계,N,N,정보부족,보건·복지,골다공증 검사 대상자 연령,"골다공증, 검사, 대상자, 연령",-,60세 이상,여,-,-,-,-,2025,-,-,확정,-,-,-,-,-,-,-,-,-,"골다공증 검사의 경우 기존엔 54, 66세 여성만 무료 검진을 받을 수 있었는데, 60세 여성도 검사 대상에 포함됐다.",high,N,-,HCX-007,v1.2-hcx-so-strval,2026-07-16
A0003-C015,-,A0003,최저임금 1만30원으로 인상… 육아휴직 급여 최대 월 250만원,2025-01-01,https://www.chosun.com/economy/economy_general/2025/01/01/ADO7O3Q4WJBCJAX6UUEY4MSBV4,지원 대상은 중위소득 150% 이하 가구이며 자녀 1인당 월 20만원을 만 18세까지 지원받는다.,"▲ 양육비 선지급제 도입 =양육비를 받지 못하고 있는 한부모가족에게 7월부터 국가가 양육비를 우선 지급하고, 비양육자에게 회수하게 된다.","▲ 난임치료 휴가 확대 =2월 23일부터 난임치료 휴가 기간이 기존 3일에서 6일로 확대되고, 그중 유급기간도 1일에서 2일로 확대된다.",국내공식통계,N,N,정보부족,보건·복지,지원 금액,"한부모가족, 중위소득, 양육비",-,만 18세,-,-,중위소득 150% 이하 가구,-,-,2025,-,Y,확정,-,-,-,-,-,-,-,-,-,자녀 1인당 월 20만원을 만 18세까지 지원받는다.,high,N,-,HCX-007,v1.2-hcx-so-strval,2026-07-16
A0003-C031,-,A0003,최저임금 1만30원으로 인상… 육아휴직 급여 최대 월 250만원,2025-01-01,https://www.chosun.com/economy/economy_general/2025/01/01/ADO7O3Q4WJBCJAX6UUEY4MSBV4,▲ 맞벌이 가구의 근로장려금 수급 요건 완화 =맞벌이 가구가 근로장려금을 받기 위한 소득기준이 연 3800만원 미만에서 연 4400만원 미만으로 확대된다.,"이 경우 12억원까지는 양도세가 비과세 되며, 종합부동산세 역시 12억원까지 기본공제를 받을 수 있다.",근로장려금은 일은 하지만 소득이 적은 근로자에게 정부가 지급하는 장려금이다.,기타,N,N,정보부족,재정·조세,근로장려금 수급 요건,"맞벌이 가구, 소득기준, 근로장려금",-,-,-,-,맞벌이 가구,-,-,2025,-,-,확정,-,-,-,-,-,-,-,-,-,▲ 맞벌이 가구의 근로장려금 수급 요건 완화 =맞벌이 가구가 근로장려금을 받기 위한 소득기준이 연 3800만원 미만에서 연 4400만원 미만으로 확대된다.,high,N,-,HCX-007,v1.2-hcx-so-strval,2026-07-16
A0003-C039,-,A0003,최저임금 1만30원으로 인상… 육아휴직 급여 최대 월 250만원,2025-01-01,https://www.chosun.com/economy/economy_general/2025/01/01/ADO7O3Q4WJBCJAX6UUEY4MSBV4,▲ 국가장학금 지원 대폭 확대 =국가장학금 I유형과 다자녀 장학금 지원 대상을 100만명에서 150만명으로 확대해 1인당 최대 100만원을 지원한다.,"희망하는 초등학교 1~2학년이 모두 늘봄학교에 참여할 수 있고, 맞춤형 프로그램이 매일 2시간 무료로 제공된다.","국가근로장학금 수혜 대상은 14만명에서 20만명으로 확대되며, 주거안정장학금을 신설해 원거리 통학으로 어려움을 겪는 저소득 대학생에게 연간 최대 240만원을 지원한다.",국내공식통계,N,N,정보부족,재정·조세,국가장학금 지원 인원 및 금액,"국가장학금, 다자녀 장학금, 국가근로장학금, 주거안정장학금, 저소득 대학생",-,-,-,-,대학생,-,-,2025,-,Y,확정,-,-,-,-,-,-,-,-,-,▲ 국가장학금 지원 대폭 확대 =국가장학금 I유형과 다자녀 장학금 지원 대상을 100만명에서 150만명으로 확대해 1인당 최대 100만원을 지원한다.,high,N,-,HCX-007,v1.2-hcx-so-strval,2026-07-16
A0003-C040,-,A0003,최저임금 1만30원으로 인상… 육아휴직 급여 최대 월 250만원,2025-01-01,https://www.chosun.com/economy/economy_general/2025/01/01/ADO7O3Q4WJBCJAX6UUEY4MSBV4,"국가근로장학금 수혜 대상은 14만명에서 20만명으로 확대되며, 주거안정장학금을 신설해 원거리 통학으로 어려움을 겪는 저소득 대학생에게 연간 최대 240만원을 지원한다.",▲ 국가장학금 지원 대폭 확대 =국가장학금 I유형과 다자녀 장학금 지원 대상을 100만명에서 150만명으로 확대해 1인당 최대 100만원을 지원한다.,▲ 병 봉급 인상 =병 봉급을 병장 기준 월 125만원에서 150만원으로 늘린다.,국내공식통계,N,N,정보부족,보건·복지,국가지원 장학금 수혜 인원 및 금액,"국가장학금, 다자녀 장학금, 국가근로장학금, 주거안정장학금, 저소득 대학생",-,-,-,-,대학생,-,-,2025,-,Y,확정,-,-,-,-,-,-,-,-,-,"국가지원 장학금 수혜 대상은 14만명에서 20만명으로 확대되며, 주거안정장학금을 신설해 원거리 통학으로 어려움을 겪는 저소득 대학생에게 연간 최대 240만원을 지원한다.",high,N,-,HCX-007,v1.2-hcx-so-strval,2026-07-16
A0003-C041,-,A0003,최저임금 1만30원으로 인상… 육아휴직 급여 최대 월 250만원,2025-01-01,https://www.chosun.com/economy/economy_general/2025/01/01/ADO7O3Q4WJBCJAX6UUEY4MSBV4,▲ 병 봉급 인상 =병 봉급을 병장 기준 월 125만원에서 150만원으로 늘린다.,"국가근로장학금 수혜 대상은 14만명에서 20만명으로 확대되며, 주거안정장학금을 신설해 원거리 통학으로 어려움을 겪는 저소득 대학생에게 연간 최대 240만원을 지원한다.","상병 봉급은 100만원에서 120만원으로, 일병은 80만원에서 90만원으로, 이병은 64만원에서 75만원으로 늘어난다.",국내공식통계,N,N,정보부족,재정·조세,병 봉급,"병장, 상병, 일병, 이병, 봉급 인상",-,-,-,-,-,-,-,2025,-,-,확정,-,-,-,-,-,-,-,-,-,▲ 병 봉급 인상 =병 봉급을 병장 기준 월 125만원에서 150만원으로 늘린다.,high,N,-,HCX-007,v1.2-hcx-so-strval,2026-07-16
A0003-C043,-,A0003,최저임금 1만30원으로 인상… 육아휴직 급여 최대 월 250만원,2025-01-01,https://www.chosun.com/economy/economy_general/2025/01/01/ADO7O3Q4WJBCJAX6UUEY4MSBV4,장병 내일준비적금의 정부 지원금도 월 최대 40만원에서 55만원으로 오른다.,"상병 봉급은 100만원에서 120만원으로, 일병은 80만원에서 90만원으로, 이병은 64만원에서 75만원으로 늘어난다.",▲ 한국사·한국어시험 공군 가산점 폐지 =2025년 6회 차(9월) 공군 병 모집 때부터 한국사·한국어능력시험 가산점이 폐지된다.,국내공식통계,N,N,정보부족,재정·조세,정부 지원금,"장병 내일준비적금, 정부 지원금, 월 최대",-,-,-,-,-,-,-,2025,-,-,확정,-,-,-,-,-,-,-,-,-,장병 내일준비적금의 정부 지원금도 월 최대 40만원에서 55만원으로 오른다.,high,N,-,HCX-007,v1.2-hcx-so-strval,2026-07-16
A0003-C047,-,A0003,최저임금 1만30원으로 인상… 육아휴직 급여 최대 월 250만원,2025-01-01,https://www.chosun.com/economy/economy_general/2025/01/01/ADO7O3Q4WJBCJAX6UUEY4MSBV4,▲ 청년 대상 전기차 보조금 확대 =청년이 생애 첫 차로 전기 승용차를 구매하는 경우 국비 지원액의 20%를 추가 보조금으로 지원한다.,"▲ '20세 병역판정검사 후 입영’ 시범 실시 =그동안 모든 병역의무자가 19세에 병역판정검사를 받은 뒤 현역병 입영을 다시 신청해야 했지만, 2025년부터는 20세에 한 번의 신청으로 병역판정검사를 받고 3개월 후 원하는 날짜에 입영할 수 있는 제도가 시범 실시된다.",추가 지원 대상은 차상위 이하 계층 청년에서 전체로 확대한다.,국내공식통계,N,N,정보부족,재정·조세,전기차 보조금,"청년, 전기차, 보조금, 국비 지원액",-,청년,-,-,"차상위 이하 계층 청년, 전체",-,-,2025,-,-,확정,-,-,-,-,-,-,-,-,-,▲ 청년 대상 전기차 보조금 확대 =청년이 생애 첫 차로 전기 승용차를 구매하는 경우 국비 지원액의 20%를 추가 보조금으로 지원한다.,mid,Y,-,HCX-007,v1.2-hcx-so-strval,2026-07-16
A0004-C011,-,A0004,‘직원 한 명에 로봇 수십 대’… 이젠 로봇이 공장 움직인다,2025-01-01,https://www.chosun.com/economy/economy_general/2025/01/01/TGA2SHZ4SFACHOHRP36OUPCMHE,2025년 한국 산업 현장의 주역이 로봇이란 말이 과언이 아닐 정도다.,하지만 우리 산업의 현장은 이제 로봇이 좌지우지한다.,국제로봇연맹(IFR)에 따르면 2023년 우리나라는 직원 1만명당 로봇 1012대를 쓰는 나라였다.,국내공식통계,N,N,정보부족,생산·산업,로봇 사용 정도,"한국 산업 현장, 로봇, 주역",-,-,-,-,-,-,-,2025,-,-,모호,-,-,-,-,-,-,-,-,-,2025년 한국 산업 현장의 주역이 로봇이란 말이 과언이 아닐 정도다.,low,Y,-,HCX-007,v1.2-hcx-so-strval,2026-07-16
A0004-C012,-,A0004,‘직원 한 명에 로봇 수십 대’… 이젠 로봇이 공장 움직인다,2025-01-01,https://www.chosun.com/economy/economy_general/2025/01/01/TGA2SHZ4SFACHOHRP36OUPCMHE,국제로봇연맹(IFR)에 따르면 2023년 우리나라는 직원 1만명당 로봇 1012대를 쓰는 나라였다.,2025년 한국 산업 현장의 주역이 로봇이란 말이 과언이 아닐 정도다.,이미 우리나라는 로봇 밀도(공장 직원 한 명당 로봇수) 전 세계 1위 국가인 것이다.,해외통계·정책,N,N,해외통계,무역,로봇 밀도,"국제로봇연맹, IFR, 직원, 로봇수",-,-,-,-,-,-,-,2023,-,-,확정,-,-,-,-,-,-,-,-,-,국제로봇연맹(IFR)에 따르면 2023년 우리나라는 직원 1만명당 로봇 1012대를 쓰는 나라였다.,high,N,-,HCX-007,v1.2-hcx-so-strval,2026-07-16
A0004-C013,-,A0004,‘직원 한 명에 로봇 수십 대’… 이젠 로봇이 공장 움직인다,2025-01-01,https://www.chosun.com/economy/economy_general/2025/01/01/TGA2SHZ4SFACHOHRP36OUPCMHE,이미 우리나라는 로봇 밀도(공장 직원 한 명당 로봇수) 전 세계 1위 국가인 것이다.,국제로봇연맹(IFR)에 따르면 2023년 우리나라는 직원 1만명당 로봇 1012대를 쓰는 나라였다.,싱가포르와 중국이 그 뒤를 이었다.,해외통계·정책,N,N,해외통계,무역,로봇 밀도,"로봇 밀도, 공장 직원 한 명당 로봇수",-,-,-,-,-,-,-,2023,-,-,확정,-,-,-,-,-,-,-,-,-,이미 우리나라는 로봇 밀도(공장 직원 한 명당 로봇수) 전 세계 1위 국가인 것이다.,high,N,-,HCX-007,v1.2-hcx-so-strval,2026-07-16
A0004-C015,-,A0004,‘직원 한 명에 로봇 수십 대’… 이젠 로봇이 공장 움직인다,2025-01-01,https://www.chosun.com/economy/economy_general/2025/01/01/TGA2SHZ4SFACHOHRP36OUPCMHE,전 세계 평균(1만명당 162대)의 6배가 넘는 수치다.,싱가포르와 중국이 그 뒤를 이었다.,"대기업뿐 아니라, 중견·중소기업 제조업 현장에서도 로봇은 이제 각종 공정을 해결하는 ‘필요 조건’이다.",기타,N,N,정보부족,기타,로봇 보급 대수,"전 세계 평균, 1만명당, 162대, 배",-,-,-,-,-,-,-,2025,-,-,확정,-,-,-,-,-,-,-,-,-,전 세계 평균(1만명당 162대)의 6배가 넘는 수치다.,mid,Y,-,HCX-007,v1.2-hcx-so-strval,2026-07-16
A0004-C020,-,A0004,‘직원 한 명에 로봇 수십 대’… 이젠 로봇이 공장 움직인다,2025-01-01,https://www.chosun.com/economy/economy_general/2025/01/01/TGA2SHZ4SFACHOHRP36OUPCMHE,◇로봇 밀도 1위의 나라 로봇 밀도는 그 나라의 제조업이 얼마나 자동화됐는지 평가하는 기본 지표로 여겨진다.,가파른 경제성장 이후 저출산·고령화 사회로 진입하면서 ‘사람’에서 ‘로봇’으로 빠르게 옮겨가고 있는 산업 현장을 살펴봤다.,"우리나라는 로봇 밀도 1위 나라일 뿐 아니라, 지난 2018년 이후로 매년 5%씩 성장한 유일한 나라이기도 하다.",국내공식통계,N,N,정보부족,기타,로봇 밀도,"로봇 밀도, 제조업 자동화",-,-,-,-,-,-,-,2025,-,-,확정,-,-,-,-,-,-,-,-,-,"우리나라는 로봇 밀도 1위 나라일 뿐 아니라, 지난 2018년 이후로 매년 5%씩 성장한 유일한 나라이기도 하다.",low,Y,-,HCX-007,v1.2-hcx-so-strval,2026-07-16
A0004-C021,A0004-C021-m1,A0004,‘직원 한 명에 로봇 수십 대’… 이젠 로봇이 공장 움직인다,2025-01-01,https://www.chosun.com/economy/economy_general/2025/01/01/TGA2SHZ4SFACHOHRP36OUPCMHE,"우리나라는 로봇 밀도 1위 나라일 뿐 아니라, 지난 2018년 이후로 매년 5%씩 성장한 유일한 나라이기도 하다.",◇로봇 밀도 1위의 나라 로봇 밀도는 그 나라의 제조업이 얼마나 자동화됐는지 평가하는 기본 지표로 여겨진다.,국제로봇연맹 다카유키 이토 회장은 “강력한 자동차 산업과 세계적으로 유명한 전자제품 부문을 보유한 한국은 산업용 로봇을 가장 많이 사용하는 국가”라고 한 것도 이 때문이다.,국내공식통계,Y,Y,-,기타,로봇 밀도,"로봇 밀도, 제조 자동화",-,-,-,-,-,-,-,202501,-,M,확정,현재값,1,-,-,N,순위,순위,-,특정시점,"우리나라는 로봇 밀도 1위 나라일 뿐 아니라, 지난 2018년 이후로 매년 5%씩 성장한 유일한 나라이기도 하다.",high,N,-,HCX-007,v1.2-hcx-so-strval,2026-07-16
A0004-C021,A0004-C021-m2,A0004,‘직원 한 명에 로봇 수십 대’… 이젠 로봇이 공장 움직인다,2025-01-01,https://www.chosun.com/economy/economy_general/2025/01/01/TGA2SHZ4SFACHOHRP36OUPCMHE,"우리나라는 로봇 밀도 1위 나라일 뿐 아니라, 지난 2018년 이후로 매년 5%씩 성장한 유일한 나라이기도 하다.",◇로봇 밀도 1위의 나라 로봇 밀도는 그 나라의 제조업이 얼마나 자동화됐는지 평가하는 기본 지표로 여겨진다.,국제로봇연맹 다카유키 이토 회장은 “강력한 자동차 산업과 세계적으로 유명한 전자제품 부문을 보유한 한국은 산업용 로봇을 가장 많이 사용하는 국가”라고 한 것도 이 때문이다.,국내공식통계,Y,Y,-,기타,로봇 밀도,"로봇 밀도, 제조 자동화",-,-,-,-,-,-,-,202501,-,M,확정,증감률,5,-,-,N,%,증감률,증가,전년동기,"우리나라는 로봇 밀도 1위 나라일 뿐 아니라, 지난 2018년 이후로 매년 5%씩 성장한 유일한 나라이기도 하다.",high,N,-,HCX-007,v1.2-hcx-so-strval,2026-07-16
A0004-C044,-,A0004,‘직원 한 명에 로봇 수십 대’… 이젠 로봇이 공장 움직인다,2025-01-01,https://www.chosun.com/economy/economy_general/2025/01/01/TGA2SHZ4SFACHOHRP36OUPCMHE,이곳 관계자는 “로봇 자동화를 통해 생산량은 로봇을 들이기 이전보다 38% 올라갔고 원가도 45%가량 줄일 수 있었다”고 했다.,이곳에서 물티슈를 포장하고 싣는 모든 과정은 이제 다관절 로봇 5대가 해결한다.,"“이제 직원들은 단순 작업에 투입되는 대신, 작업 효율화를 진행하고 제품 아이디어를 내는 일을 더 많이 한다”고 했다.",개별기업,N,N,개별기업,생산·산업,생산량 증가율 및 원가 절감률,"로봇 자동화, 생산량, 원가 절감",-,-,-,물티슈 산업,-,-,-,2025,-,-,확정,-,-,-,-,-,-,-,-,-,"""로봇 자동화를 통해 생산량은 로봇을 들이기 이전보다 38% 올라갔고 원가도 45%가량 줄일 수 있었다""라고 했다.",high,N,-,HCX-007,v1.2-hcx-so-strval,2026-07-16
A0004-C048,-,A0004,‘직원 한 명에 로봇 수십 대’… 이젠 로봇이 공장 움직인다,2025-01-01,https://www.chosun.com/economy/economy_general/2025/01/01/TGA2SHZ4SFACHOHRP36OUPCMHE,한국로봇산업진흥원에 따르면 2023년까지 로봇화에 뛰어든 우리 기업은 2524곳으로 지난 2019년보다 13%가량 증가했다.,경기도 파주의 한 소규모 도서물류 업체 관계자는 “물류 현장에서 각종 사고를 예방하기 위해 허리나 허벅지에 차면 근력을 올려주는 웨어러블 로봇 7대를 구입해 사용하고 있다”고 했다.,진흥원 관계자는 “아직 2024년 조사 결과가 나오진 않았지만 지난 3년보다 더 많은 증가율을 보였을 것으로 추정한다”고 했다.,국내공식통계,N,N,정보부족,기타,로봇화에 뛰어든 기업 수,"한국로봇산업진흥원, 2023년, 2019년, 13%가량 증가",-,-,-,-,-,-,-,2023,-,-,확정,-,-,-,-,-,-,-,-,-,한국로봇산업진흥원에 따르면 2023년까지 로봇화에 뛰어든 우리 기업은 2524곳으로 지난 2019년보다 13%가량 증가했다.,high,N,-,HCX-007,v1.2-hcx-so-strval,2026-07-16
A0004-C049,-,A0004,‘직원 한 명에 로봇 수십 대’… 이젠 로봇이 공장 움직인다,2025-01-01,https://www.chosun.com/economy/economy_general/2025/01/01/TGA2SHZ4SFACHOHRP36OUPCMHE,진흥원 관계자는 “아직 2024년 조사 결과가 나오진 않았지만 지난 3년보다 더 많은 증가율을 보였을 것으로 추정한다”고 했다.,한국로봇산업진흥원에 따르면 2023년까지 로봇화에 뛰어든 우리 기업은 2524곳으로 지난 2019년보다 13%가량 증가했다.,-,해외통계·정책,N,N,해외통계,기타,로봇화에 뛰어든 기업의 수,"한국로봇산업진흥원, 2023년, 2019년, 증가율",-,-,-,-,-,-,-,2023,-,-,모호,-,-,-,-,-,-,-,-,-,"진흥원 관계자는 ""아직 2024년 조사 결과가 나오진 않았지만 지난 3년보다 더 많은 증가율을 보였을 것으로 추정한다""고 했다.",mid,Y,-,HCX-007,v1.2-hcx-so-strval,2026-07-16
A0005-C004,-,A0005,"정부, 美 ‘CES 2025′에 역대 최대 통합한국관 운영",2025-01-01,https://www.chosun.com/economy/industry-company/2025/01/01/2LIJLNBNSNANXCA6WLEDQ7A74A,이는 지난해 443개보다 2개 늘어난 역대 최대 규모다.,산업통상자원부와 코트라(KOTRA)는 이달 7~10일 개최되는 CES 2025에 36개 기관과 협업해 445개사 규모의 역대 최대 통합한국관을 구성한다.,"통합한국관 주요 전시분야는 생활가전(18%) 디지털헬스(17%), 인공지능(16%), 스마트 홈(12%) 순으로 집계됐다.",개별기업,N,N,개별기업,무역,통합한국관 참여 기업 수,"CES 2025, 통합한국관, 참여 기업 수",-,-,-,-,-,-,-,202501,-,M,확정,-,-,-,-,-,-,-,-,-,이는 지난해 443개보다 2개 늘어난 역대 최대 규모다.,high,N,-,HCX-007,v1.2-hcx-so-strval,2026-07-16
A0005-C006,-,A0005,"정부, 美 ‘CES 2025′에 역대 최대 통합한국관 운영",2025-01-01,https://www.chosun.com/economy/industry-company/2025/01/01/2LIJLNBNSNANXCA6WLEDQ7A74A,"올해 한국은 삼성, LG, 현대, SK 등 글로벌 대기업과 통합한국관 445개사, 기타 중소·중견기업 455여개를 포함한 약 900개사가 참가할 예정이다.","통합한국관 주요 전시분야는 생활가전(18%) 디지털헬스(17%), 인공지능(16%), 스마트 홈(12%) 순으로 집계됐다.",전체 한국 기업 참가 숫자도 지난해보다 100개가량 늘어난 최대다.,개별기업,N,N,개별기업,무역,참가 예정 기업 수,"통합한국관, 글로벌 대기업, 중소기업, 중견기업",-,-,-,-,-,-,-,2025,-,-,확정,-,-,-,-,-,-,-,-,-,"올해 한국은 삼성, LG, 현대, SK 등 글로벌 대기업과 통합한국관 445개사, 기타 중소·중견기업 455여개를 포함한 약 900개사가 참가할 예정이다.",mid,Y,약 900개사의 정확한 수치 확인 필요,HCX-007,v1.2-hcx-so-strval,2026-07-16
A0005-C007,-,A0005,"정부, 美 ‘CES 2025′에 역대 최대 통합한국관 운영",2025-01-01,https://www.chosun.com/economy/industry-company/2025/01/01/2LIJLNBNSNANXCA6WLEDQ7A74A,전체 한국 기업 참가 숫자도 지난해보다 100개가량 늘어난 최대다.,"올해 한국은 삼성, LG, 현대, SK 등 글로벌 대기업과 통합한국관 445개사, 기타 중소·중견기업 455여개를 포함한 약 900개사가 참가할 예정이다.","CES 2025는 ‘Dive In(빠져들다)’을 주제로, 기술과 인간의 상호작용을 통해 혁신의 가능성을 제시한다.",개별기업,N,N,개별기업,무역,참가 기업 수,"삼성, LG, 현대, SK, 통합한국관, 중소·중견기업, CES",-,-,-,-,-,-,-,2025,-,-,확정,-,-,-,-,-,-,-,-,-,전체 한국 기업 참가 숫자도 지난해보다 100개가량 늘어난 최대다.,mid,Y,-,HCX-007,v1.2-hcx-so-strval,2026-07-16
A0006-C001,-,A0006,"2024년 수출, 6838억달러로 ‘역대 최대’ 경신",2025-01-01,https://www.chosun.com/economy/industry-company/2025/01/01/2UPTGREAPRAWRG4XUBRMLONSKY,한국의 2024년 수출이 6838억 달러를 기록해 역대 최대실적을 달성했다고 1일 산업통상자원부가 밝혔다.,-,"이전 최대 실적은 2022년 기록한 6836억달러인데, 이를 2년 만에 근소하게 경신한 것이다.",국내공식통계,N,N,정보부족,무역,수출액,"한국, 수출, 달러",-,-,-,-,-,-,-,2024,-,Y,확정,-,-,-,-,-,-,-,-,-,한국의 2024년 수출이 6838억 달러를 기록해 역대 최대실적을 달성했다고 1일 산업통상자원부가 밝혔다.,high,N,-,HCX-007,v1.2-hcx-so-strval,2026-07-16
A0006-C002,-,A0006,"2024년 수출, 6838억달러로 ‘역대 최대’ 경신",2025-01-01,https://www.chosun.com/economy/industry-company/2025/01/01/2UPTGREAPRAWRG4XUBRMLONSKY,"이전 최대 실적은 2022년 기록한 6836억달러인데, 이를 2년 만에 근소하게 경신한 것이다.",한국의 2024년 수출이 6838억 달러를 기록해 역대 최대실적을 달성했다고 1일 산업통상자원부가 밝혔다.,"이에 따라 2024년 1~9월 기준(WTO)으로 전 세계 수출순위도 2023년 8위에서 두 단계 상승한 6위를 달성했으며, 상위 10대 수출국 중 가장 높은 수출증가율(+9.6%)을 기록했다.",국내공식통계,N,N,정보부족,무역,수출 실적,"한국, 수출, 역대 최대실적, 산업통상자원부",-,-,-,-,-,-,-,2024,-,-,확정,-,-,-,-,-,-,-,-,-,"이전 최대 실적은 2022년 기록한 6836억달러인데, 이를 2년 만에 근소하게 경신한 것이다.",high,N,-,HCX-007,v1.2-hcx-so-strval,2026-07-16
A0006-C003,-,A0006,"2024년 수출, 6838억달러로 ‘역대 최대’ 경신",2025-01-01,https://www.chosun.com/economy/industry-company/2025/01/01/2UPTGREAPRAWRG4XUBRMLONSKY,"이에 따라 2024년 1~9월 기준(WTO)으로 전 세계 수출순위도 2023년 8위에서 두 단계 상승한 6위를 달성했으며, 상위 10대 수출국 중 가장 높은 수출증가율(+9.6%)을 기록했다.","이전 최대 실적은 2022년 기록한 6836억달러인데, 이를 2년 만에 근소하게 경신한 것이다.",무역수지는 전년 대비 621억 달러 개선된 518억 달러의 흑자를 기록했다.,해외통계·정책,N,N,해외통계,무역,세계 수출순위 및 수출증가율,"WTO, 수출순위, 수출증가율",-,-,-,-,-,-,-,2024Q1-Q3,-,Q,확정,-,-,-,-,-,-,-,-,-,"이에 따라 2024년 1~9월 기준(WTO)으로 전 세계 수출순위도 2023년 8위에서 두 단계 상승한 6위를 달성했으며, 상위 10대 수출국 중 가장 높은 수출증가율(+9.6%)을 기록했다.",high,N,-,HCX-007,v1.2-hcx-so-strval,2026-07-16
A0006-C004,-,A0006,"2024년 수출, 6838억달러로 ‘역대 최대’ 경신",2025-01-01,https://www.chosun.com/economy/industry-company/2025/01/01/2UPTGREAPRAWRG4XUBRMLONSKY,무역수지는 전년 대비 621억 달러 개선된 518억 달러의 흑자를 기록했다.,"이에 따라 2024년 1~9월 기준(WTO)으로 전 세계 수출순위도 2023년 8위에서 두 단계 상승한 6위를 달성했으며, 상위 10대 수출국 중 가장 높은 수출증가율(+9.6%)을 기록했다.",2022년 당시 수출액은 역대 최대를 기록하면서도 472억달러 적자를 냈던 것과 다른 결과다.,해외통계·정책,N,N,해외통계,무역,무역수지,"WTO, 수출순위, 수출액, 수출증가율, 무역수지",-,-,-,-,-,-,-,2024,-,-,확정,-,-,-,-,-,-,-,-,-,무역수지는 전년 대비 621억 달러 개선된 518억 달러의 흑자를 기록했다.,high,N,-,HCX-007,v1.2-hcx-so-strval,2026-07-16
A0006-C005,-,A0006,"2024년 수출, 6838억달러로 ‘역대 최대’ 경신",2025-01-01,https://www.chosun.com/economy/industry-company/2025/01/01/2UPTGREAPRAWRG4XUBRMLONSKY,2022년 당시 수출액은 역대 최대를 기록하면서도 472억달러 적자를 냈던 것과 다른 결과다.,무역수지는 전년 대비 621억 달러 개선된 518억 달러의 흑자를 기록했다.,2024년에는 에너지 수입이 감소하면서 전체 수입이 전년 대비 1.6% 감소한 덕에 무역수지가 개선됐다.,국내공식통계,N,N,정보부족,무역,무역수지,"수출액, 적자, 흑자",-,-,-,-,-,-,-,2022,-,-,확정,-,-,-,-,-,-,-,-,-,2022년 당시 수출액은 역대 최대를 기록하면서도 472억달러 적자를 냈던 것과 다른 결과다.,high,N,-,HCX-007,v1.2-hcx-so-strval,2026-07-16
A0006-C006,-,A0006,"2024년 수출, 6838억달러로 ‘역대 최대’ 경신",2025-01-01,https://www.chosun.com/economy/industry-company/2025/01/01/2UPTGREAPRAWRG4XUBRMLONSKY,2024년에는 에너지 수입이 감소하면서 전체 수입이 전년 대비 1.6% 감소한 덕에 무역수지가 개선됐다.,2022년 당시 수출액은 역대 최대를 기록하면서도 472억달러 적자를 냈던 것과 다른 결과다.,이에 2018년(697억 달러 흑자) 이후 최대 흑자를 기록하게 됐다.,해외통계·정책,N,N,해외통계,무역,무역수지,"수입액, 무역수지",-,-,-,-,-,-,-,2024,-,Y,확정,-,-,-,-,-,-,-,-,-,2024년에는 에너지 수입이 감소하면서 전체 수입이 전년 대비 1.6% 감소한 덕에 무역수지가 개선됐다.,high,N,-,HCX-007,v1.2-hcx-so-strval,2026-07-16
A0006-C007,-,A0006,"2024년 수출, 6838억달러로 ‘역대 최대’ 경신",2025-01-01,https://www.chosun.com/economy/industry-company/2025/01/01/2UPTGREAPRAWRG4XUBRMLONSKY,이에 2018년(697억 달러 흑자) 이후 최대 흑자를 기록하게 됐다.,2024년에는 에너지 수입이 감소하면서 전체 수입이 전년 대비 1.6% 감소한 덕에 무역수지가 개선됐다.,"지난해 유가가 하향 안정화된 가운데 반도체 등 IT 품목, 선박·자동차 등 주력 품목과 바이오헬스·농수산식품·화장품 등 소비재 품목이 고르게 호조를 보이면서 역대 최대 수출 실적과 무역수지 흑자를 동시에 기록했다.",해외통계·정책,N,N,해외통계,무역,무역수지,"흑자, 2018년, 697억 달러",-,-,-,-,-,-,-,2024,-,Y,확정,-,-,-,-,-,-,-,-,-,이에 2018년(697억 달러 흑자) 이후 최대 흑자를 기록하게 됐다.,mid,Y,-,HCX-007,v1.2-hcx-so-strval,2026-07-16
A0006-C008,-,A0006,"2024년 수출, 6838억달러로 ‘역대 최대’ 경신",2025-01-01,https://www.chosun.com/economy/industry-company/2025/01/01/2UPTGREAPRAWRG4XUBRMLONSKY,"지난해 유가가 하향 안정화된 가운데 반도체 등 IT 품목, 선박·자동차 등 주력 품목과 바이오헬스·농수산식품·화장품 등 소비재 품목이 고르게 호조를 보이면서 역대 최대 수출 실적과 무역수지 흑자를 동시에 기록했다.",이에 2018년(697억 달러 흑자) 이후 최대 흑자를 기록하게 됐다.,"◇반도체, 자동차가 이끌고 바이오, 농수산, 화장품 등도 고르게 증가 품목별로는 최대 수출품목인 반도체가 43.9% 증가한 1419억 달러를 기록, 2023년 11월 이후 14개월 연속 증가 흐름을 이어가면서 기존 최대 실적인 2022년 1292억 달러를 2년 만에 경신했다.",해외통계·정책,N,N,해외통계,무역,무역수지 흑자,"유가, 반도체, IT 품목, 선박, 자동차, 바이오헬스, 농수산식품, 화장품, 수출 실적",-,-,-,-,-,-,-,2024,-,Y,확정,-,-,-,-,-,-,-,-,-,"지난해 유가가 하향 안정화된 가운데 반도체 등 IT 품목, 선박·자동차 등 주력 품목과 바이오헬스·농수산식품·화장품 등 소비재 품목이 고르게 호조를 보이면서 역대 최대 수출 실적과 무역수지 흑자를 동시에 기록했다.",high,N,-,HCX-007,v1.2-hcx-so-strval,2026-07-16
A0006-C009,-,A0006,"2024년 수출, 6838억달러로 ‘역대 최대’ 경신",2025-01-01,https://www.chosun.com/economy/industry-company/2025/01/01/2UPTGREAPRAWRG4XUBRMLONSKY,"◇반도체, 자동차가 이끌고 바이오, 농수산, 화장품 등도 고르게 증가 품목별로는 최대 수출품목인 반도체가 43.9% 증가한 1419억 달러를 기록, 2023년 11월 이후 14개월 연속 증가 흐름을 이어가면서 기존 최대 실적인 2022년 1292억 달러를 2년 만에 경신했다.","지난해 유가가 하향 안정화된 가운데 반도체 등 IT 품목, 선박·자동차 등 주력 품목과 바이오헬스·농수산식품·화장품 등 소비재 품목이 고르게 호조를 보이면서 역대 최대 수출 실적과 무역수지 흑자를 동시에 기록했다.","특히 지난 4분기에는 범용 메모리 가격하락에도 불구하고, DDR5·HBM 등 고부가 품목을 중심으로 수출이 확대되면서 올해 전체적으로 분기별 수출이 우상향했다.",해외통계·정책,Y,N,해외통계,무역,수출액,"반도체, 자동차, 바이오, 농수산, 화장품",-,-,-,"반도체, 자동차, 바이오, 농수산, 화장품",-,-,-,2024Q4,-,Q,확정,-,-,-,-,-,-,-,-,-,"최대 수출품목인 반도체가 43.9% 증가한 1419억 달러를 기록, 2023년 11월 이후 14개월 연속 증가 흐름을 이어가면서 기존 최대 실적인 2022년 1292억 달러를 2년 만에 경신했다.",high,N,-,HCX-007,v1.2-hcx-so-strval,2026-07-16
A0006-C010,A0006-C010-m1,A0006,"2024년 수출, 6838억달러로 ‘역대 최대’ 경신",2025-01-01,https://www.chosun.com/economy/industry-company/2025/01/01/2UPTGREAPRAWRG4XUBRMLONSKY,"특히 지난 4분기에는 범용 메모리 가격하락에도 불구하고, DDR5·HBM 등 고부가 품목을 중심으로 수출이 확대되면서 올해 전체적으로 분기별 수출이 우상향했다.","◇반도체, 자동차가 이끌고 바이오, 농수산, 화장품 등도 고르게 증가 품목별로는 최대 수출품목인 반도체가 43.9% 증가한 1419억 달러를 기록, 2023년 11월 이후 14개월 연속 증가 흐름을 이어가면서 기존 최대 실적인 2022년 1292억 달러를 2년 만에 경신했다.","자동차 수출은 하반기 주요 완성차·부품업계 파업 등에 따른 일부 생산 차질 영향으로 전년도와 보합세인 708억 달러(-0.1%)를 기록하였으며, 2년 연속 700억 달러 이상의 호실적을 이어갔다.",국내공식통계,Y,Y,-,무역,분기별 수출액,"반도체, 자동차, 수출, 분기별, 우상향",-,-,-,-,-,-,-,2024Q4,-,Q,확정,현재값,우상향,-,-,-,-,수준값,증가,전분기,"특히 지난 4분기에는 범용 메모리 가격하락에도 불구하고, DDR5·HBM 등 고부가 품목을 중심으로 수출이 확대되면서 올해 전체적으로 분기별 수출이 우상향했다.",mid,Y,-,HCX-007,v1.2-hcx-so-strval,2026-07-16
A0006-C011,A0006-C011-m1,A0006,"2024년 수출, 6838억달러로 ‘역대 최대’ 경신",2025-01-01,https://www.chosun.com/economy/industry-company/2025/01/01/2UPTGREAPRAWRG4XUBRMLONSKY,"자동차 수출은 하반기 주요 완성차·부품업계 파업 등에 따른 일부 생산 차질 영향으로 전년도와 보합세인 708억 달러(-0.1%)를 기록하였으며, 2년 연속 700억 달러 이상의 호실적을 이어갔다.","특히 지난 4분기에는 범용 메모리 가격하락에도 불구하고, DDR5·HBM 등 고부가 품목을 중심으로 수출이 확대되면서 올해 전체적으로 분기별 수출이 우상향했다.","선박 수출은 2021년 높은 선가로 수주한 LNG 운반선, 대형 컨테이너선 등 고부가 선박이 본격 수출되면서 두 자릿수(18%) 증가한 256억 달러를 기록했다.",국내공식통계,Y,Y,-,무역,자동차 수출액,"완성차, 부품업계, 생산 차질, 호실적",-,-,-,자동차,-,-,-,2024Q4,-,Q,확정,현재값,708억 달러,-,-,N,달러,수준값,유지,전년,"자동차 수출은 하반기 주요 완성차·부품업계 파업 등에 따른 일부 생산 차질 영향으로 전년도와 보합세인 708억 달러(-0.1%)를 기록하였으며, 2년 연속 700억 달러 이상의 호실적을 이어갔다.",high,N,-,HCX-007,v1.2-hcx-so-strval,2026-07-16
A0006-C012,-,A0006,"2024년 수출, 6838억달러로 ‘역대 최대’ 경신",2025-01-01,https://www.chosun.com/economy/industry-company/2025/01/01/2UPTGREAPRAWRG4XUBRMLONSKY,"선박 수출은 2021년 높은 선가로 수주한 LNG 운반선, 대형 컨테이너선 등 고부가 선박이 본격 수출되면서 두 자릿수(18%) 증가한 256억 달러를 기록했다.","자동차 수출은 하반기 주요 완성차·부품업계 파업 등에 따른 일부 생산 차질 영향으로 전년도와 보합세인 708억 달러(-0.1%)를 기록하였으며, 2년 연속 700억 달러 이상의 호실적을 이어갔다.","석유화학 수출은 480억 달러로, 하반기 유가 하락에 따른 수출단가 하락에도 불구하고 수출물량이 확대되면서 5% 증가했다.",해외통계·정책,N,N,해외통계,무역,선박 수출액,"LNG 운반선, 대형 컨테이너선, 고부가 선박",-,-,-,-,-,-,-,2021,-,Y,확정,-,-,-,-,-,-,-,-,-,"선박 수출은 2021년 높은 선가로 수주한 LNG 운반선, 대형 컨테이너선 등 고부가 선박이 본격 수출되면서 두 자릿수(18%) 증가한 256억 달러를 기록했다.",high,N,-,HCX-007,v1.2-hcx-so-strval,2026-07-16
A0006-C013,-,A0006,"2024년 수출, 6838억달러로 ‘역대 최대’ 경신",2025-01-01,https://www.chosun.com/economy/industry-company/2025/01/01/2UPTGREAPRAWRG4XUBRMLONSKY,"석유화학 수출은 480억 달러로, 하반기 유가 하락에 따른 수출단가 하락에도 불구하고 수출물량이 확대되면서 5% 증가했다.","선박 수출은 2021년 높은 선가로 수주한 LNG 운반선, 대형 컨테이너선 등 고부가 선박이 본격 수출되면서 두 자릿수(18%) 증가한 256억 달러를 기록했다.","바이오헬스 수출은 바이오시밀러 등 의약품을 중심으로 전년 대비 13.1% 증가한 151억 달러를 기록했으며, 전 세계적으로 K푸드, K뷰티 선호가 확대되면서 농수산식품 수출은 117억 달러(7.6%), 화장품 수출(102억 달러, +20.6%)은 처음으로 100억 달러를 돌파하면서 역대 최대 수출실적을 경신했다.",국내공식통계,N,N,정보부족,무역,석유화학 수출액,"석유화학, 수출단가, 수출물량",-,-,-,석유화학,-,-,-,2024,-,Y,확정,-,-,-,-,-,-,-,-,-,"석유화학 수출은 480억 달러로, 하반기 유가 하락에 따른 수출단가 하락에도 불구하고 수출물량이 확대되면서 5% 증가했다.",high,N,-,HCX-007,v1.2-hcx-so-strval,2026-07-16
A0006-C014,-,A0006,"2024년 수출, 6838억달러로 ‘역대 최대’ 경신",2025-01-01,https://www.chosun.com/economy/industry-company/2025/01/01/2UPTGREAPRAWRG4XUBRMLONSKY,"바이오헬스 수출은 바이오시밀러 등 의약품을 중심으로 전년 대비 13.1% 증가한 151억 달러를 기록했으며, 전 세계적으로 K푸드, K뷰티 선호가 확대되면서 농수산식품 수출은 117억 달러(7.6%), 화장품 수출(102억 달러, +20.6%)은 처음으로 100억 달러를 돌파하면서 역대 최대 수출실적을 경신했다.","석유화학 수출은 480억 달러로, 하반기 유가 하락에 따른 수출단가 하락에도 불구하고 수출물량이 확대되면서 5% 증가했다.",◇12월 수출 6.6% 늘어난 614억달러...수출 증가율 5개월 만에 반등 한편 이날 동시에 발표된 지난 12월 수출액은 614억달러로 전년 동월 대비 6.6% 증가했다.,해외통계·정책,Y,N,해외통계,무역,"바이오헬스 수출, 농수산식품 수출, 화장품 수출","바이오시밀러, 의약품, K푸드, K뷰티, 수출액, 수출실적",-,-,-,"바이오헬스, 농수산식품, 화장품",-,-,-,2024,-,Y,확정,-,-,-,-,-,-,-,-,-,"바이오헬스 수출은 바이오시밀러 등 의약품을 중심으로 전년 대비 13.1% 증가한 151억 달러를 기록했으며, 전 세계적으로 K푸드, K뷰티 선호가 확대되면서 농수산식품 수출은 117억 달러(7.6%), 화장품 수출(102억 달러, +20.6%)은 처음으로 100억 달러를 돌파하면서 역대 최대 수출실적을 경신했다.",high,N,-,HCX-007,v1.2-hcx-so-strval,2026-07-16
A0006-C015,A0006-C015-m1,A0006,"2024년 수출, 6838억달러로 ‘역대 최대’ 경신",2025-01-01,https://www.chosun.com/economy/industry-company/2025/01/01/2UPTGREAPRAWRG4XUBRMLONSKY,◇12월 수출 6.6% 늘어난 614억달러...수출 증가율 5개월 만에 반등 한편 이날 동시에 발표된 지난 12월 수출액은 614억달러로 전년 동월 대비 6.6% 증가했다.,"바이오헬스 수출은 바이오시밀러 등 의약품을 중심으로 전년 대비 13.1% 증가한 151억 달러를 기록했으며, 전 세계적으로 K푸드, K뷰티 선호가 확대되면서 농수산식품 수출은 117억 달러(7.6%), 화장품 수출(102억 달러, +20.6%)은 처음으로 100억 달러를 돌파하면서 역대 최대 수출실적을 경신했다.",15개월 연속 플러스 흐름을 이어간 것이다.,국내공식통계,Y,Y,-,무역,수출액,"수출액, 수출 증가율, 12월",-,-,-,-,-,-,-,202512,-,M,확정,현재값,614,-,-,N,억달러,수준값,증가,전년동월,◇12월 수출 6.6% 늘어난 614억달러...수출 증가율 5개월 만에 반등 한편 이날 동시에 발표된 지난 12월 수출액은 614억달러로 전년 동월 대비 6.6% 증가했다.,high,N,-,HCX-007,v1.2-hcx-so-strval,2026-07-16
A0006-C015,A0006-C015-m2,A0006,"2024년 수출, 6838억달러로 ‘역대 최대’ 경신",2025-01-01,https://www.chosun.com/economy/industry-company/2025/01/01/2UPTGREAPRAWRG4XUBRMLONSKY,◇12월 수출 6.6% 늘어난 614억달러...수출 증가율 5개월 만에 반등 한편 이날 동시에 발표된 지난 12월 수출액은 614억달러로 전년 동월 대비 6.6% 증가했다.,"바이오헬스 수출은 바이오시밀러 등 의약품을 중심으로 전년 대비 13.1% 증가한 151억 달러를 기록했으며, 전 세계적으로 K푸드, K뷰티 선호가 확대되면서 농수산식품 수출은 117억 달러(7.6%), 화장품 수출(102억 달러, +20.6%)은 처음으로 100억 달러를 돌파하면서 역대 최대 수출실적을 경신했다.",15개월 연속 플러스 흐름을 이어간 것이다.,국내공식통계,Y,Y,-,무역,수출액,"수출액, 수출 증가율, 12월",-,-,-,-,-,-,-,202512,-,M,확정,증감률,6.6,-,-,N,%,증감률,증가,전년동월,◇12월 수출 6.6% 늘어난 614억달러...수출 증가율 5개월 만에 반등 한편 이날 동시에 발표된 지난 12월 수출액은 614억달러로 전년 동월 대비 6.6% 증가했다.,high,N,-,HCX-007,v1.2-hcx-so-strval,2026-07-16
A0006-C016,-,A0006,"2024년 수출, 6838억달러로 ‘역대 최대’ 경신",2025-01-01,https://www.chosun.com/economy/industry-company/2025/01/01/2UPTGREAPRAWRG4XUBRMLONSKY,15개월 연속 플러스 흐름을 이어간 것이다.,◇12월 수출 6.6% 늘어난 614억달러...수출 증가율 5개월 만에 반등 한편 이날 동시에 발표된 지난 12월 수출액은 614억달러로 전년 동월 대비 6.6% 증가했다.,특히 감소 추세를 보이던 수출 증가율이 5개월 만에 반등에 성공했다.,국내공식통계,Y,Y,-,무역,수출액,"수출액, 수출 증가율, 15개월 연속 플러스 흐름",-,-,-,-,-,-,-,2024H12,-,H,확정,-,-,-,-,-,-,-,-,-,15개월 연속 플러스 흐름을 이어간 것이다.,mid,Y,-,HCX-007,v1.2-hcx-so-strval,2026-07-16
A0006-C017,-,A0006,"2024년 수출, 6838억달러로 ‘역대 최대’ 경신",2025-01-01,https://www.chosun.com/economy/industry-company/2025/01/01/2UPTGREAPRAWRG4XUBRMLONSKY,특히 감소 추세를 보이던 수출 증가율이 5개월 만에 반등에 성공했다.,15개월 연속 플러스 흐름을 이어간 것이다.,"전년 대비 월간 수출 증가율은 8월(11%), 9월(7.5%), 10월(4.6%), 11월(1.4%)로 계속 감소 중이었으나, 12월에 6.6%로 반등에 성공한 것이다.",해외통계·정책,Y,N,해외통계,무역,수출 증가율,"수출 증가율, 5개월 만에 반등, 12월",-,-,-,-,-,-,-,202512,-,M,확정,-,-,-,-,-,-,-,-,-,특히 감소 추세를 보이던 수출 증가율이 5개월 만에 반등에 성공했다.,high,N,-,HCX-007,v1.2-hcx-so-strval,2026-07-16
A0006-C018,A0006-C018-m1,A0006,"2024년 수출, 6838억달러로 ‘역대 최대’ 경신",2025-01-01,https://www.chosun.com/economy/industry-company/2025/01/01/2UPTGREAPRAWRG4XUBRMLONSKY,"전년 대비 월간 수출 증가율은 8월(11%), 9월(7.5%), 10월(4.6%), 11월(1.4%)로 계속 감소 중이었으나, 12월에 6.6%로 반등에 성공한 것이다.",특히 감소 추세를 보이던 수출 증가율이 5개월 만에 반등에 성공했다.,12월 수출도 한국의 최대 수출 품목인 반도체가 31.5% 증가한 145억 달러를 기록하며 호실적을 이끌었다.,국내공식통계,Y,Y,-,무역,수출 증가율,"수출 증가율, 월간 수출 증가율, 반도체",-,-,-,-,-,-,-,2024Q4,-,Q,확정,현재값,6.6,-,-,N,%,증감률,증가,전년동기,"전년 대비 월간 수출 증가율은 8월(11%), 9월(7.5%), 10월(4.6%), 11월(1.4%)로 계속 감소 중이었으나, 12월에 6.6%로 반등에 성공한 것이다.",high,N,-,HCX-007,v1.2-hcx-so-strval,2026-07-16
A0006-C018,A0006-C018-m2,A0006,"2024년 수출, 6838억달러로 ‘역대 최대’ 경신",2025-01-01,https://www.chosun.com/economy/industry-company/2025/01/01/2UPTGREAPRAWRG4XUBRMLONSKY,"전년 대비 월간 수출 증가율은 8월(11%), 9월(7.5%), 10월(4.6%), 11월(1.4%)로 계속 감소 중이었으나, 12월에 6.6%로 반등에 성공한 것이다.",특히 감소 추세를 보이던 수출 증가율이 5개월 만에 반등에 성공했다.,12월 수출도 한국의 최대 수출 품목인 반도체가 31.5% 증가한 145억 달러를 기록하며 호실적을 이끌었다.,국내공식통계,Y,Y,-,무역,수출 증가율,"수출 증가율, 월간 수출 증가율, 반도체",-,-,-,-,-,-,-,2024Q4,-,Q,확정,이전값,1.4,-,-,N,%,증감률,감소,전년동기,"전년 대비 월간 수출 증가율은 8월(11%), 9월(7.5%), 10월(4.6%), 11월(1.4%)로 계속 감소 중이었으나, 12월에 6.6%로 반등에 성공한 것이다.",high,N,-,HCX-007,v1.2-hcx-so-strval,2026-07-16
A0006-C019,A0006-C019-m1,A0006,"2024년 수출, 6838억달러로 ‘역대 최대’ 경신",2025-01-01,https://www.chosun.com/economy/industry-company/2025/01/01/2UPTGREAPRAWRG4XUBRMLONSKY,12월 수출도 한국의 최대 수출 품목인 반도체가 31.5% 증가한 145억 달러를 기록하며 호실적을 이끌었다.,"전년 대비 월간 수출 증가율은 8월(11%), 9월(7.5%), 10월(4.6%), 11월(1.4%)로 계속 감소 중이었으나, 12월에 6.6%로 반등에 성공한 것이다.",-,국내공식통계,Y,Y,-,무역,수출 증가율,"반도체, 수출, 증가율",-,-,-,반도체,-,-,-,202512,-,M,확정,현재값,31.5,-,-,N,%,증감률,증가,전년동월,"""12월 수출도 한국의 최대 수출 품목인 반도체가 31.5% 증가한 145억 달러를 기록하며 호실적을 이끌었다.""",high,N,-,HCX-007,v1.2-hcx-so-strval,2026-07-16
A0006-C019,A0006-C019-m2,A0006,"2024년 수출, 6838억달러로 ‘역대 최대’ 경신",2025-01-01,https://www.chosun.com/economy/industry-company/2025/01/01/2UPTGREAPRAWRG4XUBRMLONSKY,12월 수출도 한국의 최대 수출 품목인 반도체가 31.5% 증가한 145억 달러를 기록하며 호실적을 이끌었다.,"전년 대비 월간 수출 증가율은 8월(11%), 9월(7.5%), 10월(4.6%), 11월(1.4%)로 계속 감소 중이었으나, 12월에 6.6%로 반등에 성공한 것이다.",-,국내공식통계,Y,Y,-,무역,수출 증가율,"반도체, 수출, 증가율",-,-,-,반도체,-,-,-,202512,-,M,확정,현재값,145000000000,-,-,N,달러,수준값,-,전년동기,"""12월 수출도 한국의 최대 수출 품목인 반도체가 31.5% 증가한 145억 달러를 기록하며 호실적을 이끌었다.""",high,N,-,HCX-007,v1.2-hcx-so-strval,2026-07-16
A0007-C002,-,A0007,"외신 “2024년, 2018년 이후 가장 항공 희생자 많은 해 됐다”",2025-01-01,https://www.chosun.com/economy/industry-company/2025/01/01/CQYMZH3PHRHZ7CXJFKL5PT4AB4,영국 항공 데이터분석 기관 시리움(Cirium)에 따르면 지난해 여객기 사고로 숨진 사람은 세계에서 318명에 이른다.,0 2024년이 무안공항 제주항공 참사와 아제르바이잔 항공기 추락 사건을 계기로 2018년 이후 가장 많은 사망자가 발생한 해가 됐다.,보잉 737 맥스 여객기가 자카르타에서 추락한 사고로 189명이 사망한 사건이 발생한 2018년(전체 사망자 526명) 이후 가장 많다.,해외통계·정책,N,N,해외통계,기타,지난해 여객기 사고로 숨진 사람 수,"영국 항공 데이터분석 기관 시리움, 여객기 사고, 사망자",-,-,-,-,-,-,-,2024,-,-,확정,-,-,-,-,-,-,-,-,-,영국 항공 데이터분석 기관 시리움(Cirium)에 따르면 지난해 여객기 사고로 숨진 사람은 세계에서 318명에 이른다.,high,N,-,HCX-007,v1.2-hcx-so-strval,2026-07-16
A0009-C001,-,A0009,"승객 수는 더 많은 LCC, 정비사는 대형 항공사의 38%",2025-01-01,https://www.chosun.com/economy/industry-company/2025/01/01/PVCPHJRE7RDT7L2ZG2LDED5NNA,7 2023년 국적기로 국제선을 이용한 여객 4720만여 명 가운데 저비용항공사(LCC) 이용객이 2419만여 명으로 대형항공사(대한항공·아시아나항공) 이용객 2300만여 명을 처음으로 넘어섰다.,-,"국내선 여객수는 일찌감치 넘어섰지만, 난공불락 같았던 국제선 역시 LCC를 타고 해외로 나가는 사람이 더 많아진 것이다.",국내공식통계,N,N,정보부족,무역,국제선 여객수,"국적기, 국제선, 여객, 저비용항공사, 대형항공사",-,-,-,-,-,-,-,2023,-,-,확정,-,-,-,-,-,-,-,-,-,7 2023년 국적기로 국제선을 이용한 여객 4720만여 명 가운데 저비용항공사(LCC) 이용객이 2419만여 명으로 대형항공사(대한항공·아시아나항공) 이용객 2300만여 명을 처음으로 넘어섰다.,high,N,-,HCX-007,v1.2-hcx-so-strval,2026-07-16
A0009-C002,-,A0009,"승객 수는 더 많은 LCC, 정비사는 대형 항공사의 38%",2025-01-01,https://www.chosun.com/economy/industry-company/2025/01/01/PVCPHJRE7RDT7L2ZG2LDED5NNA,"국내선 여객수는 일찌감치 넘어섰지만, 난공불락 같았던 국제선 역시 LCC를 타고 해외로 나가는 사람이 더 많아진 것이다.",7 2023년 국적기로 국제선을 이용한 여객 4720만여 명 가운데 저비용항공사(LCC) 이용객이 2419만여 명으로 대형항공사(대한항공·아시아나항공) 이용객 2300만여 명을 처음으로 넘어섰다.,"이처럼 LCC 이용객은 빠르게 늘고 있지만, ‘제1 원칙’인 안전 투자에선 정반대의 결과가 벌어지고 있다.",국내공식통계,N,N,정보부족,무역,국제선 여객수,"저비용항공사, LCC, 대형항공사, 대한항공, 아시아나항공",-,-,-,-,-,-,-,202301,-,M,확정,-,-,-,-,-,-,-,-,-,"국내선 여객수는 일찌감치 넘어섰지만, 난공불락 같았던 국제선 역시 LCC를 타고 해외로 나가는 사람이 더 많아진 것이다.",high,N,-,HCX-007,v1.2-hcx-so-strval,2026-07-16
A0009-C004,-,A0009,"승객 수는 더 많은 LCC, 정비사는 대형 항공사의 38%",2025-01-01,https://www.chosun.com/economy/industry-company/2025/01/01/PVCPHJRE7RDT7L2ZG2LDED5NNA,"31일 본지가 국토교통부의 항공 정비사 통계를 분석한 결과, 대한항공과 아시아나 2사 소속이 전체의 72.6%를 차지하는 것으로 나타났다.","이처럼 LCC 이용객은 빠르게 늘고 있지만, ‘제1 원칙’인 안전 투자에선 정반대의 결과가 벌어지고 있다.",반면 운송 여객 수가 더 많은 LCC 10사(여객·화물 항공사 포함)의 정비사 비율은 27.4%에 그쳤다.,국내공식통계,N,N,정보부족,고용,정비사 비율,"국토교통부, 항공 정비사, 대한항공, 아시아나, LCC",-,-,-,-,-,-,-,202501,-,M,확정,-,-,-,-,-,-,-,-,-,"31일 본지가 국토교통부의 항공 정비사 통계를 분석한 결과, 대한항공과 아시아나 2사 소속이 전체의 72.6%를 차지하는 것으로 나타났다.",high,N,-,HCX-007,v1.2-hcx-so-strval,2026-07-16
A0009-C005,-,A0009,"승객 수는 더 많은 LCC, 정비사는 대형 항공사의 38%",2025-01-01,https://www.chosun.com/economy/industry-company/2025/01/01/PVCPHJRE7RDT7L2ZG2LDED5NNA,반면 운송 여객 수가 더 많은 LCC 10사(여객·화물 항공사 포함)의 정비사 비율은 27.4%에 그쳤다.,"31일 본지가 국토교통부의 항공 정비사 통계를 분석한 결과, 대한항공과 아시아나 2사 소속이 전체의 72.6%를 차지하는 것으로 나타났다.","‘박리다매’ 전략으로 해외 중고기를 도입해, 중·단거리 위주의 잦은 운항을 지속하는 LCC들이 정작 정비와 같은 안전 투자에는 상대적으로 소홀하다는 뜻이다.",국내공식통계,N,N,정보부족,고용,정비사 비율,"LCC, 정비사, 비율",-,-,-,운송 여객,-,-,-,202501,-,M,확정,-,-,-,-,-,-,-,-,-,반면 운송 여객 수가 더 많은 LCC 10사(여객·화물 항공사 포함)의 정비사 비율은 27.4%에 그쳤다.,high,N,-,HCX-007,v1.2-hcx-so-strval,2026-07-16
A0009-C009,-,A0009,"승객 수는 더 많은 LCC, 정비사는 대형 항공사의 38%",2025-01-01,https://www.chosun.com/economy/industry-company/2025/01/01/PVCPHJRE7RDT7L2ZG2LDED5NNA,"◇급성장한 LCC, 안전 투자는 미흡 국토교통부가 지난해 9월 발표한 ‘2023 항공안전백서’에 따르면, 국내 12개 항공사의 정비사 총 5849명(2023년말 기준) 가운데 대형 항공사인 대한항공, 아시아나항공 등 2사 소속은 4248명이었다.","이같은 우려가 커지자, 제주항공은 이날 브리핑을 갖고 “2025년 3월까지 운항량을 10~15% 감축하고, 정비사도 추가 고용하겠다”고 밝혔다.","제주항공·진에어 등 LCC 10사의 정비사는 모두 1601명으로, 대형항공사의 3분의 1 수준(37.7%)에 그쳤다.",국내공식통계,N,N,정보부족,고용,정비사 수,"국토교통부, 항공안전백서, 대형 항공사, LCC",-,-,-,항공,-,-,-,2023년말,-,Y,확정,-,-,-,-,-,-,-,-,-,"국토교통부가 지난해 9월 발표한 ‘2023 항공안전백서’에 따르면, 국내 12개 항공사의 정비사 총 5849명(2023년말 기준) 가운데 대형 항공사인 대한항공, 아시아나항공 등 2사 소속은 4248명이었다.",high,N,-,HCX-007,v1.2-hcx-so-strval,2026-07-16
A0009-C010,-,A0009,"승객 수는 더 많은 LCC, 정비사는 대형 항공사의 38%",2025-01-01,https://www.chosun.com/economy/industry-company/2025/01/01/PVCPHJRE7RDT7L2ZG2LDED5NNA,"제주항공·진에어 등 LCC 10사의 정비사는 모두 1601명으로, 대형항공사의 3분의 1 수준(37.7%)에 그쳤다.","◇급성장한 LCC, 안전 투자는 미흡 국토교통부가 지난해 9월 발표한 ‘2023 항공안전백서’에 따르면, 국내 12개 항공사의 정비사 총 5849명(2023년말 기준) 가운데 대형 항공사인 대한항공, 아시아나항공 등 2사 소속은 4248명이었다.","이를 각 사의 항공기 보유 대수로 나눠보면, 대형항공사들은 대당 16~18명 수준의 정비사를 보유하고 있지만 LCC는 10.6명이었다.",국내공식통계,N,N,정보부족,고용,정비사 수,"LCC, 대형항공사, 정비사",-,-,-,항공,-,-,-,2023년말,-,Y,확정,-,-,-,-,-,-,-,-,-,"제주항공·진에어 등 LCC 10사의 정비사는 모두 1601명으로, 대형항공사의 3분의 1 수준(37.7%)에 그쳤다.",high,N,-,HCX-007,v1.2-hcx-so-strval,2026-07-16
A0009-C011,-,A0009,"승객 수는 더 많은 LCC, 정비사는 대형 항공사의 38%",2025-01-01,https://www.chosun.com/economy/industry-company/2025/01/01/PVCPHJRE7RDT7L2ZG2LDED5NNA,"이를 각 사의 항공기 보유 대수로 나눠보면, 대형항공사들은 대당 16~18명 수준의 정비사를 보유하고 있지만 LCC는 10.6명이었다.","제주항공·진에어 등 LCC 10사의 정비사는 모두 1601명으로, 대형항공사의 3분의 1 수준(37.7%)에 그쳤다.",이는 그간 수차례 지적됐던 LCC의 안전 문제가 여전히 개선되지 않았음을 의미한다.,개별기업,N,N,개별기업,소매·소비,정비사 보유 비율,"제주항공, 진에어, LCC, 대형항공사, 정비사, 항공기 보유 대수",-,-,-,항공 산업,-,-,-,202501,-,M,확정,-,-,-,-,-,-,-,-,-,"이를 각 사의 항공기 보유 대수로 나눠보면, 대형항공사들은 대당 16~18명 수준의 정비사를 보유하고 있지만 LCC는 10.6명이었다.",high,N,-,HCX-007,v1.2-hcx-so-strval,2026-07-16
