claim_id,claim_measurement_id,indicator,metric_domain,industry_or_item,value,unit,raw_unit,unit_dimension,semantic_type,entity_type,value_type,direction,measurement_role,measurement_usage,period,prd_se,change_base,comparison_period,candidate_rank,candidate_score,candidate_runner_up_score,candidate_status,candidate_status_code,candidate_status_reason,candidate_hits,retrieval_backend,lexical_score,lexical_eligible,semantic_score,reranker_score,fusion_score,org_id,tbl_id,tbl_name,stat_id,category_path,meta_candidates,selected_itm_id,selected_itm_name,selected_itm_unit,selected_itm_score,selected_obj_l1_axis_id,selected_obj_l1_axis_name,selected_obj_l1,selected_obj_l1_name,selected_obj_l1_score,selected_code_status,mapping_type,unit_compatibility_reason,claim_text
A0004-C021,A0004-C021-m2,로봇 밀도 증가율,고용,-,5,%,%,rate,rate_change,unspecified,증감률,증가,증감률,KOSIS_VALUE,2018,Y,전년,2017,1,218,218,TABLE_ONLY,META_NOT_LOADED,통계표 메타 조회 전 후보,"로봇,제조업,산업",lexical,218,Y,,,,401,DT_373002_001,"제조업용 로봇 생산 현황_기계구조, 적용산업별",2006203,로봇산업실태조사,meta_index 없음 또는 코드명 매칭 없음,,,,,,,,,,meta 없음,,,"우리나라는 로봇 밀도 1위 나라일 뿐 아니라, 지난 2018년 이후로 매년 5%씩 성장한 유일한 나라이기도 하다."
A0004-C021,A0004-C021-m2,로봇 밀도 증가율,고용,-,5,%,%,rate,rate_change,unspecified,증감률,증가,증감률,KOSIS_VALUE,2018,Y,전년,2017,2,218,,ALTERNATE,NOT_TOP_TABLE,후순위 통계표 후보,"로봇,제조업,산업",lexical,218,Y,,,,401,DT_373002_002,"제조업용 로봇 출하 현황_기계구조, 적용산업별",2006203,로봇산업실태조사,meta_index 없음 또는 코드명 매칭 없음,,,,,,,,,,meta 없음,,,"우리나라는 로봇 밀도 1위 나라일 뿐 아니라, 지난 2018년 이후로 매년 5%씩 성장한 유일한 나라이기도 하다."
A0004-C021,A0004-C021-m2,로봇 밀도 증가율,고용,-,5,%,%,rate,rate_change,unspecified,증감률,증가,증감률,KOSIS_VALUE,2018,Y,전년,2017,3,188,,ALTERNATE,NOT_TOP_TABLE,후순위 통계표 후보,"로봇,산업",lexical,188,Y,,,,401,DT_401001_001,로봇산업 매출 현황,2006203,로봇산업실태조사,meta_index 없음 또는 코드명 매칭 없음,,,,,,,,,,meta 없음,,,"우리나라는 로봇 밀도 1위 나라일 뿐 아니라, 지난 2018년 이후로 매년 5%씩 성장한 유일한 나라이기도 하다."
A0004-C021,A0004-C021-m2,로봇 밀도 증가율,고용,-,5,%,%,rate,rate_change,unspecified,증감률,증가,증감률,KOSIS_VALUE,2018,Y,전년,2017,4,188,,ALTERNATE,NOT_TOP_TABLE,후순위 통계표 후보,"로봇,산업",lexical,188,Y,,,,401,DT_401N_012,로봇산업 부문별 지적재산권 현황,2006203,로봇산업실태조사,meta_index 없음 또는 코드명 매칭 없음,,,,,,,,,,meta 없음,,,"우리나라는 로봇 밀도 1위 나라일 뿐 아니라, 지난 2018년 이후로 매년 5%씩 성장한 유일한 나라이기도 하다."
A0004-C021,A0004-C021-m2,로봇 밀도 증가율,고용,-,5,%,%,rate,rate_change,unspecified,증감률,증가,증감률,KOSIS_VALUE,2018,Y,전년,2017,5,188,,ALTERNATE,NOT_TOP_TABLE,후순위 통계표 후보,"로봇,산업",lexical,188,Y,,,,401,DT_401N_008,로봇산업 분야 직무별 종사자 수,2006203,로봇산업실태조사,meta_index 없음 또는 코드명 매칭 없음,,,,,,,,,,meta 없음,,,"우리나라는 로봇 밀도 1위 나라일 뿐 아니라, 지난 2018년 이후로 매년 5%씩 성장한 유일한 나라이기도 하다."
A0004-C048,A0004-C048-m1,로봇화에 뛰어든 기업 수,고용,-,13,%,%,rate,rate_change,organization,증감률,증가,증감률,KOSIS_VALUE,2019,Y,전년,2018,1,388,166,TABLE_ONLY,META_NOT_LOADED,통계표 메타 조회 전 후보,"로봇,산업",lexical,388,Y,,,,401,DT_401001_005,사업체 수,2006203,로봇산업실태조사,meta_index 없음 또는 코드명 매칭 없음,,,,,,,,,,meta 없음,,,한국로봇산업진흥원에 따르면 2023년까지 로봇화에 뛰어든 우리 기업은 2524곳으로 지난 2019년보다 13%가량 증가했다.
A0004-C048,A0004-C048-m1,로봇화에 뛰어든 기업 수,고용,-,13,%,%,rate,rate_change,organization,증감률,증가,증감률,KOSIS_VALUE,2019,Y,전년,2018,2,166,,ALTERNATE,NOT_TOP_TABLE,후순위 통계표 후보,"로봇,기업,제조업",lexical,166,Y,,,,395,DT_395N_I2021277,디지털 신기술별 도입 여부: 로봇공학,2003024,한국기업혁신조사 > 2022년도 조사(제조업 부문) > 디지털전환 > 디지털 신기술별 도입 여부,meta_index 없음 또는 코드명 매칭 없음,,,,,,,,,,meta 없음,,,한국로봇산업진흥원에 따르면 2023년까지 로봇화에 뛰어든 우리 기업은 2524곳으로 지난 2019년보다 13%가량 증가했다.
A0004-C048,A0004-C048-m1,로봇화에 뛰어든 기업 수,고용,-,13,%,%,rate,rate_change,organization,증감률,증가,증감률,KOSIS_VALUE,2019,Y,전년,2018,3,166,,ALTERNATE,NOT_TOP_TABLE,후순위 통계표 후보,"로봇,기업,제조업",lexical,166,Y,,,,395,DT_395N_I2021268,디지털 신기술별 중요도: 로봇공학,2003024,한국기업혁신조사 > 2022년도 조사(제조업 부문) > 디지털전환 > 디지털 신기술별 중요도,meta_index 없음 또는 코드명 매칭 없음,,,,,,,,,,meta 없음,,,한국로봇산업진흥원에 따르면 2023년까지 로봇화에 뛰어든 우리 기업은 2524곳으로 지난 2019년보다 13%가량 증가했다.
A0004-C048,A0004-C048-m1,로봇화에 뛰어든 기업 수,고용,-,13,%,%,rate,rate_change,organization,증감률,증가,증감률,KOSIS_VALUE,2019,Y,전년,2018,4,164,,ALTERNATE,NOT_TOP_TABLE,후순위 통계표 후보,"로봇,산업",lexical,164,Y,,,,401,DT_401001_001,로봇산업 매출 현황,2006203,로봇산업실태조사,meta_index 없음 또는 코드명 매칭 없음,,,,,,,,,,meta 없음,,,한국로봇산업진흥원에 따르면 2023년까지 로봇화에 뛰어든 우리 기업은 2524곳으로 지난 2019년보다 13%가량 증가했다.
A0004-C048,A0004-C048-m1,로봇화에 뛰어든 기업 수,고용,-,13,%,%,rate,rate_change,organization,증감률,증가,증감률,KOSIS_VALUE,2019,Y,전년,2018,5,164,,ALTERNATE,NOT_TOP_TABLE,후순위 통계표 후보,"로봇,산업",lexical,164,Y,,,,401,DT_401N_012,로봇산업 부문별 지적재산권 현황,2006203,로봇산업실태조사,meta_index 없음 또는 코드명 매칭 없음,,,,,,,,,,meta 없음,,,한국로봇산업진흥원에 따르면 2023년까지 로봇화에 뛰어든 우리 기업은 2524곳으로 지난 2019년보다 13%가량 증가했다.
A0006-C001,A0006-C001-m1,수출액,무역,-,683800000000,달러,달러,currency,amount,unspecified,수준값,증가,현재값,KOSIS_VALUE,2024,Y,전년동기,,1,404,100,TABLE_ONLY,META_NOT_LOADED,통계표 메타 조회 전 후보,"수출액,품목별,수출,수입,무역",lexical,404,Y,,,,360,DT_1R11001_FRM101,"품목별 수출액, 수입액",1976045,SITC에의한무역통계,meta_index 없음 또는 코드명 매칭 없음,,,,,,,,,,meta 없음,,,한국의 2024년 수출이 6838억 달러를 기록해 역대 최대실적을 달성했다고 1일 산업통상자원부가 밝혔다.
A0006-C001,A0006-C001-m1,수출액,무역,-,683800000000,달러,달러,currency,amount,unspecified,수준값,증가,현재값,KOSIS_VALUE,2024,Y,전년동기,,2,100,,ALTERNATE,NOT_TOP_TABLE,후순위 통계표 후보,"수출액,수출,수입,국가별,무역",lexical,100,Y,,,,360,DT_1R11006_FRM101,"국가별 수출액, 수입액",1976045,SITC에의한무역통계,meta_index 없음 또는 코드명 매칭 없음,,,,,,,,,,meta 없음,,,한국의 2024년 수출이 6838억 달러를 기록해 역대 최대실적을 달성했다고 1일 산업통상자원부가 밝혔다.
A0006-C001,A0006-C001-m1,수출액,무역,-,683800000000,달러,달러,currency,amount,unspecified,수준값,증가,현재값,KOSIS_VALUE,2024,Y,전년동기,,3,96,,ALTERNATE,NOT_TOP_TABLE,후순위 통계표 후보,"수출액,품목별,수출",lexical,96,Y,,,,466,DT_446001_A027,쌀가루 생산판매 현황 : 품목별 수출액 - 총계,2024007,쌀가공식품제조업실태조사 > 쌀가공식품제조업,meta_index 없음 또는 코드명 매칭 없음,,,,,,,,,,meta 없음,,,한국의 2024년 수출이 6838억 달러를 기록해 역대 최대실적을 달성했다고 1일 산업통상자원부가 밝혔다.
A0006-C001,A0006-C001-m1,수출액,무역,-,683800000000,달러,달러,currency,amount,unspecified,수준값,증가,현재값,KOSIS_VALUE,2024,Y,전년동기,,4,90,,ALTERNATE,NOT_TOP_TABLE,후순위 통계표 후보,"품목별,수출,실적",lexical,90,Y,,,,434,DT_434_STBL_1028692,게임기기 품목별 수출입 실적,2016058,문화체육관광산업통계 > 수출입 실적 현황,meta_index 없음 또는 코드명 매칭 없음,,,,,,,,,,meta 없음,,,한국의 2024년 수출이 6838억 달러를 기록해 역대 최대실적을 달성했다고 1일 산업통상자원부가 밝혔다.
A0006-C001,A0006-C001-m1,수출액,무역,-,683800000000,달러,달러,currency,amount,unspecified,수준값,증가,현재값,KOSIS_VALUE,2024,Y,전년동기,,5,90,,ALTERNATE,NOT_TOP_TABLE,후순위 통계표 후보,"품목별,수출,실적",lexical,90,Y,,,,434,DT_434_STBL_1028682,공예품 품목별 수출입 실적,2016058,문화체육관광산업통계 > 수출입 실적 현황,meta_index 없음 또는 코드명 매칭 없음,,,,,,,,,,meta 없음,,,한국의 2024년 수출이 6838억 달러를 기록해 역대 최대실적을 달성했다고 1일 산업통상자원부가 밝혔다.
A0006-C006,A0006-C006-m1,수입 증감률,무역,-,1.6,%,%,rate,rate_change,unspecified,증감률,감소,증감률,KOSIS_VALUE,2024,Y,전년,2023,1,444,150,TABLE_ONLY,META_NOT_LOADED,통계표 메타 조회 전 후보,"품목별,수입액,수출액,수입,수출,무역",lexical,444,Y,,,,360,DT_1R11001_FRM101,"품목별 수출액, 수입액",1976045,SITC에의한무역통계,meta_index 없음 또는 코드명 매칭 없음,,,,,,,,,,meta 없음,,,2024년에는 에너지 수입이 감소하면서 전체 수입이 전년 대비 1.6% 감소한 덕에 무역수지가 개선됐다.
A0006-C006,A0006-C006-m1,수입 증감률,무역,-,1.6,%,%,rate,rate_change,unspecified,증감률,감소,증감률,KOSIS_VALUE,2024,Y,전년,2023,2,150,,ALTERNATE,NOT_TOP_TABLE,후순위 통계표 후보,"수입액,무역,수입,수출,무역수지",lexical,150,Y,,,,145,DT_145009_026,"국내 의약품 생산·수출·수입액, 무역수지, 시장규모",2016008,의약품생산및수출수입실적 > 수출입 현황,meta_index 없음 또는 코드명 매칭 없음,,,,,,,,,,meta 없음,,,2024년에는 에너지 수입이 감소하면서 전체 수입이 전년 대비 1.6% 감소한 덕에 무역수지가 개선됐다.
A0006-C006,A0006-C006-m1,수입 증감률,무역,-,1.6,%,%,rate,rate_change,unspecified,증감률,감소,증감률,KOSIS_VALUE,2024,Y,전년,2023,3,140,,ALTERNATE,NOT_TOP_TABLE,후순위 통계표 후보,"수입액,수출액,수입,수출,국가별,무역",lexical,140,Y,,,,360,DT_1R11006_FRM101,"국가별 수출액, 수입액",1976045,SITC에의한무역통계,meta_index 없음 또는 코드명 매칭 없음,,,,,,,,,,meta 없음,,,2024년에는 에너지 수입이 감소하면서 전체 수입이 전년 대비 1.6% 감소한 덕에 무역수지가 개선됐다.
A0006-C006,A0006-C006-m1,수입 증감률,무역,-,1.6,%,%,rate,rate_change,unspecified,증감률,감소,증감률,KOSIS_VALUE,2024,Y,전년,2023,4,128,,ALTERNATE,NOT_TOP_TABLE,후순위 통계표 후보,"수입액,무역,수입,수출,무역수지",lexical,128,Y,,,,145,DT_145014_013,"위생용품 생산·수출·수입액 무역수지, 시장규모",2019072,위생용품산업현황 > 위생용품 산업현황 총괄,meta_index 없음 또는 코드명 매칭 없음,,,,,,,,,,meta 없음,,,2024년에는 에너지 수입이 감소하면서 전체 수입이 전년 대비 1.6% 감소한 덕에 무역수지가 개선됐다.
A0006-C006,A0006-C006-m1,수입 증감률,무역,-,1.6,%,%,rate,rate_change,unspecified,증감률,감소,증감률,KOSIS_VALUE,2024,Y,전년,2023,5,128,,ALTERNATE,NOT_TOP_TABLE,후순위 통계표 후보,"수입액,무역,수입,수출,무역수지",lexical,128,Y,,,,145,DT_14508_007,"의료기기 생산·수출·수입액, 무역수지, 시장규모",2014001,의료기기생산실적 > 의료기기 생산실적 총괄,meta_index 없음 또는 코드명 매칭 없음,,,,,,,,,,meta 없음,,,2024년에는 에너지 수입이 감소하면서 전체 수입이 전년 대비 1.6% 감소한 덕에 무역수지가 개선됐다.
A0006-C007,A0006-C007-m1,무역수지,무역,-,69700000000,달러,달러,currency,amount,unspecified,수준값,유지,현재값,KOSIS_VALUE,2018,Y,전년,,1,508,508,TABLE_ONLY,META_NOT_LOADED,통계표 메타 조회 전 후보,"수출액,수입액,품목별,수출,수입,무역",lexical,508,Y,,,,360,DT_1R11001_FRM101,"품목별 수출액, 수입액",1976045,SITC에의한무역통계,meta_index 없음 또는 코드명 매칭 없음,,,,,,,,,,meta 없음,,,이에 2018년(697억 달러 흑자) 이후 최대 흑자를 기록하게 됐다.
A0006-C007,A0006-C007-m1,무역수지,무역,-,69700000000,달러,달러,currency,amount,unspecified,수준값,유지,현재값,KOSIS_VALUE,2018,Y,전년,,2,508,,ALTERNATE,NOT_TOP_TABLE,후순위 통계표 후보,"수출액,수입액,품목별,수출,수입,무역",lexical,508,Y,,,,360,DT_1R11001_FRM101_2019,"품목별 수출액, 수입액",1976045,SITC에의한무역통계,meta_index 없음 또는 코드명 매칭 없음,,,,,,,,,,meta 없음,,,이에 2018년(697억 달러 흑자) 이후 최대 흑자를 기록하게 됐다.
A0006-C007,A0006-C007-m1,무역수지,무역,-,69700000000,달러,달러,currency,amount,unspecified,수준값,유지,현재값,KOSIS_VALUE,2018,Y,전년,,3,260,,ALTERNATE,NOT_TOP_TABLE,후순위 통계표 후보,"무역,무역수지,국가별",lexical,260,Y,,,,127,DT_DEA0001_S10502,주요 국가별 기술별 기술무역수지 추이,2003037,기술무역통계 > 기술무역수지현황,meta_index 없음 또는 코드명 매칭 없음,,,,,,,,,,meta 없음,,,이에 2018년(697억 달러 흑자) 이후 최대 흑자를 기록하게 됐다.
A0006-C007,A0006-C007-m1,무역수지,무역,-,69700000000,달러,달러,currency,amount,unspecified,수준값,유지,현재값,KOSIS_VALUE,2018,Y,전년,,4,260,,ALTERNATE,NOT_TOP_TABLE,후순위 통계표 후보,"무역,무역수지,국가별",lexical,260,Y,,,,127,DT_DCA0001_S10502,주요 국가별 산업별 기술무역수지 추이,2003037,기술무역통계 > 기술무역수지현황,meta_index 없음 또는 코드명 매칭 없음,,,,,,,,,,meta 없음,,,이에 2018년(697억 달러 흑자) 이후 최대 흑자를 기록하게 됐다.
A0006-C007,A0006-C007-m1,무역수지,무역,-,69700000000,달러,달러,currency,amount,unspecified,수준값,유지,현재값,KOSIS_VALUE,2018,Y,전년,,5,248,,ALTERNATE,NOT_TOP_TABLE,후순위 통계표 후보,"무역,무역수지",lexical,248,Y,,,,127,DT_DBA0001_S10502,기관유형별 기술별 기술무역수지 추이,2003037,기술무역통계 > 기술무역수지현황,meta_index 없음 또는 코드명 매칭 없음,,,,,,,,,,meta 없음,,,이에 2018년(697억 달러 흑자) 이후 최대 흑자를 기록하게 됐다.
A0006-C009,A0006-C009-m1,반도체 수출 증감률,무역,반도체,43.9,%,%,rate,rate_change,vehicle,증감률,증가,증감률,KOSIS_VALUE,2024,Y,전년,2023,1,484,168,TABLE_ONLY,META_NOT_LOADED,통계표 메타 조회 전 후보,"품목별,수출액,수출,수입,무역",lexical,484,Y,,,,360,DT_1R11001_FRM101,"품목별 수출액, 수입액",1976045,SITC에의한무역통계,meta_index 없음 또는 코드명 매칭 없음,,,,,,,,,,meta 없음,,,"◇반도체, 자동차가 이끌고 바이오, 농수산, 화장품 등도 고르게 증가 품목별로는 최대 수출품목인 반도체가 43.9% 증가한 1419억 달러를 기록, 2023년 11월 이후 14개월 연속 증가 흐름을 이어가면서 기존 최대 실적인 2022년 1292억 달러를 2년 만에 경신했다."
A0006-C009,A0006-C009-m1,반도체 수출 증감률,무역,반도체,43.9,%,%,rate,rate_change,vehicle,증감률,증가,증감률,KOSIS_VALUE,2024,Y,전년,2023,2,168,,ALTERNATE,NOT_TOP_TABLE,후순위 통계표 후보,"품목별,수출,수입,무역",lexical,168,Y,,,,134,DT_134006_N001,품목별 수입·수출현황,2017044,기업무역활동통계,meta_index 없음 또는 코드명 매칭 없음,,,,,,,,,,meta 없음,,,"◇반도체, 자동차가 이끌고 바이오, 농수산, 화장품 등도 고르게 증가 품목별로는 최대 수출품목인 반도체가 43.9% 증가한 1419억 달러를 기록, 2023년 11월 이후 14개월 연속 증가 흐름을 이어가면서 기존 최대 실적인 2022년 1292억 달러를 2년 만에 경신했다."
A0006-C009,A0006-C009-m1,반도체 수출 증감률,무역,반도체,43.9,%,%,rate,rate_change,vehicle,증감률,증가,증감률,KOSIS_VALUE,2024,Y,전년,2023,3,152,,ALTERNATE,NOT_TOP_TABLE,후순위 통계표 후보,"품목별,수출",lexical,152,Y,,,,434,DT_434_STBL_1028692,게임기기 품목별 수출입 실적,2016058,문화체육관광산업통계 > 수출입 실적 현황,meta_index 없음 또는 코드명 매칭 없음,,,,,,,,,,meta 없음,,,"◇반도체, 자동차가 이끌고 바이오, 농수산, 화장품 등도 고르게 증가 품목별로는 최대 수출품목인 반도체가 43.9% 증가한 1419억 달러를 기록, 2023년 11월 이후 14개월 연속 증가 흐름을 이어가면서 기존 최대 실적인 2022년 1292억 달러를 2년 만에 경신했다."
A0006-C009,A0006-C009-m1,반도체 수출 증감률,무역,반도체,43.9,%,%,rate,rate_change,vehicle,증감률,증가,증감률,KOSIS_VALUE,2024,Y,전년,2023,4,152,,ALTERNATE,NOT_TOP_TABLE,후순위 통계표 후보,"품목별,수출",lexical,152,Y,,,,434,DT_434_STBL_1028682,공예품 품목별 수출입 실적,2016058,문화체육관광산업통계 > 수출입 실적 현황,meta_index 없음 또는 코드명 매칭 없음,,,,,,,,,,meta 없음,,,"◇반도체, 자동차가 이끌고 바이오, 농수산, 화장품 등도 고르게 증가 품목별로는 최대 수출품목인 반도체가 43.9% 증가한 1419억 달러를 기록, 2023년 11월 이후 14개월 연속 증가 흐름을 이어가면서 기존 최대 실적인 2022년 1292억 달러를 2년 만에 경신했다."
A0006-C009,A0006-C009-m1,반도체 수출 증감률,무역,반도체,43.9,%,%,rate,rate_change,vehicle,증감률,증가,증감률,KOSIS_VALUE,2024,Y,전년,2023,5,152,,ALTERNATE,NOT_TOP_TABLE,후순위 통계표 후보,"품목별,수출",lexical,152,Y,,,,434,DT_434_STBL_1028678,레저용품 품목별 수출입 실적,2016058,문화체육관광산업통계 > 수출입 실적 현황,meta_index 없음 또는 코드명 매칭 없음,,,,,,,,,,meta 없음,,,"◇반도체, 자동차가 이끌고 바이오, 농수산, 화장품 등도 고르게 증가 품목별로는 최대 수출품목인 반도체가 43.9% 증가한 1419억 달러를 기록, 2023년 11월 이후 14개월 연속 증가 흐름을 이어가면서 기존 최대 실적인 2022년 1292억 달러를 2년 만에 경신했다."
A0006-C009,A0006-C009-m2,반도체 수출액,무역,반도체,141900000000,달러,달러,currency,amount,vehicle,수준값,증가,현재값,KOSIS_VALUE,2024,Y,전년,,1,476,160,TABLE_ONLY,META_NOT_LOADED,통계표 메타 조회 전 후보,"수출액,품목별,수입,수출,무역",lexical,476,Y,,,,360,DT_1R11001_FRM101,"품목별 수출액, 수입액",1976045,SITC에의한무역통계,meta_index 없음 또는 코드명 매칭 없음,,,,,,,,,,meta 없음,,,"◇반도체, 자동차가 이끌고 바이오, 농수산, 화장품 등도 고르게 증가 품목별로는 최대 수출품목인 반도체가 43.9% 증가한 1419억 달러를 기록, 2023년 11월 이후 14개월 연속 증가 흐름을 이어가면서 기존 최대 실적인 2022년 1292억 달러를 2년 만에 경신했다."
A0006-C009,A0006-C009-m2,반도체 수출액,무역,반도체,141900000000,달러,달러,currency,amount,vehicle,수준값,증가,현재값,KOSIS_VALUE,2024,Y,전년,,2,160,,ALTERNATE,NOT_TOP_TABLE,후순위 통계표 후보,"품목별,수입,수출,무역",lexical,160,Y,,,,134,DT_134006_N001,품목별 수입·수출현황,2017044,기업무역활동통계,meta_index 없음 또는 코드명 매칭 없음,,,,,,,,,,meta 없음,,,"◇반도체, 자동차가 이끌고 바이오, 농수산, 화장품 등도 고르게 증가 품목별로는 최대 수출품목인 반도체가 43.9% 증가한 1419억 달러를 기록, 2023년 11월 이후 14개월 연속 증가 흐름을 이어가면서 기존 최대 실적인 2022년 1292억 달러를 2년 만에 경신했다."
A0006-C009,A0006-C009-m2,반도체 수출액,무역,반도체,141900000000,달러,달러,currency,amount,vehicle,수준값,증가,현재값,KOSIS_VALUE,2024,Y,전년,,3,144,,ALTERNATE,NOT_TOP_TABLE,후순위 통계표 후보,"품목별,수입,무역",lexical,144,Y,,,,134,DT_13405_004,품목별 FTA 수입활용률,2014013,FTA특혜무역활용통계,meta_index 없음 또는 코드명 매칭 없음,,,,,,,,,,meta 없음,,,"◇반도체, 자동차가 이끌고 바이오, 농수산, 화장품 등도 고르게 증가 품목별로는 최대 수출품목인 반도체가 43.9% 증가한 1419억 달러를 기록, 2023년 11월 이후 14개월 연속 증가 흐름을 이어가면서 기존 최대 실적인 2022년 1292억 달러를 2년 만에 경신했다."
A0006-C009,A0006-C009-m2,반도체 수출액,무역,반도체,141900000000,달러,달러,currency,amount,vehicle,수준값,증가,현재값,KOSIS_VALUE,2024,Y,전년,,4,144,,ALTERNATE,NOT_TOP_TABLE,후순위 통계표 후보,"품목별,수출,무역",lexical,144,Y,,,,134,DT_13405_003,품목별 FTA 수출활용률,2014013,FTA특혜무역활용통계,meta_index 없음 또는 코드명 매칭 없음,,,,,,,,,,meta 없음,,,"◇반도체, 자동차가 이끌고 바이오, 농수산, 화장품 등도 고르게 증가 품목별로는 최대 수출품목인 반도체가 43.9% 증가한 1419억 달러를 기록, 2023년 11월 이후 14개월 연속 증가 흐름을 이어가면서 기존 최대 실적인 2022년 1292억 달러를 2년 만에 경신했다."
A0006-C009,A0006-C009-m2,반도체 수출액,무역,반도체,141900000000,달러,달러,currency,amount,vehicle,수준값,증가,현재값,KOSIS_VALUE,2024,Y,전년,,5,144,,ALTERNATE,NOT_TOP_TABLE,후순위 통계표 후보,"품목별,수출,무역",lexical,144,Y,,,,134,DT_134006_N012,품목별 고성장·가젤기업 수출현황,2017044,기업무역활동통계,meta_index 없음 또는 코드명 매칭 없음,,,,,,,,,,meta 없음,,,"◇반도체, 자동차가 이끌고 바이오, 농수산, 화장품 등도 고르게 증가 품목별로는 최대 수출품목인 반도체가 43.9% 증가한 1419억 달러를 기록, 2023년 11월 이후 14개월 연속 증가 흐름을 이어가면서 기존 최대 실적인 2022년 1292억 달러를 2년 만에 경신했다."
A0006-C011,A0006-C011-m1,자동차 수출,무역,자동차,70800000000,달러,달러,currency,amount,vehicle,수준값,유지,현재값,KOSIS_VALUE,2024,Y,전년,,1,484,394,TABLE_ONLY,META_NOT_LOADED,통계표 메타 조회 전 후보,"품목별,수출액,수출,수입,무역",lexical,484,Y,,,,360,DT_1R11001_FRM101,"품목별 수출액, 수입액",1976045,SITC에의한무역통계,meta_index 없음 또는 코드명 매칭 없음,,,,,,,,,,meta 없음,,,"자동차 수출은 하반기 주요 완성차·부품업계 파업 등에 따른 일부 생산 차질 영향으로 전년도와 보합세인 708억 달러(-0.1%)를 기록하였으며, 2년 연속 700억 달러 이상의 호실적을 이어갔다."
A0006-C011,A0006-C011-m1,자동차 수출,무역,자동차,70800000000,달러,달러,currency,amount,vehicle,수준값,유지,현재값,KOSIS_VALUE,2024,Y,전년,,2,394,,ALTERNATE,NOT_TOP_TABLE,후순위 통계표 후보,"자동차,수출액,수출",lexical,394,Y,,,,463,DT_FS463001_A055,자동차튜닝 관련 매출액 중 해외수출액 비중,2022033,자동차튜닝산업실태조사,meta_index 없음 또는 코드명 매칭 없음,,,,,,,,,,meta 없음,,,"자동차 수출은 하반기 주요 완성차·부품업계 파업 등에 따른 일부 생산 차질 영향으로 전년도와 보합세인 708억 달러(-0.1%)를 기록하였으며, 2년 연속 700억 달러 이상의 호실적을 이어갔다."
A0006-C011,A0006-C011-m1,자동차 수출,무역,자동차,70800000000,달러,달러,currency,amount,vehicle,수준값,유지,현재값,KOSIS_VALUE,2024,Y,전년,,3,394,,ALTERNATE,NOT_TOP_TABLE,후순위 통계표 후보,"자동차,수출액,수출",lexical,394,Y,,,,463,DT_FS463001_A056,자동차튜닝 관련 해외수출액,2022033,자동차튜닝산업실태조사,meta_index 없음 또는 코드명 매칭 없음,,,,,,,,,,meta 없음,,,"자동차 수출은 하반기 주요 완성차·부품업계 파업 등에 따른 일부 생산 차질 영향으로 전년도와 보합세인 708억 달러(-0.1%)를 기록하였으며, 2년 연속 700억 달러 이상의 호실적을 이어갔다."
A0006-C011,A0006-C011-m1,자동차 수출,무역,자동차,70800000000,달러,달러,currency,amount,vehicle,수준값,유지,현재값,KOSIS_VALUE,2024,Y,전년,,4,374,,ALTERNATE,NOT_TOP_TABLE,후순위 통계표 후보,"품목별,수출,생산,자동차",lexical,374,Y,,,,115,DT_115042_25_024,생산 품목별 수출 금액(합계),2025009,자동차부품산업실태조사,meta_index 없음 또는 코드명 매칭 없음,,,,,,,,,,meta 없음,,,"자동차 수출은 하반기 주요 완성차·부품업계 파업 등에 따른 일부 생산 차질 영향으로 전년도와 보합세인 708억 달러(-0.1%)를 기록하였으며, 2년 연속 700억 달러 이상의 호실적을 이어갔다."
A0006-C011,A0006-C011-m1,자동차 수출,무역,자동차,70800000000,달러,달러,currency,amount,vehicle,수준값,유지,현재값,KOSIS_VALUE,2024,Y,전년,,5,358,,ALTERNATE,NOT_TOP_TABLE,후순위 통계표 후보,"자동차,수출",lexical,358,Y,,,,115,DT_115042_25_045,자동차 부품 수출계획 관련 애로사항,2025009,자동차부품산업실태조사,meta_index 없음 또는 코드명 매칭 없음,,,,,,,,,,meta 없음,,,"자동차 수출은 하반기 주요 완성차·부품업계 파업 등에 따른 일부 생산 차질 영향으로 전년도와 보합세인 708억 달러(-0.1%)를 기록하였으며, 2년 연속 700억 달러 이상의 호실적을 이어갔다."
A0006-C011,A0006-C011-m2,자동차 수출 증감률,무역,자동차,0.1,%,%,rate,rate_change,vehicle,증감률,감소,증감률,KOSIS_VALUE,2024,Y,전년,2023,1,484,394,TABLE_ONLY,META_NOT_LOADED,통계표 메타 조회 전 후보,"품목별,수출액,수출,수입,무역",lexical,484,Y,,,,360,DT_1R11001_FRM101,"품목별 수출액, 수입액",1976045,SITC에의한무역통계,meta_index 없음 또는 코드명 매칭 없음,,,,,,,,,,meta 없음,,,"자동차 수출은 하반기 주요 완성차·부품업계 파업 등에 따른 일부 생산 차질 영향으로 전년도와 보합세인 708억 달러(-0.1%)를 기록하였으며, 2년 연속 700억 달러 이상의 호실적을 이어갔다."
A0006-C011,A0006-C011-m2,자동차 수출 증감률,무역,자동차,0.1,%,%,rate,rate_change,vehicle,증감률,감소,증감률,KOSIS_VALUE,2024,Y,전년,2023,2,394,,ALTERNATE,NOT_TOP_TABLE,후순위 통계표 후보,"자동차,수출액,수출",lexical,394,Y,,,,463,DT_FS463001_A055,자동차튜닝 관련 매출액 중 해외수출액 비중,2022033,자동차튜닝산업실태조사,meta_index 없음 또는 코드명 매칭 없음,,,,,,,,,,meta 없음,,,"자동차 수출은 하반기 주요 완성차·부품업계 파업 등에 따른 일부 생산 차질 영향으로 전년도와 보합세인 708억 달러(-0.1%)를 기록하였으며, 2년 연속 700억 달러 이상의 호실적을 이어갔다."
A0006-C011,A0006-C011-m2,자동차 수출 증감률,무역,자동차,0.1,%,%,rate,rate_change,vehicle,증감률,감소,증감률,KOSIS_VALUE,2024,Y,전년,2023,3,394,,ALTERNATE,NOT_TOP_TABLE,후순위 통계표 후보,"자동차,수출액,수출",lexical,394,Y,,,,463,DT_FS463001_A056,자동차튜닝 관련 해외수출액,2022033,자동차튜닝산업실태조사,meta_index 없음 또는 코드명 매칭 없음,,,,,,,,,,meta 없음,,,"자동차 수출은 하반기 주요 완성차·부품업계 파업 등에 따른 일부 생산 차질 영향으로 전년도와 보합세인 708억 달러(-0.1%)를 기록하였으며, 2년 연속 700억 달러 이상의 호실적을 이어갔다."
A0006-C011,A0006-C011-m2,자동차 수출 증감률,무역,자동차,0.1,%,%,rate,rate_change,vehicle,증감률,감소,증감률,KOSIS_VALUE,2024,Y,전년,2023,4,374,,ALTERNATE,NOT_TOP_TABLE,후순위 통계표 후보,"품목별,수출,생산,자동차",lexical,374,Y,,,,115,DT_115042_25_024,생산 품목별 수출 금액(합계),2025009,자동차부품산업실태조사,meta_index 없음 또는 코드명 매칭 없음,,,,,,,,,,meta 없음,,,"자동차 수출은 하반기 주요 완성차·부품업계 파업 등에 따른 일부 생산 차질 영향으로 전년도와 보합세인 708억 달러(-0.1%)를 기록하였으며, 2년 연속 700억 달러 이상의 호실적을 이어갔다."
A0006-C011,A0006-C011-m2,자동차 수출 증감률,무역,자동차,0.1,%,%,rate,rate_change,vehicle,증감률,감소,증감률,KOSIS_VALUE,2024,Y,전년,2023,5,358,,ALTERNATE,NOT_TOP_TABLE,후순위 통계표 후보,"자동차,수출",lexical,358,Y,,,,115,DT_115042_25_045,자동차 부품 수출계획 관련 애로사항,2025009,자동차부품산업실태조사,meta_index 없음 또는 코드명 매칭 없음,,,,,,,,,,meta 없음,,,"자동차 수출은 하반기 주요 완성차·부품업계 파업 등에 따른 일부 생산 차질 영향으로 전년도와 보합세인 708억 달러(-0.1%)를 기록하였으며, 2년 연속 700억 달러 이상의 호실적을 이어갔다."
A0006-C013,A0006-C013-m1,석유화학 수출,무역,-,48000000000,달러,달러,currency,amount,unspecified,수준값,증가,현재값,KOSIS_VALUE,2024,Y,전년,,1,484,168,TABLE_ONLY,META_NOT_LOADED,통계표 메타 조회 전 후보,"품목별,수출액,수출,수입,무역",lexical,484,Y,,,,360,DT_1R11001_FRM101,"품목별 수출액, 수입액",1976045,SITC에의한무역통계,meta_index 없음 또는 코드명 매칭 없음,,,,,,,,,,meta 없음,,,"석유화학 수출은 480억 달러로, 하반기 유가 하락에 따른 수출단가 하락에도 불구하고 수출물량이 확대되면서 5% 증가했다."
A0006-C013,A0006-C013-m1,석유화학 수출,무역,-,48000000000,달러,달러,currency,amount,unspecified,수준값,증가,현재값,KOSIS_VALUE,2024,Y,전년,,2,168,,ALTERNATE,NOT_TOP_TABLE,후순위 통계표 후보,"품목별,수출,수입,무역",lexical,168,Y,,,,134,DT_134006_N001,품목별 수입·수출현황,2017044,기업무역활동통계,meta_index 없음 또는 코드명 매칭 없음,,,,,,,,,,meta 없음,,,"석유화학 수출은 480억 달러로, 하반기 유가 하락에 따른 수출단가 하락에도 불구하고 수출물량이 확대되면서 5% 증가했다."
A0006-C013,A0006-C013-m1,석유화학 수출,무역,-,48000000000,달러,달러,currency,amount,unspecified,수준값,증가,현재값,KOSIS_VALUE,2024,Y,전년,,3,152,,ALTERNATE,NOT_TOP_TABLE,후순위 통계표 후보,"품목별,수출",lexical,152,Y,,,,434,DT_434_STBL_1028692,게임기기 품목별 수출입 실적,2016058,문화체육관광산업통계 > 수출입 실적 현황,meta_index 없음 또는 코드명 매칭 없음,,,,,,,,,,meta 없음,,,"석유화학 수출은 480억 달러로, 하반기 유가 하락에 따른 수출단가 하락에도 불구하고 수출물량이 확대되면서 5% 증가했다."
A0006-C013,A0006-C013-m1,석유화학 수출,무역,-,48000000000,달러,달러,currency,amount,unspecified,수준값,증가,현재값,KOSIS_VALUE,2024,Y,전년,,4,152,,ALTERNATE,NOT_TOP_TABLE,후순위 통계표 후보,"품목별,수출",lexical,152,Y,,,,434,DT_434_STBL_1028682,공예품 품목별 수출입 실적,2016058,문화체육관광산업통계 > 수출입 실적 현황,meta_index 없음 또는 코드명 매칭 없음,,,,,,,,,,meta 없음,,,"석유화학 수출은 480억 달러로, 하반기 유가 하락에 따른 수출단가 하락에도 불구하고 수출물량이 확대되면서 5% 증가했다."
A0006-C013,A0006-C013-m1,석유화학 수출,무역,-,48000000000,달러,달러,currency,amount,unspecified,수준값,증가,현재값,KOSIS_VALUE,2024,Y,전년,,5,152,,ALTERNATE,NOT_TOP_TABLE,후순위 통계표 후보,"품목별,수출",lexical,152,Y,,,,434,DT_434_STBL_1028678,레저용품 품목별 수출입 실적,2016058,문화체육관광산업통계 > 수출입 실적 현황,meta_index 없음 또는 코드명 매칭 없음,,,,,,,,,,meta 없음,,,"석유화학 수출은 480억 달러로, 하반기 유가 하락에 따른 수출단가 하락에도 불구하고 수출물량이 확대되면서 5% 증가했다."
A0006-C013,A0006-C013-m2,석유화학 수출 증가율,무역,-,5,%,%,rate,rate_change,unspecified,증감률,증가,증감률,KOSIS_VALUE,2024,Y,전년,2023,1,484,168,TABLE_ONLY,META_NOT_LOADED,통계표 메타 조회 전 후보,"품목별,수출액,수출,수입,무역",lexical,484,Y,,,,360,DT_1R11001_FRM101,"품목별 수출액, 수입액",1976045,SITC에의한무역통계,meta_index 없음 또는 코드명 매칭 없음,,,,,,,,,,meta 없음,,,"석유화학 수출은 480억 달러로, 하반기 유가 하락에 따른 수출단가 하락에도 불구하고 수출물량이 확대되면서 5% 증가했다."
A0006-C013,A0006-C013-m2,석유화학 수출 증가율,무역,-,5,%,%,rate,rate_change,unspecified,증감률,증가,증감률,KOSIS_VALUE,2024,Y,전년,2023,2,168,,ALTERNATE,NOT_TOP_TABLE,후순위 통계표 후보,"품목별,수출,수입,무역",lexical,168,Y,,,,134,DT_134006_N001,품목별 수입·수출현황,2017044,기업무역활동통계,meta_index 없음 또는 코드명 매칭 없음,,,,,,,,,,meta 없음,,,"석유화학 수출은 480억 달러로, 하반기 유가 하락에 따른 수출단가 하락에도 불구하고 수출물량이 확대되면서 5% 증가했다."
A0006-C013,A0006-C013-m2,석유화학 수출 증가율,무역,-,5,%,%,rate,rate_change,unspecified,증감률,증가,증감률,KOSIS_VALUE,2024,Y,전년,2023,3,152,,ALTERNATE,NOT_TOP_TABLE,후순위 통계표 후보,"품목별,수출",lexical,152,Y,,,,434,DT_434_STBL_1028692,게임기기 품목별 수출입 실적,2016058,문화체육관광산업통계 > 수출입 실적 현황,meta_index 없음 또는 코드명 매칭 없음,,,,,,,,,,meta 없음,,,"석유화학 수출은 480억 달러로, 하반기 유가 하락에 따른 수출단가 하락에도 불구하고 수출물량이 확대되면서 5% 증가했다."
A0006-C013,A0006-C013-m2,석유화학 수출 증가율,무역,-,5,%,%,rate,rate_change,unspecified,증감률,증가,증감률,KOSIS_VALUE,2024,Y,전년,2023,4,152,,ALTERNATE,NOT_TOP_TABLE,후순위 통계표 후보,"품목별,수출",lexical,152,Y,,,,434,DT_434_STBL_1028682,공예품 품목별 수출입 실적,2016058,문화체육관광산업통계 > 수출입 실적 현황,meta_index 없음 또는 코드명 매칭 없음,,,,,,,,,,meta 없음,,,"석유화학 수출은 480억 달러로, 하반기 유가 하락에 따른 수출단가 하락에도 불구하고 수출물량이 확대되면서 5% 증가했다."
A0006-C013,A0006-C013-m2,석유화학 수출 증가율,무역,-,5,%,%,rate,rate_change,unspecified,증감률,증가,증감률,KOSIS_VALUE,2024,Y,전년,2023,5,152,,ALTERNATE,NOT_TOP_TABLE,후순위 통계표 후보,"품목별,수출",lexical,152,Y,,,,434,DT_434_STBL_1028678,레저용품 품목별 수출입 실적,2016058,문화체육관광산업통계 > 수출입 실적 현황,meta_index 없음 또는 코드명 매칭 없음,,,,,,,,,,meta 없음,,,"석유화학 수출은 480억 달러로, 하반기 유가 하락에 따른 수출단가 하락에도 불구하고 수출물량이 확대되면서 5% 증가했다."
A0006-C014,A0006-C014-m1,바이오헬스 수출 증가율,무역,바이오헬스,13.1,%,%,rate,rate_change,item,증감률,증가,증감률,KOSIS_VALUE,2024,Y,전년,2023,1,484,168,TABLE_ONLY,META_NOT_LOADED,통계표 메타 조회 전 후보,"품목별,수출액,수출,수입,무역",lexical,484,Y,,,,360,DT_1R11001_FRM101,"품목별 수출액, 수입액",1976045,SITC에의한무역통계,meta_index 없음 또는 코드명 매칭 없음,,,,,,,,,,meta 없음,,,"바이오헬스 수출은 바이오시밀러 등 의약품을 중심으로 전년 대비 13.1% 증가한 151억 달러를 기록했으며, 전 세계적으로 K푸드, K뷰티 선호가 확대되면서 농수산식품 수출은 117억 달러(7.6%), 화장품 수출(102억 달러, +20.6%)은 처음으로 100억 달러를 돌파하면서 역대 최대 수출실적을 경신했다."
A0006-C014,A0006-C014-m1,바이오헬스 수출 증가율,무역,바이오헬스,13.1,%,%,rate,rate_change,item,증감률,증가,증감률,KOSIS_VALUE,2024,Y,전년,2023,2,168,,ALTERNATE,NOT_TOP_TABLE,후순위 통계표 후보,"품목별,수출,수입,무역",lexical,168,Y,,,,134,DT_134006_N001,품목별 수입·수출현황,2017044,기업무역활동통계,meta_index 없음 또는 코드명 매칭 없음,,,,,,,,,,meta 없음,,,"바이오헬스 수출은 바이오시밀러 등 의약품을 중심으로 전년 대비 13.1% 증가한 151억 달러를 기록했으며, 전 세계적으로 K푸드, K뷰티 선호가 확대되면서 농수산식품 수출은 117억 달러(7.6%), 화장품 수출(102억 달러, +20.6%)은 처음으로 100억 달러를 돌파하면서 역대 최대 수출실적을 경신했다."
A0006-C014,A0006-C014-m1,바이오헬스 수출 증가율,무역,바이오헬스,13.1,%,%,rate,rate_change,item,증감률,증가,증감률,KOSIS_VALUE,2024,Y,전년,2023,3,152,,ALTERNATE,NOT_TOP_TABLE,후순위 통계표 후보,"품목별,수출",lexical,152,Y,,,,434,DT_434_STBL_1028692,게임기기 품목별 수출입 실적,2016058,문화체육관광산업통계 > 수출입 실적 현황,meta_index 없음 또는 코드명 매칭 없음,,,,,,,,,,meta 없음,,,"바이오헬스 수출은 바이오시밀러 등 의약품을 중심으로 전년 대비 13.1% 증가한 151억 달러를 기록했으며, 전 세계적으로 K푸드, K뷰티 선호가 확대되면서 농수산식품 수출은 117억 달러(7.6%), 화장품 수출(102억 달러, +20.6%)은 처음으로 100억 달러를 돌파하면서 역대 최대 수출실적을 경신했다."
A0006-C014,A0006-C014-m1,바이오헬스 수출 증가율,무역,바이오헬스,13.1,%,%,rate,rate_change,item,증감률,증가,증감률,KOSIS_VALUE,2024,Y,전년,2023,4,152,,ALTERNATE,NOT_TOP_TABLE,후순위 통계표 후보,"품목별,수출",lexical,152,Y,,,,434,DT_434_STBL_1028682,공예품 품목별 수출입 실적,2016058,문화체육관광산업통계 > 수출입 실적 현황,meta_index 없음 또는 코드명 매칭 없음,,,,,,,,,,meta 없음,,,"바이오헬스 수출은 바이오시밀러 등 의약품을 중심으로 전년 대비 13.1% 증가한 151억 달러를 기록했으며, 전 세계적으로 K푸드, K뷰티 선호가 확대되면서 농수산식품 수출은 117억 달러(7.6%), 화장품 수출(102억 달러, +20.6%)은 처음으로 100억 달러를 돌파하면서 역대 최대 수출실적을 경신했다."
A0006-C014,A0006-C014-m1,바이오헬스 수출 증가율,무역,바이오헬스,13.1,%,%,rate,rate_change,item,증감률,증가,증감률,KOSIS_VALUE,2024,Y,전년,2023,5,152,,ALTERNATE,NOT_TOP_TABLE,후순위 통계표 후보,"품목별,수출",lexical,152,Y,,,,434,DT_434_STBL_1028678,레저용품 품목별 수출입 실적,2016058,문화체육관광산업통계 > 수출입 실적 현황,meta_index 없음 또는 코드명 매칭 없음,,,,,,,,,,meta 없음,,,"바이오헬스 수출은 바이오시밀러 등 의약품을 중심으로 전년 대비 13.1% 증가한 151억 달러를 기록했으며, 전 세계적으로 K푸드, K뷰티 선호가 확대되면서 농수산식품 수출은 117억 달러(7.6%), 화장품 수출(102억 달러, +20.6%)은 처음으로 100억 달러를 돌파하면서 역대 최대 수출실적을 경신했다."
A0006-C014,A0006-C014-m2,바이오헬스 수출액,무역,바이오헬스,15100000000,달러,달러,currency,amount,item,수준값,증가,현재값,KOSIS_VALUE,2024,Y,전년,,1,484,168,TABLE_ONLY,META_NOT_LOADED,통계표 메타 조회 전 후보,"수출액,품목별,수출,수입,무역",lexical,484,Y,,,,360,DT_1R11001_FRM101,"품목별 수출액, 수입액",1976045,SITC에의한무역통계,meta_index 없음 또는 코드명 매칭 없음,,,,,,,,,,meta 없음,,,"바이오헬스 수출은 바이오시밀러 등 의약품을 중심으로 전년 대비 13.1% 증가한 151억 달러를 기록했으며, 전 세계적으로 K푸드, K뷰티 선호가 확대되면서 농수산식품 수출은 117억 달러(7.6%), 화장품 수출(102억 달러, +20.6%)은 처음으로 100억 달러를 돌파하면서 역대 최대 수출실적을 경신했다."
A0006-C014,A0006-C014-m2,바이오헬스 수출액,무역,바이오헬스,15100000000,달러,달러,currency,amount,item,수준값,증가,현재값,KOSIS_VALUE,2024,Y,전년,,2,168,,ALTERNATE,NOT_TOP_TABLE,후순위 통계표 후보,"품목별,수출,수입,무역",lexical,168,Y,,,,134,DT_134006_N001,품목별 수입·수출현황,2017044,기업무역활동통계,meta_index 없음 또는 코드명 매칭 없음,,,,,,,,,,meta 없음,,,"바이오헬스 수출은 바이오시밀러 등 의약품을 중심으로 전년 대비 13.1% 증가한 151억 달러를 기록했으며, 전 세계적으로 K푸드, K뷰티 선호가 확대되면서 농수산식품 수출은 117억 달러(7.6%), 화장품 수출(102억 달러, +20.6%)은 처음으로 100억 달러를 돌파하면서 역대 최대 수출실적을 경신했다."
A0006-C014,A0006-C014-m2,바이오헬스 수출액,무역,바이오헬스,15100000000,달러,달러,currency,amount,item,수준값,증가,현재값,KOSIS_VALUE,2024,Y,전년,,3,152,,ALTERNATE,NOT_TOP_TABLE,후순위 통계표 후보,"품목별,수출",lexical,152,Y,,,,434,DT_434_STBL_1028692,게임기기 품목별 수출입 실적,2016058,문화체육관광산업통계 > 수출입 실적 현황,meta_index 없음 또는 코드명 매칭 없음,,,,,,,,,,meta 없음,,,"바이오헬스 수출은 바이오시밀러 등 의약품을 중심으로 전년 대비 13.1% 증가한 151억 달러를 기록했으며, 전 세계적으로 K푸드, K뷰티 선호가 확대되면서 농수산식품 수출은 117억 달러(7.6%), 화장품 수출(102억 달러, +20.6%)은 처음으로 100억 달러를 돌파하면서 역대 최대 수출실적을 경신했다."
A0006-C014,A0006-C014-m2,바이오헬스 수출액,무역,바이오헬스,15100000000,달러,달러,currency,amount,item,수준값,증가,현재값,KOSIS_VALUE,2024,Y,전년,,4,152,,ALTERNATE,NOT_TOP_TABLE,후순위 통계표 후보,"품목별,수출",lexical,152,Y,,,,434,DT_434_STBL_1028682,공예품 품목별 수출입 실적,2016058,문화체육관광산업통계 > 수출입 실적 현황,meta_index 없음 또는 코드명 매칭 없음,,,,,,,,,,meta 없음,,,"바이오헬스 수출은 바이오시밀러 등 의약품을 중심으로 전년 대비 13.1% 증가한 151억 달러를 기록했으며, 전 세계적으로 K푸드, K뷰티 선호가 확대되면서 농수산식품 수출은 117억 달러(7.6%), 화장품 수출(102억 달러, +20.6%)은 처음으로 100억 달러를 돌파하면서 역대 최대 수출실적을 경신했다."
A0006-C014,A0006-C014-m2,바이오헬스 수출액,무역,바이오헬스,15100000000,달러,달러,currency,amount,item,수준값,증가,현재값,KOSIS_VALUE,2024,Y,전년,,5,152,,ALTERNATE,NOT_TOP_TABLE,후순위 통계표 후보,"품목별,수출",lexical,152,Y,,,,434,DT_434_STBL_1028678,레저용품 품목별 수출입 실적,2016058,문화체육관광산업통계 > 수출입 실적 현황,meta_index 없음 또는 코드명 매칭 없음,,,,,,,,,,meta 없음,,,"바이오헬스 수출은 바이오시밀러 등 의약품을 중심으로 전년 대비 13.1% 증가한 151억 달러를 기록했으며, 전 세계적으로 K푸드, K뷰티 선호가 확대되면서 농수산식품 수출은 117억 달러(7.6%), 화장품 수출(102억 달러, +20.6%)은 처음으로 100억 달러를 돌파하면서 역대 최대 수출실적을 경신했다."
A0006-C014,A0006-C014-m3,농수산식품 수출 증가율,무역,농수산식품,7.6,%,%,rate,rate_change,item,증감률,증가,증감률,KOSIS_VALUE,2024,Y,전년,2023,1,484,328,TABLE_ONLY,META_NOT_LOADED,통계표 메타 조회 전 후보,"품목별,수출액,수출,수입,무역",lexical,484,Y,,,,360,DT_1R11001_FRM101,"품목별 수출액, 수입액",1976045,SITC에의한무역통계,meta_index 없음 또는 코드명 매칭 없음,,,,,,,,,,meta 없음,,,"바이오헬스 수출은 바이오시밀러 등 의약품을 중심으로 전년 대비 13.1% 증가한 151억 달러를 기록했으며, 전 세계적으로 K푸드, K뷰티 선호가 확대되면서 농수산식품 수출은 117억 달러(7.6%), 화장품 수출(102억 달러, +20.6%)은 처음으로 100억 달러를 돌파하면서 역대 최대 수출실적을 경신했다."
A0006-C014,A0006-C014-m3,농수산식품 수출 증가율,무역,농수산식품,7.6,%,%,rate,rate_change,item,증감률,증가,증감률,KOSIS_VALUE,2024,Y,전년,2023,2,328,,ALTERNATE,NOT_TOP_TABLE,후순위 통계표 후보,"품목별,수출액,수출,식품",lexical,328,Y,,,,466,DT_446001_A027,쌀가루 생산판매 현황 : 품목별 수출액 - 총계,2024007,쌀가공식품제조업실태조사 > 쌀가공식품제조업,meta_index 없음 또는 코드명 매칭 없음,,,,,,,,,,meta 없음,,,"바이오헬스 수출은 바이오시밀러 등 의약품을 중심으로 전년 대비 13.1% 증가한 151억 달러를 기록했으며, 전 세계적으로 K푸드, K뷰티 선호가 확대되면서 농수산식품 수출은 117억 달러(7.6%), 화장품 수출(102억 달러, +20.6%)은 처음으로 100억 달러를 돌파하면서 역대 최대 수출실적을 경신했다."
A0006-C014,A0006-C014-m3,농수산식품 수출 증가율,무역,농수산식품,7.6,%,%,rate,rate_change,item,증감률,증가,증감률,KOSIS_VALUE,2024,Y,전년,2023,3,318,,ALTERNATE,NOT_TOP_TABLE,후순위 통계표 후보,"식품,품목별,수입",lexical,318,Y,,,,145,TX_145_2009_H1026,가공식품 국가 및 품목별(중량순),2006066,수입식품현황 > 수입식품등 국가 및 품목별 검사현황,meta_index 없음 또는 코드명 매칭 없음,,,,,,,,,,meta 없음,,,"바이오헬스 수출은 바이오시밀러 등 의약품을 중심으로 전년 대비 13.1% 증가한 151억 달러를 기록했으며, 전 세계적으로 K푸드, K뷰티 선호가 확대되면서 농수산식품 수출은 117억 달러(7.6%), 화장품 수출(102억 달러, +20.6%)은 처음으로 100억 달러를 돌파하면서 역대 최대 수출실적을 경신했다."
A0006-C014,A0006-C014-m3,농수산식품 수출 증가율,무역,농수산식품,7.6,%,%,rate,rate_change,item,증감률,증가,증감률,KOSIS_VALUE,2024,Y,전년,2023,4,318,,ALTERNATE,NOT_TOP_TABLE,후순위 통계표 후보,"식품,품목별,수입",lexical,318,Y,,,,145,TX_145_2009_H1028,식품첨가물 국가 및 품목별(중량순),2006066,수입식품현황 > 수입식품등 국가 및 품목별 검사현황,meta_index 없음 또는 코드명 매칭 없음,,,,,,,,,,meta 없음,,,"바이오헬스 수출은 바이오시밀러 등 의약품을 중심으로 전년 대비 13.1% 증가한 151억 달러를 기록했으며, 전 세계적으로 K푸드, K뷰티 선호가 확대되면서 농수산식품 수출은 117억 달러(7.6%), 화장품 수출(102억 달러, +20.6%)은 처음으로 100억 달러를 돌파하면서 역대 최대 수출실적을 경신했다."
A0006-C014,A0006-C014-m3,농수산식품 수출 증가율,무역,농수산식품,7.6,%,%,rate,rate_change,item,증감률,증가,증감률,KOSIS_VALUE,2024,Y,전년,2023,5,294,,ALTERNATE,NOT_TOP_TABLE,후순위 통계표 후보,"식품,국가별,품목별,수입",lexical,294,Y,,,,145,TX_145_2009_H1021,가공식품 품목 및 국가별(중량순),2006066,수입식품현황 > 수입식품등 국가 및 품목별 검사현황,meta_index 없음 또는 코드명 매칭 없음,,,,,,,,,,meta 없음,,,"바이오헬스 수출은 바이오시밀러 등 의약품을 중심으로 전년 대비 13.1% 증가한 151억 달러를 기록했으며, 전 세계적으로 K푸드, K뷰티 선호가 확대되면서 농수산식품 수출은 117억 달러(7.6%), 화장품 수출(102억 달러, +20.6%)은 처음으로 100억 달러를 돌파하면서 역대 최대 수출실적을 경신했다."
A0006-C014,A0006-C014-m4,농수산식품 수출액,무역,농수산식품,11700000000,달러,달러,currency,amount,item,수준값,증가,현재값,KOSIS_VALUE,2024,Y,전년,,1,484,328,TABLE_ONLY,META_NOT_LOADED,통계표 메타 조회 전 후보,"수출액,품목별,수출,수입,무역",lexical,484,Y,,,,360,DT_1R11001_FRM101,"품목별 수출액, 수입액",1976045,SITC에의한무역통계,meta_index 없음 또는 코드명 매칭 없음,,,,,,,,,,meta 없음,,,"바이오헬스 수출은 바이오시밀러 등 의약품을 중심으로 전년 대비 13.1% 증가한 151억 달러를 기록했으며, 전 세계적으로 K푸드, K뷰티 선호가 확대되면서 농수산식품 수출은 117억 달러(7.6%), 화장품 수출(102억 달러, +20.6%)은 처음으로 100억 달러를 돌파하면서 역대 최대 수출실적을 경신했다."
A0006-C014,A0006-C014-m4,농수산식품 수출액,무역,농수산식품,11700000000,달러,달러,currency,amount,item,수준값,증가,현재값,KOSIS_VALUE,2024,Y,전년,,2,328,,ALTERNATE,NOT_TOP_TABLE,후순위 통계표 후보,"수출액,품목별,수출,식품",lexical,328,Y,,,,466,DT_446001_A027,쌀가루 생산판매 현황 : 품목별 수출액 - 총계,2024007,쌀가공식품제조업실태조사 > 쌀가공식품제조업,meta_index 없음 또는 코드명 매칭 없음,,,,,,,,,,meta 없음,,,"바이오헬스 수출은 바이오시밀러 등 의약품을 중심으로 전년 대비 13.1% 증가한 151억 달러를 기록했으며, 전 세계적으로 K푸드, K뷰티 선호가 확대되면서 농수산식품 수출은 117억 달러(7.6%), 화장품 수출(102억 달러, +20.6%)은 처음으로 100억 달러를 돌파하면서 역대 최대 수출실적을 경신했다."
A0006-C014,A0006-C014-m4,농수산식품 수출액,무역,농수산식품,11700000000,달러,달러,currency,amount,item,수준값,증가,현재값,KOSIS_VALUE,2024,Y,전년,,3,318,,ALTERNATE,NOT_TOP_TABLE,후순위 통계표 후보,"식품,품목별,수입",lexical,318,Y,,,,145,TX_145_2009_H1026,가공식품 국가 및 품목별(중량순),2006066,수입식품현황 > 수입식품등 국가 및 품목별 검사현황,meta_index 없음 또는 코드명 매칭 없음,,,,,,,,,,meta 없음,,,"바이오헬스 수출은 바이오시밀러 등 의약품을 중심으로 전년 대비 13.1% 증가한 151억 달러를 기록했으며, 전 세계적으로 K푸드, K뷰티 선호가 확대되면서 농수산식품 수출은 117억 달러(7.6%), 화장품 수출(102억 달러, +20.6%)은 처음으로 100억 달러를 돌파하면서 역대 최대 수출실적을 경신했다."
A0006-C014,A0006-C014-m4,농수산식품 수출액,무역,농수산식품,11700000000,달러,달러,currency,amount,item,수준값,증가,현재값,KOSIS_VALUE,2024,Y,전년,,4,318,,ALTERNATE,NOT_TOP_TABLE,후순위 통계표 후보,"식품,품목별,수입",lexical,318,Y,,,,145,TX_145_2009_H1028,식품첨가물 국가 및 품목별(중량순),2006066,수입식품현황 > 수입식품등 국가 및 품목별 검사현황,meta_index 없음 또는 코드명 매칭 없음,,,,,,,,,,meta 없음,,,"바이오헬스 수출은 바이오시밀러 등 의약품을 중심으로 전년 대비 13.1% 증가한 151억 달러를 기록했으며, 전 세계적으로 K푸드, K뷰티 선호가 확대되면서 농수산식품 수출은 117억 달러(7.6%), 화장품 수출(102억 달러, +20.6%)은 처음으로 100억 달러를 돌파하면서 역대 최대 수출실적을 경신했다."
A0006-C014,A0006-C014-m4,농수산식품 수출액,무역,농수산식품,11700000000,달러,달러,currency,amount,item,수준값,증가,현재값,KOSIS_VALUE,2024,Y,전년,,5,294,,ALTERNATE,NOT_TOP_TABLE,후순위 통계표 후보,"식품,국가별,품목별,수입",lexical,294,Y,,,,145,TX_145_2009_H1021,가공식품 품목 및 국가별(중량순),2006066,수입식품현황 > 수입식품등 국가 및 품목별 검사현황,meta_index 없음 또는 코드명 매칭 없음,,,,,,,,,,meta 없음,,,"바이오헬스 수출은 바이오시밀러 등 의약품을 중심으로 전년 대비 13.1% 증가한 151억 달러를 기록했으며, 전 세계적으로 K푸드, K뷰티 선호가 확대되면서 농수산식품 수출은 117억 달러(7.6%), 화장품 수출(102억 달러, +20.6%)은 처음으로 100억 달러를 돌파하면서 역대 최대 수출실적을 경신했다."
A0006-C014,A0006-C014-m5,화장품 수출액,무역,화장품,10200000000,달러,달러,currency,amount,item,수준값,증가,현재값,KOSIS_VALUE,2024,Y,전년,,1,484,422,TABLE_ONLY,META_NOT_LOADED,통계표 메타 조회 전 후보,"수출액,품목별,수출,수입,무역",lexical,484,Y,,,,360,DT_1R11001_FRM101,"품목별 수출액, 수입액",1976045,SITC에의한무역통계,meta_index 없음 또는 코드명 매칭 없음,,,,,,,,,,meta 없음,,,"바이오헬스 수출은 바이오시밀러 등 의약품을 중심으로 전년 대비 13.1% 증가한 151억 달러를 기록했으며, 전 세계적으로 K푸드, K뷰티 선호가 확대되면서 농수산식품 수출은 117억 달러(7.6%), 화장품 수출(102억 달러, +20.6%)은 처음으로 100억 달러를 돌파하면서 역대 최대 수출실적을 경신했다."
A0006-C014,A0006-C014-m5,화장품 수출액,무역,화장품,10200000000,달러,달러,currency,amount,item,수준값,증가,현재값,KOSIS_VALUE,2024,Y,전년,,2,422,,ALTERNATE,NOT_TOP_TABLE,후순위 통계표 후보,"화장품,수출액,수출,수입",lexical,422,Y,,,,145,DT_145011_A006,화장품 수입 및 수출액 현황,2017087,화장품산업현황 > 화장품 수출입 현황,meta_index 없음 또는 코드명 매칭 없음,,,,,,,,,,meta 없음,,,"바이오헬스 수출은 바이오시밀러 등 의약품을 중심으로 전년 대비 13.1% 증가한 151억 달러를 기록했으며, 전 세계적으로 K푸드, K뷰티 선호가 확대되면서 농수산식품 수출은 117억 달러(7.6%), 화장품 수출(102억 달러, +20.6%)은 처음으로 100억 달러를 돌파하면서 역대 최대 수출실적을 경신했다."
A0006-C014,A0006-C014-m5,화장품 수출액,무역,화장품,10200000000,달러,달러,currency,amount,item,수준값,증가,현재값,KOSIS_VALUE,2024,Y,전년,,3,350,,ALTERNATE,NOT_TOP_TABLE,후순위 통계표 후보,"화장품,수입",lexical,350,Y,,,,145,DT_145011_A002,화장품 수입업체 현황,2017087,화장품산업현황 > 업체 현황,meta_index 없음 또는 코드명 매칭 없음,,,,,,,,,,meta 없음,,,"바이오헬스 수출은 바이오시밀러 등 의약품을 중심으로 전년 대비 13.1% 증가한 151억 달러를 기록했으며, 전 세계적으로 K푸드, K뷰티 선호가 확대되면서 농수산식품 수출은 117억 달러(7.6%), 화장품 수출(102억 달러, +20.6%)은 처음으로 100억 달러를 돌파하면서 역대 최대 수출실적을 경신했다."
A0006-C014,A0006-C014-m5,화장품 수출액,무역,화장품,10200000000,달러,달러,currency,amount,item,수준값,증가,현재값,KOSIS_VALUE,2024,Y,전년,,4,346,,ALTERNATE,NOT_TOP_TABLE,후순위 통계표 후보,"화장품,수출",lexical,346,Y,,,,145,DT_145011_A009,국내 화장품산업 현황,2017087,화장품산업현황 > 화장품 수출입 현황,meta_index 없음 또는 코드명 매칭 없음,,,,,,,,,,meta 없음,,,"바이오헬스 수출은 바이오시밀러 등 의약품을 중심으로 전년 대비 13.1% 증가한 151억 달러를 기록했으며, 전 세계적으로 K푸드, K뷰티 선호가 확대되면서 농수산식품 수출은 117억 달러(7.6%), 화장품 수출(102억 달러, +20.6%)은 처음으로 100억 달러를 돌파하면서 역대 최대 수출실적을 경신했다."
A0006-C014,A0006-C014-m5,화장품 수출액,무역,화장품,10200000000,달러,달러,currency,amount,item,수준값,증가,현재값,KOSIS_VALUE,2024,Y,전년,,5,168,,ALTERNATE,NOT_TOP_TABLE,후순위 통계표 후보,"품목별,수출,수입,무역",lexical,168,Y,,,,134,DT_134006_N001,품목별 수입·수출현황,2017044,기업무역활동통계,meta_index 없음 또는 코드명 매칭 없음,,,,,,,,,,meta 없음,,,"바이오헬스 수출은 바이오시밀러 등 의약품을 중심으로 전년 대비 13.1% 증가한 151억 달러를 기록했으며, 전 세계적으로 K푸드, K뷰티 선호가 확대되면서 농수산식품 수출은 117억 달러(7.6%), 화장품 수출(102억 달러, +20.6%)은 처음으로 100억 달러를 돌파하면서 역대 최대 수출실적을 경신했다."
A0006-C014,A0006-C014-m6,화장품 수출 증가율,무역,화장품,20.6,%,%,rate,rate_change,item,증감률,증가,증감률,KOSIS_VALUE,2024,Y,전년,2023,1,484,422,TABLE_ONLY,META_NOT_LOADED,통계표 메타 조회 전 후보,"품목별,수출액,수출,수입,무역",lexical,484,Y,,,,360,DT_1R11001_FRM101,"품목별 수출액, 수입액",1976045,SITC에의한무역통계,meta_index 없음 또는 코드명 매칭 없음,,,,,,,,,,meta 없음,,,"바이오헬스 수출은 바이오시밀러 등 의약품을 중심으로 전년 대비 13.1% 증가한 151억 달러를 기록했으며, 전 세계적으로 K푸드, K뷰티 선호가 확대되면서 농수산식품 수출은 117억 달러(7.6%), 화장품 수출(102억 달러, +20.6%)은 처음으로 100억 달러를 돌파하면서 역대 최대 수출실적을 경신했다."
A0006-C014,A0006-C014-m6,화장품 수출 증가율,무역,화장품,20.6,%,%,rate,rate_change,item,증감률,증가,증감률,KOSIS_VALUE,2024,Y,전년,2023,2,422,,ALTERNATE,NOT_TOP_TABLE,후순위 통계표 후보,"화장품,수출액,수출,수입",lexical,422,Y,,,,145,DT_145011_A006,화장품 수입 및 수출액 현황,2017087,화장품산업현황 > 화장품 수출입 현황,meta_index 없음 또는 코드명 매칭 없음,,,,,,,,,,meta 없음,,,"바이오헬스 수출은 바이오시밀러 등 의약품을 중심으로 전년 대비 13.1% 증가한 151억 달러를 기록했으며, 전 세계적으로 K푸드, K뷰티 선호가 확대되면서 농수산식품 수출은 117억 달러(7.6%), 화장품 수출(102억 달러, +20.6%)은 처음으로 100억 달러를 돌파하면서 역대 최대 수출실적을 경신했다."
A0006-C014,A0006-C014-m6,화장품 수출 증가율,무역,화장품,20.6,%,%,rate,rate_change,item,증감률,증가,증감률,KOSIS_VALUE,2024,Y,전년,2023,3,350,,ALTERNATE,NOT_TOP_TABLE,후순위 통계표 후보,"화장품,수입",lexical,350,Y,,,,145,DT_145011_A002,화장품 수입업체 현황,2017087,화장품산업현황 > 업체 현황,meta_index 없음 또는 코드명 매칭 없음,,,,,,,,,,meta 없음,,,"바이오헬스 수출은 바이오시밀러 등 의약품을 중심으로 전년 대비 13.1% 증가한 151억 달러를 기록했으며, 전 세계적으로 K푸드, K뷰티 선호가 확대되면서 농수산식품 수출은 117억 달러(7.6%), 화장품 수출(102억 달러, +20.6%)은 처음으로 100억 달러를 돌파하면서 역대 최대 수출실적을 경신했다."
A0006-C014,A0006-C014-m6,화장품 수출 증가율,무역,화장품,20.6,%,%,rate,rate_change,item,증감률,증가,증감률,KOSIS_VALUE,2024,Y,전년,2023,4,346,,ALTERNATE,NOT_TOP_TABLE,후순위 통계표 후보,"화장품,수출",lexical,346,Y,,,,145,DT_145011_A009,국내 화장품산업 현황,2017087,화장품산업현황 > 화장품 수출입 현황,meta_index 없음 또는 코드명 매칭 없음,,,,,,,,,,meta 없음,,,"바이오헬스 수출은 바이오시밀러 등 의약품을 중심으로 전년 대비 13.1% 증가한 151억 달러를 기록했으며, 전 세계적으로 K푸드, K뷰티 선호가 확대되면서 농수산식품 수출은 117억 달러(7.6%), 화장품 수출(102억 달러, +20.6%)은 처음으로 100억 달러를 돌파하면서 역대 최대 수출실적을 경신했다."
A0006-C014,A0006-C014-m6,화장품 수출 증가율,무역,화장품,20.6,%,%,rate,rate_change,item,증감률,증가,증감률,KOSIS_VALUE,2024,Y,전년,2023,5,168,,ALTERNATE,NOT_TOP_TABLE,후순위 통계표 후보,"품목별,수출,수입,무역",lexical,168,Y,,,,134,DT_134006_N001,품목별 수입·수출현황,2017044,기업무역활동통계,meta_index 없음 또는 코드명 매칭 없음,,,,,,,,,,meta 없음,,,"바이오헬스 수출은 바이오시밀러 등 의약품을 중심으로 전년 대비 13.1% 증가한 151억 달러를 기록했으며, 전 세계적으로 K푸드, K뷰티 선호가 확대되면서 농수산식품 수출은 117억 달러(7.6%), 화장품 수출(102억 달러, +20.6%)은 처음으로 100억 달러를 돌파하면서 역대 최대 수출실적을 경신했다."
A0006-C015,A0006-C015-m1,수출 증가율,무역,-,6.6,%,%,rate,rate_change,unspecified,증감률,증가,증감률,KOSIS_VALUE,202412,M,전년동월,202312,1,404,100,TABLE_ONLY,META_NOT_LOADED,통계표 메타 조회 전 후보,"품목별,수출액,수출,수입,무역",lexical,404,Y,,,,360,DT_1R11001_FRM101,"품목별 수출액, 수입액",1976045,SITC에의한무역통계,meta_index 없음 또는 코드명 매칭 없음,,,,,,,,,,meta 없음,,,◇12월 수출 6.6% 늘어난 614억달러...수출 증가율 5개월 만에 반등 한편 이날 동시에 발표된 지난 12월 수출액은 614억달러로 전년 동월 대비 6.6% 증가했다.
A0006-C015,A0006-C015-m1,수출 증가율,무역,-,6.6,%,%,rate,rate_change,unspecified,증감률,증가,증감률,KOSIS_VALUE,202412,M,전년동월,202312,2,100,,ALTERNATE,NOT_TOP_TABLE,후순위 통계표 후보,"수출액,수출,수입,국가별,무역",lexical,100,Y,,,,360,DT_1R11006_FRM101,"국가별 수출액, 수입액",1976045,SITC에의한무역통계,meta_index 없음 또는 코드명 매칭 없음,,,,,,,,,,meta 없음,,,◇12월 수출 6.6% 늘어난 614억달러...수출 증가율 5개월 만에 반등 한편 이날 동시에 발표된 지난 12월 수출액은 614억달러로 전년 동월 대비 6.6% 증가했다.
A0006-C015,A0006-C015-m1,수출 증가율,무역,-,6.6,%,%,rate,rate_change,unspecified,증감률,증가,증감률,KOSIS_VALUE,202412,M,전년동월,202312,3,96,,ALTERNATE,NOT_TOP_TABLE,후순위 통계표 후보,"품목별,수출액,수출",lexical,96,Y,,,,466,DT_446001_A027,쌀가루 생산판매 현황 : 품목별 수출액 - 총계,2024007,쌀가공식품제조업실태조사 > 쌀가공식품제조업,meta_index 없음 또는 코드명 매칭 없음,,,,,,,,,,meta 없음,,,◇12월 수출 6.6% 늘어난 614억달러...수출 증가율 5개월 만에 반등 한편 이날 동시에 발표된 지난 12월 수출액은 614억달러로 전년 동월 대비 6.6% 증가했다.
A0006-C015,A0006-C015-m1,수출 증가율,무역,-,6.6,%,%,rate,rate_change,unspecified,증감률,증가,증감률,KOSIS_VALUE,202412,M,전년동월,202312,4,88,,ALTERNATE,NOT_TOP_TABLE,후순위 통계표 후보,"품목별,수출,수입,무역",lexical,88,Y,,,,134,DT_134006_N001,품목별 수입·수출현황,2017044,기업무역활동통계,meta_index 없음 또는 코드명 매칭 없음,,,,,,,,,,meta 없음,,,◇12월 수출 6.6% 늘어난 614억달러...수출 증가율 5개월 만에 반등 한편 이날 동시에 발표된 지난 12월 수출액은 614억달러로 전년 동월 대비 6.6% 증가했다.
A0006-C015,A0006-C015-m1,수출 증가율,무역,-,6.6,%,%,rate,rate_change,unspecified,증감률,증가,증감률,KOSIS_VALUE,202412,M,전년동월,202312,5,88,,ALTERNATE,NOT_TOP_TABLE,후순위 통계표 후보,"수출액,수출,수입",lexical,88,Y,,,,145,DT_145011_A006,화장품 수입 및 수출액 현황,2017087,화장품산업현황 > 화장품 수출입 현황,meta_index 없음 또는 코드명 매칭 없음,,,,,,,,,,meta 없음,,,◇12월 수출 6.6% 늘어난 614억달러...수출 증가율 5개월 만에 반등 한편 이날 동시에 발표된 지난 12월 수출액은 614억달러로 전년 동월 대비 6.6% 증가했다.
A0006-C015,A0006-C015-m2,수출액,무역,-,61400000000,달러,달러,currency,amount,unspecified,수준값,증가,현재값,KOSIS_VALUE,202412,M,전년동월,,1,404,100,TABLE_ONLY,META_NOT_LOADED,통계표 메타 조회 전 후보,"수출액,품목별,수출,수입,무역",lexical,404,Y,,,,360,DT_1R11001_FRM101,"품목별 수출액, 수입액",1976045,SITC에의한무역통계,meta_index 없음 또는 코드명 매칭 없음,,,,,,,,,,meta 없음,,,◇12월 수출 6.6% 늘어난 614억달러...수출 증가율 5개월 만에 반등 한편 이날 동시에 발표된 지난 12월 수출액은 614억달러로 전년 동월 대비 6.6% 증가했다.
A0006-C015,A0006-C015-m2,수출액,무역,-,61400000000,달러,달러,currency,amount,unspecified,수준값,증가,현재값,KOSIS_VALUE,202412,M,전년동월,,2,100,,ALTERNATE,NOT_TOP_TABLE,후순위 통계표 후보,"수출액,수출,수입,국가별,무역",lexical,100,Y,,,,360,DT_1R11006_FRM101,"국가별 수출액, 수입액",1976045,SITC에의한무역통계,meta_index 없음 또는 코드명 매칭 없음,,,,,,,,,,meta 없음,,,◇12월 수출 6.6% 늘어난 614억달러...수출 증가율 5개월 만에 반등 한편 이날 동시에 발표된 지난 12월 수출액은 614억달러로 전년 동월 대비 6.6% 증가했다.
A0006-C015,A0006-C015-m2,수출액,무역,-,61400000000,달러,달러,currency,amount,unspecified,수준값,증가,현재값,KOSIS_VALUE,202412,M,전년동월,,3,96,,ALTERNATE,NOT_TOP_TABLE,후순위 통계표 후보,"수출액,품목별,수출",lexical,96,Y,,,,466,DT_446001_A027,쌀가루 생산판매 현황 : 품목별 수출액 - 총계,2024007,쌀가공식품제조업실태조사 > 쌀가공식품제조업,meta_index 없음 또는 코드명 매칭 없음,,,,,,,,,,meta 없음,,,◇12월 수출 6.6% 늘어난 614억달러...수출 증가율 5개월 만에 반등 한편 이날 동시에 발표된 지난 12월 수출액은 614억달러로 전년 동월 대비 6.6% 증가했다.
A0006-C015,A0006-C015-m2,수출액,무역,-,61400000000,달러,달러,currency,amount,unspecified,수준값,증가,현재값,KOSIS_VALUE,202412,M,전년동월,,4,88,,ALTERNATE,NOT_TOP_TABLE,후순위 통계표 후보,"품목별,수출,수입,무역",lexical,88,Y,,,,134,DT_134006_N001,품목별 수입·수출현황,2017044,기업무역활동통계,meta_index 없음 또는 코드명 매칭 없음,,,,,,,,,,meta 없음,,,◇12월 수출 6.6% 늘어난 614억달러...수출 증가율 5개월 만에 반등 한편 이날 동시에 발표된 지난 12월 수출액은 614억달러로 전년 동월 대비 6.6% 증가했다.
A0006-C015,A0006-C015-m2,수출액,무역,-,61400000000,달러,달러,currency,amount,unspecified,수준값,증가,현재값,KOSIS_VALUE,202412,M,전년동월,,5,88,,ALTERNATE,NOT_TOP_TABLE,후순위 통계표 후보,"수출액,수출,수입",lexical,88,Y,,,,145,DT_145011_A006,화장품 수입 및 수출액 현황,2017087,화장품산업현황 > 화장품 수출입 현황,meta_index 없음 또는 코드명 매칭 없음,,,,,,,,,,meta 없음,,,◇12월 수출 6.6% 늘어난 614억달러...수출 증가율 5개월 만에 반등 한편 이날 동시에 발표된 지난 12월 수출액은 614억달러로 전년 동월 대비 6.6% 증가했다.
A0006-C018,A0006-C018-m1,수출 증가율,무역,-,11,%,%,rate,rate_change,unspecified,증감률,증가,증감률,KOSIS_VALUE,202408,M,전년동월,202308,1,404,100,TABLE_ONLY,META_NOT_LOADED,통계표 메타 조회 전 후보,"품목별,수출액,수출,수입,무역",lexical,404,Y,,,,360,DT_1R11001_FRM101,"품목별 수출액, 수입액",1976045,SITC에의한무역통계,meta_index 없음 또는 코드명 매칭 없음,,,,,,,,,,meta 없음,,,"전년 대비 월간 수출 증가율은 8월(11%), 9월(7.5%), 10월(4.6%), 11월(1.4%)로 계속 감소 중이었으나, 12월에 6.6%로 반등에 성공한 것이다."
A0006-C018,A0006-C018-m1,수출 증가율,무역,-,11,%,%,rate,rate_change,unspecified,증감률,증가,증감률,KOSIS_VALUE,202408,M,전년동월,202308,2,100,,ALTERNATE,NOT_TOP_TABLE,후순위 통계표 후보,"수출액,수출,수입,국가별,무역",lexical,100,Y,,,,360,DT_1R11006_FRM101,"국가별 수출액, 수입액",1976045,SITC에의한무역통계,meta_index 없음 또는 코드명 매칭 없음,,,,,,,,,,meta 없음,,,"전년 대비 월간 수출 증가율은 8월(11%), 9월(7.5%), 10월(4.6%), 11월(1.4%)로 계속 감소 중이었으나, 12월에 6.6%로 반등에 성공한 것이다."
A0006-C018,A0006-C018-m1,수출 증가율,무역,-,11,%,%,rate,rate_change,unspecified,증감률,증가,증감률,KOSIS_VALUE,202408,M,전년동월,202308,3,96,,ALTERNATE,NOT_TOP_TABLE,후순위 통계표 후보,"품목별,수출액,수출",lexical,96,Y,,,,466,DT_446001_A027,쌀가루 생산판매 현황 : 품목별 수출액 - 총계,2024007,쌀가공식품제조업실태조사 > 쌀가공식품제조업,meta_index 없음 또는 코드명 매칭 없음,,,,,,,,,,meta 없음,,,"전년 대비 월간 수출 증가율은 8월(11%), 9월(7.5%), 10월(4.6%), 11월(1.4%)로 계속 감소 중이었으나, 12월에 6.6%로 반등에 성공한 것이다."
A0006-C018,A0006-C018-m1,수출 증가율,무역,-,11,%,%,rate,rate_change,unspecified,증감률,증가,증감률,KOSIS_VALUE,202408,M,전년동월,202308,4,88,,ALTERNATE,NOT_TOP_TABLE,후순위 통계표 후보,"품목별,수출,수입,무역",lexical,88,Y,,,,134,DT_134006_N001,품목별 수입·수출현황,2017044,기업무역활동통계,meta_index 없음 또는 코드명 매칭 없음,,,,,,,,,,meta 없음,,,"전년 대비 월간 수출 증가율은 8월(11%), 9월(7.5%), 10월(4.6%), 11월(1.4%)로 계속 감소 중이었으나, 12월에 6.6%로 반등에 성공한 것이다."
A0006-C018,A0006-C018-m1,수출 증가율,무역,-,11,%,%,rate,rate_change,unspecified,증감률,증가,증감률,KOSIS_VALUE,202408,M,전년동월,202308,5,88,,ALTERNATE,NOT_TOP_TABLE,후순위 통계표 후보,"수출액,수출,수입",lexical,88,Y,,,,145,DT_145011_A006,화장품 수입 및 수출액 현황,2017087,화장품산업현황 > 화장품 수출입 현황,meta_index 없음 또는 코드명 매칭 없음,,,,,,,,,,meta 없음,,,"전년 대비 월간 수출 증가율은 8월(11%), 9월(7.5%), 10월(4.6%), 11월(1.4%)로 계속 감소 중이었으나, 12월에 6.6%로 반등에 성공한 것이다."
A0006-C018,A0006-C018-m2,수출 증가율,무역,-,7.5,%,%,rate,rate_change,unspecified,증감률,증가,증감률,KOSIS_VALUE,202409,M,전년동월,202309,1,404,100,TABLE_ONLY,META_NOT_LOADED,통계표 메타 조회 전 후보,"품목별,수출액,수출,수입,무역",lexical,404,Y,,,,360,DT_1R11001_FRM101,"품목별 수출액, 수입액",1976045,SITC에의한무역통계,meta_index 없음 또는 코드명 매칭 없음,,,,,,,,,,meta 없음,,,"전년 대비 월간 수출 증가율은 8월(11%), 9월(7.5%), 10월(4.6%), 11월(1.4%)로 계속 감소 중이었으나, 12월에 6.6%로 반등에 성공한 것이다."
A0006-C018,A0006-C018-m2,수출 증가율,무역,-,7.5,%,%,rate,rate_change,unspecified,증감률,증가,증감률,KOSIS_VALUE,202409,M,전년동월,202309,2,100,,ALTERNATE,NOT_TOP_TABLE,후순위 통계표 후보,"수출액,수출,수입,국가별,무역",lexical,100,Y,,,,360,DT_1R11006_FRM101,"국가별 수출액, 수입액",1976045,SITC에의한무역통계,meta_index 없음 또는 코드명 매칭 없음,,,,,,,,,,meta 없음,,,"전년 대비 월간 수출 증가율은 8월(11%), 9월(7.5%), 10월(4.6%), 11월(1.4%)로 계속 감소 중이었으나, 12월에 6.6%로 반등에 성공한 것이다."
A0006-C018,A0006-C018-m2,수출 증가율,무역,-,7.5,%,%,rate,rate_change,unspecified,증감률,증가,증감률,KOSIS_VALUE,202409,M,전년동월,202309,3,96,,ALTERNATE,NOT_TOP_TABLE,후순위 통계표 후보,"품목별,수출액,수출",lexical,96,Y,,,,466,DT_446001_A027,쌀가루 생산판매 현황 : 품목별 수출액 - 총계,2024007,쌀가공식품제조업실태조사 > 쌀가공식품제조업,meta_index 없음 또는 코드명 매칭 없음,,,,,,,,,,meta 없음,,,"전년 대비 월간 수출 증가율은 8월(11%), 9월(7.5%), 10월(4.6%), 11월(1.4%)로 계속 감소 중이었으나, 12월에 6.6%로 반등에 성공한 것이다."
A0006-C018,A0006-C018-m2,수출 증가율,무역,-,7.5,%,%,rate,rate_change,unspecified,증감률,증가,증감률,KOSIS_VALUE,202409,M,전년동월,202309,4,88,,ALTERNATE,NOT_TOP_TABLE,후순위 통계표 후보,"품목별,수출,수입,무역",lexical,88,Y,,,,134,DT_134006_N001,품목별 수입·수출현황,2017044,기업무역활동통계,meta_index 없음 또는 코드명 매칭 없음,,,,,,,,,,meta 없음,,,"전년 대비 월간 수출 증가율은 8월(11%), 9월(7.5%), 10월(4.6%), 11월(1.4%)로 계속 감소 중이었으나, 12월에 6.6%로 반등에 성공한 것이다."
A0006-C018,A0006-C018-m2,수출 증가율,무역,-,7.5,%,%,rate,rate_change,unspecified,증감률,증가,증감률,KOSIS_VALUE,202409,M,전년동월,202309,5,88,,ALTERNATE,NOT_TOP_TABLE,후순위 통계표 후보,"수출액,수출,수입",lexical,88,Y,,,,145,DT_145011_A006,화장품 수입 및 수출액 현황,2017087,화장품산업현황 > 화장품 수출입 현황,meta_index 없음 또는 코드명 매칭 없음,,,,,,,,,,meta 없음,,,"전년 대비 월간 수출 증가율은 8월(11%), 9월(7.5%), 10월(4.6%), 11월(1.4%)로 계속 감소 중이었으나, 12월에 6.6%로 반등에 성공한 것이다."
A0006-C018,A0006-C018-m3,수출 증가율,무역,-,4.6,%,%,rate,rate_change,unspecified,증감률,증가,증감률,KOSIS_VALUE,202410,M,전년동월,202310,1,404,100,TABLE_ONLY,META_NOT_LOADED,통계표 메타 조회 전 후보,"품목별,수출액,수출,수입,무역",lexical,404,Y,,,,360,DT_1R11001_FRM101,"품목별 수출액, 수입액",1976045,SITC에의한무역통계,meta_index 없음 또는 코드명 매칭 없음,,,,,,,,,,meta 없음,,,"전년 대비 월간 수출 증가율은 8월(11%), 9월(7.5%), 10월(4.6%), 11월(1.4%)로 계속 감소 중이었으나, 12월에 6.6%로 반등에 성공한 것이다."
A0006-C018,A0006-C018-m3,수출 증가율,무역,-,4.6,%,%,rate,rate_change,unspecified,증감률,증가,증감률,KOSIS_VALUE,202410,M,전년동월,202310,2,100,,ALTERNATE,NOT_TOP_TABLE,후순위 통계표 후보,"수출액,수출,수입,국가별,무역",lexical,100,Y,,,,360,DT_1R11006_FRM101,"국가별 수출액, 수입액",1976045,SITC에의한무역통계,meta_index 없음 또는 코드명 매칭 없음,,,,,,,,,,meta 없음,,,"전년 대비 월간 수출 증가율은 8월(11%), 9월(7.5%), 10월(4.6%), 11월(1.4%)로 계속 감소 중이었으나, 12월에 6.6%로 반등에 성공한 것이다."
A0006-C018,A0006-C018-m3,수출 증가율,무역,-,4.6,%,%,rate,rate_change,unspecified,증감률,증가,증감률,KOSIS_VALUE,202410,M,전년동월,202310,3,96,,ALTERNATE,NOT_TOP_TABLE,후순위 통계표 후보,"품목별,수출액,수출",lexical,96,Y,,,,466,DT_446001_A027,쌀가루 생산판매 현황 : 품목별 수출액 - 총계,2024007,쌀가공식품제조업실태조사 > 쌀가공식품제조업,meta_index 없음 또는 코드명 매칭 없음,,,,,,,,,,meta 없음,,,"전년 대비 월간 수출 증가율은 8월(11%), 9월(7.5%), 10월(4.6%), 11월(1.4%)로 계속 감소 중이었으나, 12월에 6.6%로 반등에 성공한 것이다."
A0006-C018,A0006-C018-m3,수출 증가율,무역,-,4.6,%,%,rate,rate_change,unspecified,증감률,증가,증감률,KOSIS_VALUE,202410,M,전년동월,202310,4,88,,ALTERNATE,NOT_TOP_TABLE,후순위 통계표 후보,"품목별,수출,수입,무역",lexical,88,Y,,,,134,DT_134006_N001,품목별 수입·수출현황,2017044,기업무역활동통계,meta_index 없음 또는 코드명 매칭 없음,,,,,,,,,,meta 없음,,,"전년 대비 월간 수출 증가율은 8월(11%), 9월(7.5%), 10월(4.6%), 11월(1.4%)로 계속 감소 중이었으나, 12월에 6.6%로 반등에 성공한 것이다."
A0006-C018,A0006-C018-m3,수출 증가율,무역,-,4.6,%,%,rate,rate_change,unspecified,증감률,증가,증감률,KOSIS_VALUE,202410,M,전년동월,202310,5,88,,ALTERNATE,NOT_TOP_TABLE,후순위 통계표 후보,"수출액,수출,수입",lexical,88,Y,,,,145,DT_145011_A006,화장품 수입 및 수출액 현황,2017087,화장품산업현황 > 화장품 수출입 현황,meta_index 없음 또는 코드명 매칭 없음,,,,,,,,,,meta 없음,,,"전년 대비 월간 수출 증가율은 8월(11%), 9월(7.5%), 10월(4.6%), 11월(1.4%)로 계속 감소 중이었으나, 12월에 6.6%로 반등에 성공한 것이다."
A0006-C018,A0006-C018-m4,수출 증가율,무역,-,1.4,%,%,rate,rate_change,unspecified,증감률,증가,증감률,KOSIS_VALUE,202411,M,전년동월,202311,1,404,100,TABLE_ONLY,META_NOT_LOADED,통계표 메타 조회 전 후보,"품목별,수출액,수출,수입,무역",lexical,404,Y,,,,360,DT_1R11001_FRM101,"품목별 수출액, 수입액",1976045,SITC에의한무역통계,meta_index 없음 또는 코드명 매칭 없음,,,,,,,,,,meta 없음,,,"전년 대비 월간 수출 증가율은 8월(11%), 9월(7.5%), 10월(4.6%), 11월(1.4%)로 계속 감소 중이었으나, 12월에 6.6%로 반등에 성공한 것이다."
A0006-C018,A0006-C018-m4,수출 증가율,무역,-,1.4,%,%,rate,rate_change,unspecified,증감률,증가,증감률,KOSIS_VALUE,202411,M,전년동월,202311,2,100,,ALTERNATE,NOT_TOP_TABLE,후순위 통계표 후보,"수출액,수출,수입,국가별,무역",lexical,100,Y,,,,360,DT_1R11006_FRM101,"국가별 수출액, 수입액",1976045,SITC에의한무역통계,meta_index 없음 또는 코드명 매칭 없음,,,,,,,,,,meta 없음,,,"전년 대비 월간 수출 증가율은 8월(11%), 9월(7.5%), 10월(4.6%), 11월(1.4%)로 계속 감소 중이었으나, 12월에 6.6%로 반등에 성공한 것이다."
A0006-C018,A0006-C018-m4,수출 증가율,무역,-,1.4,%,%,rate,rate_change,unspecified,증감률,증가,증감률,KOSIS_VALUE,202411,M,전년동월,202311,3,96,,ALTERNATE,NOT_TOP_TABLE,후순위 통계표 후보,"품목별,수출액,수출",lexical,96,Y,,,,466,DT_446001_A027,쌀가루 생산판매 현황 : 품목별 수출액 - 총계,2024007,쌀가공식품제조업실태조사 > 쌀가공식품제조업,meta_index 없음 또는 코드명 매칭 없음,,,,,,,,,,meta 없음,,,"전년 대비 월간 수출 증가율은 8월(11%), 9월(7.5%), 10월(4.6%), 11월(1.4%)로 계속 감소 중이었으나, 12월에 6.6%로 반등에 성공한 것이다."
A0006-C018,A0006-C018-m4,수출 증가율,무역,-,1.4,%,%,rate,rate_change,unspecified,증감률,증가,증감률,KOSIS_VALUE,202411,M,전년동월,202311,4,88,,ALTERNATE,NOT_TOP_TABLE,후순위 통계표 후보,"품목별,수출,수입,무역",lexical,88,Y,,,,134,DT_134006_N001,품목별 수입·수출현황,2017044,기업무역활동통계,meta_index 없음 또는 코드명 매칭 없음,,,,,,,,,,meta 없음,,,"전년 대비 월간 수출 증가율은 8월(11%), 9월(7.5%), 10월(4.6%), 11월(1.4%)로 계속 감소 중이었으나, 12월에 6.6%로 반등에 성공한 것이다."
A0006-C018,A0006-C018-m4,수출 증가율,무역,-,1.4,%,%,rate,rate_change,unspecified,증감률,증가,증감률,KOSIS_VALUE,202411,M,전년동월,202311,5,88,,ALTERNATE,NOT_TOP_TABLE,후순위 통계표 후보,"수출액,수출,수입",lexical,88,Y,,,,145,DT_145011_A006,화장품 수입 및 수출액 현황,2017087,화장품산업현황 > 화장품 수출입 현황,meta_index 없음 또는 코드명 매칭 없음,,,,,,,,,,meta 없음,,,"전년 대비 월간 수출 증가율은 8월(11%), 9월(7.5%), 10월(4.6%), 11월(1.4%)로 계속 감소 중이었으나, 12월에 6.6%로 반등에 성공한 것이다."
A0006-C018,A0006-C018-m5,수출 증가율,무역,-,6.6,%,%,rate,rate_change,unspecified,증감률,증가,증감률,KOSIS_VALUE,202412,M,전년동월,202312,1,404,100,TABLE_ONLY,META_NOT_LOADED,통계표 메타 조회 전 후보,"품목별,수출액,수출,수입,무역",lexical,404,Y,,,,360,DT_1R11001_FRM101,"품목별 수출액, 수입액",1976045,SITC에의한무역통계,meta_index 없음 또는 코드명 매칭 없음,,,,,,,,,,meta 없음,,,"전년 대비 월간 수출 증가율은 8월(11%), 9월(7.5%), 10월(4.6%), 11월(1.4%)로 계속 감소 중이었으나, 12월에 6.6%로 반등에 성공한 것이다."
A0006-C018,A0006-C018-m5,수출 증가율,무역,-,6.6,%,%,rate,rate_change,unspecified,증감률,증가,증감률,KOSIS_VALUE,202412,M,전년동월,202312,2,100,,ALTERNATE,NOT_TOP_TABLE,후순위 통계표 후보,"수출액,수출,수입,국가별,무역",lexical,100,Y,,,,360,DT_1R11006_FRM101,"국가별 수출액, 수입액",1976045,SITC에의한무역통계,meta_index 없음 또는 코드명 매칭 없음,,,,,,,,,,meta 없음,,,"전년 대비 월간 수출 증가율은 8월(11%), 9월(7.5%), 10월(4.6%), 11월(1.4%)로 계속 감소 중이었으나, 12월에 6.6%로 반등에 성공한 것이다."
A0006-C018,A0006-C018-m5,수출 증가율,무역,-,6.6,%,%,rate,rate_change,unspecified,증감률,증가,증감률,KOSIS_VALUE,202412,M,전년동월,202312,3,96,,ALTERNATE,NOT_TOP_TABLE,후순위 통계표 후보,"품목별,수출액,수출",lexical,96,Y,,,,466,DT_446001_A027,쌀가루 생산판매 현황 : 품목별 수출액 - 총계,2024007,쌀가공식품제조업실태조사 > 쌀가공식품제조업,meta_index 없음 또는 코드명 매칭 없음,,,,,,,,,,meta 없음,,,"전년 대비 월간 수출 증가율은 8월(11%), 9월(7.5%), 10월(4.6%), 11월(1.4%)로 계속 감소 중이었으나, 12월에 6.6%로 반등에 성공한 것이다."
A0006-C018,A0006-C018-m5,수출 증가율,무역,-,6.6,%,%,rate,rate_change,unspecified,증감률,증가,증감률,KOSIS_VALUE,202412,M,전년동월,202312,4,88,,ALTERNATE,NOT_TOP_TABLE,후순위 통계표 후보,"품목별,수출,수입,무역",lexical,88,Y,,,,134,DT_134006_N001,품목별 수입·수출현황,2017044,기업무역활동통계,meta_index 없음 또는 코드명 매칭 없음,,,,,,,,,,meta 없음,,,"전년 대비 월간 수출 증가율은 8월(11%), 9월(7.5%), 10월(4.6%), 11월(1.4%)로 계속 감소 중이었으나, 12월에 6.6%로 반등에 성공한 것이다."
A0006-C018,A0006-C018-m5,수출 증가율,무역,-,6.6,%,%,rate,rate_change,unspecified,증감률,증가,증감률,KOSIS_VALUE,202412,M,전년동월,202312,5,88,,ALTERNATE,NOT_TOP_TABLE,후순위 통계표 후보,"수출액,수출,수입",lexical,88,Y,,,,145,DT_145011_A006,화장품 수입 및 수출액 현황,2017087,화장품산업현황 > 화장품 수출입 현황,meta_index 없음 또는 코드명 매칭 없음,,,,,,,,,,meta 없음,,,"전년 대비 월간 수출 증가율은 8월(11%), 9월(7.5%), 10월(4.6%), 11월(1.4%)로 계속 감소 중이었으나, 12월에 6.6%로 반등에 성공한 것이다."
A0006-C019,A0006-C019-m1,수출액 증감률,무역,반도체,31.5,%,%,rate,rate_change,item,증감률,증가,증감률,KOSIS_VALUE,202412,M,전년동월,202312,1,484,168,TABLE_ONLY,META_NOT_LOADED,통계표 메타 조회 전 후보,"수출액,품목별,수출,수입,무역",lexical,484,Y,,,,360,DT_1R11001_FRM101,"품목별 수출액, 수입액",1976045,SITC에의한무역통계,meta_index 없음 또는 코드명 매칭 없음,,,,,,,,,,meta 없음,,,12월 수출도 한국의 최대 수출 품목인 반도체가 31.5% 증가한 145억 달러를 기록하며 호실적을 이끌었다.
A0006-C019,A0006-C019-m1,수출액 증감률,무역,반도체,31.5,%,%,rate,rate_change,item,증감률,증가,증감률,KOSIS_VALUE,202412,M,전년동월,202312,2,168,,ALTERNATE,NOT_TOP_TABLE,후순위 통계표 후보,"품목별,수출,수입,무역",lexical,168,Y,,,,134,DT_134006_N001,품목별 수입·수출현황,2017044,기업무역활동통계,meta_index 없음 또는 코드명 매칭 없음,,,,,,,,,,meta 없음,,,12월 수출도 한국의 최대 수출 품목인 반도체가 31.5% 증가한 145억 달러를 기록하며 호실적을 이끌었다.
A0006-C019,A0006-C019-m1,수출액 증감률,무역,반도체,31.5,%,%,rate,rate_change,item,증감률,증가,증감률,KOSIS_VALUE,202412,M,전년동월,202312,3,152,,ALTERNATE,NOT_TOP_TABLE,후순위 통계표 후보,"품목별,수출",lexical,152,Y,,,,434,DT_434_STBL_1028692,게임기기 품목별 수출입 실적,2016058,문화체육관광산업통계 > 수출입 실적 현황,meta_index 없음 또는 코드명 매칭 없음,,,,,,,,,,meta 없음,,,12월 수출도 한국의 최대 수출 품목인 반도체가 31.5% 증가한 145억 달러를 기록하며 호실적을 이끌었다.
A0006-C019,A0006-C019-m1,수출액 증감률,무역,반도체,31.5,%,%,rate,rate_change,item,증감률,증가,증감률,KOSIS_VALUE,202412,M,전년동월,202312,4,152,,ALTERNATE,NOT_TOP_TABLE,후순위 통계표 후보,"품목별,수출",lexical,152,Y,,,,434,DT_434_STBL_1028682,공예품 품목별 수출입 실적,2016058,문화체육관광산업통계 > 수출입 실적 현황,meta_index 없음 또는 코드명 매칭 없음,,,,,,,,,,meta 없음,,,12월 수출도 한국의 최대 수출 품목인 반도체가 31.5% 증가한 145억 달러를 기록하며 호실적을 이끌었다.
A0006-C019,A0006-C019-m1,수출액 증감률,무역,반도체,31.5,%,%,rate,rate_change,item,증감률,증가,증감률,KOSIS_VALUE,202412,M,전년동월,202312,5,152,,ALTERNATE,NOT_TOP_TABLE,후순위 통계표 후보,"품목별,수출",lexical,152,Y,,,,434,DT_434_STBL_1028678,레저용품 품목별 수출입 실적,2016058,문화체육관광산업통계 > 수출입 실적 현황,meta_index 없음 또는 코드명 매칭 없음,,,,,,,,,,meta 없음,,,12월 수출도 한국의 최대 수출 품목인 반도체가 31.5% 증가한 145억 달러를 기록하며 호실적을 이끌었다.
A0006-C019,A0006-C019-m2,수출액,무역,반도체,14500000000,달러,달러,currency,amount,item,수준값,증가,현재값,KOSIS_VALUE,202412,M,전년동월,,1,484,168,TABLE_ONLY,META_NOT_LOADED,통계표 메타 조회 전 후보,"수출액,품목별,수출,수입,무역",lexical,484,Y,,,,360,DT_1R11001_FRM101,"품목별 수출액, 수입액",1976045,SITC에의한무역통계,meta_index 없음 또는 코드명 매칭 없음,,,,,,,,,,meta 없음,,,12월 수출도 한국의 최대 수출 품목인 반도체가 31.5% 증가한 145억 달러를 기록하며 호실적을 이끌었다.
A0006-C019,A0006-C019-m2,수출액,무역,반도체,14500000000,달러,달러,currency,amount,item,수준값,증가,현재값,KOSIS_VALUE,202412,M,전년동월,,2,168,,ALTERNATE,NOT_TOP_TABLE,후순위 통계표 후보,"품목별,수출,수입,무역",lexical,168,Y,,,,134,DT_134006_N001,품목별 수입·수출현황,2017044,기업무역활동통계,meta_index 없음 또는 코드명 매칭 없음,,,,,,,,,,meta 없음,,,12월 수출도 한국의 최대 수출 품목인 반도체가 31.5% 증가한 145억 달러를 기록하며 호실적을 이끌었다.
A0006-C019,A0006-C019-m2,수출액,무역,반도체,14500000000,달러,달러,currency,amount,item,수준값,증가,현재값,KOSIS_VALUE,202412,M,전년동월,,3,152,,ALTERNATE,NOT_TOP_TABLE,후순위 통계표 후보,"품목별,수출",lexical,152,Y,,,,434,DT_434_STBL_1028692,게임기기 품목별 수출입 실적,2016058,문화체육관광산업통계 > 수출입 실적 현황,meta_index 없음 또는 코드명 매칭 없음,,,,,,,,,,meta 없음,,,12월 수출도 한국의 최대 수출 품목인 반도체가 31.5% 증가한 145억 달러를 기록하며 호실적을 이끌었다.
A0006-C019,A0006-C019-m2,수출액,무역,반도체,14500000000,달러,달러,currency,amount,item,수준값,증가,현재값,KOSIS_VALUE,202412,M,전년동월,,4,152,,ALTERNATE,NOT_TOP_TABLE,후순위 통계표 후보,"품목별,수출",lexical,152,Y,,,,434,DT_434_STBL_1028682,공예품 품목별 수출입 실적,2016058,문화체육관광산업통계 > 수출입 실적 현황,meta_index 없음 또는 코드명 매칭 없음,,,,,,,,,,meta 없음,,,12월 수출도 한국의 최대 수출 품목인 반도체가 31.5% 증가한 145억 달러를 기록하며 호실적을 이끌었다.
A0006-C019,A0006-C019-m2,수출액,무역,반도체,14500000000,달러,달러,currency,amount,item,수준값,증가,현재값,KOSIS_VALUE,202412,M,전년동월,,5,152,,ALTERNATE,NOT_TOP_TABLE,후순위 통계표 후보,"품목별,수출",lexical,152,Y,,,,434,DT_434_STBL_1028678,레저용품 품목별 수출입 실적,2016058,문화체육관광산업통계 > 수출입 실적 현황,meta_index 없음 또는 코드명 매칭 없음,,,,,,,,,,meta 없음,,,12월 수출도 한국의 최대 수출 품목인 반도체가 31.5% 증가한 145억 달러를 기록하며 호실적을 이끌었다.
A0009-C001,A0009-C001-m1,국제선 여객 수,무역,-,47200000,명,명,person_count,count,person,수준값,-,현재값,KOSIS_VALUE,202301,M,전년,,1,320,288,TABLE_ONLY,META_NOT_LOADED,통계표 메타 조회 전 후보,"국제선,항공",lexical,320,Y,,,,381,DT_920005_B005,국제선 지역별 통계,2005006,항공통계,meta_index 없음 또는 코드명 매칭 없음,,,,,,,,,,meta 없음,,,7 2023년 국적기로 국제선을 이용한 여객 4720만여 명 가운데 저비용항공사(LCC) 이용객이 2419만여 명으로 대형항공사(대한항공·아시아나항공) 이용객 2300만여 명을 처음으로 넘어섰다.
A0009-C001,A0009-C001-m1,국제선 여객 수,무역,-,47200000,명,명,person_count,count,person,수준값,-,현재값,KOSIS_VALUE,202301,M,전년,,2,288,,ALTERNATE,NOT_TOP_TABLE,후순위 통계표 후보,"여객,교통",lexical,288,Y,,,,116,DT_MLTM_5376,국내·국제여객 연도별 수송수단별,1975011,교통부문수송실적보고,meta_index 없음 또는 코드명 매칭 없음,,,,,,,,,,meta 없음,,,7 2023년 국적기로 국제선을 이용한 여객 4720만여 명 가운데 저비용항공사(LCC) 이용객이 2419만여 명으로 대형항공사(대한항공·아시아나항공) 이용객 2300만여 명을 처음으로 넘어섰다.
A0009-C001,A0009-C001-m1,국제선 여객 수,무역,-,47200000,명,명,person_count,count,person,수준값,-,현재값,KOSIS_VALUE,202301,M,전년,,3,288,,ALTERNATE,NOT_TOP_TABLE,후순위 통계표 후보,"여객,교통",lexical,288,Y,,,,116,DT_MLTM_1048,국내·국제여객 월별 수송수단별,1975011,교통부문수송실적보고,meta_index 없음 또는 코드명 매칭 없음,,,,,,,,,,meta 없음,,,7 2023년 국적기로 국제선을 이용한 여객 4720만여 명 가운데 저비용항공사(LCC) 이용객이 2419만여 명으로 대형항공사(대한항공·아시아나항공) 이용객 2300만여 명을 처음으로 넘어섰다.
A0009-C001,A0009-C001-m1,국제선 여객 수,무역,-,47200000,명,명,person_count,count,person,수준값,-,현재값,KOSIS_VALUE,202301,M,전년,,4,288,,ALTERNATE,NOT_TOP_TABLE,후순위 통계표 후보,"여객,교통",lexical,288,Y,,,,116,DT_MLTM_1050,국내·국제여객총괄,1975011,교통부문수송실적보고,meta_index 없음 또는 코드명 매칭 없음,,,,,,,,,,meta 없음,,,7 2023년 국적기로 국제선을 이용한 여객 4720만여 명 가운데 저비용항공사(LCC) 이용객이 2419만여 명으로 대형항공사(대한항공·아시아나항공) 이용객 2300만여 명을 처음으로 넘어섰다.
A0009-C001,A0009-C001-m1,국제선 여객 수,무역,-,47200000,명,명,person_count,count,person,수준값,-,현재값,KOSIS_VALUE,202301,M,전년,,5,272,,ALTERNATE,NOT_TOP_TABLE,후순위 통계표 후보,항공,lexical,272,Y,,,,381,DT_920005_B008,항공사별 통계,2005006,항공통계,meta_index 없음 또는 코드명 매칭 없음,,,,,,,,,,meta 없음,,,7 2023년 국적기로 국제선을 이용한 여객 4720만여 명 가운데 저비용항공사(LCC) 이용객이 2419만여 명으로 대형항공사(대한항공·아시아나항공) 이용객 2300만여 명을 처음으로 넘어섰다.
A0009-C001,A0009-C001-m2,LCC 이용객 수,무역,저비용항공사,24190000,명,명,person_count,count,person,수준값,-,현재값,KOSIS_VALUE,202301,M,전년,,1,480,278,TABLE_ONLY,META_NOT_LOADED,통계표 메타 조회 전 후보,,lexical,480,Y,,,,381,DT_920005_B008,항공사별 통계,2005006,항공통계,meta_index 없음 또는 코드명 매칭 없음,,,,,,,,,,meta 없음,,,7 2023년 국적기로 국제선을 이용한 여객 4720만여 명 가운데 저비용항공사(LCC) 이용객이 2419만여 명으로 대형항공사(대한항공·아시아나항공) 이용객 2300만여 명을 처음으로 넘어섰다.
A0009-C001,A0009-C001-m2,LCC 이용객 수,무역,저비용항공사,24190000,명,명,person_count,count,person,수준값,-,현재값,KOSIS_VALUE,202301,M,전년,,2,278,,ALTERNATE,NOT_TOP_TABLE,후순위 통계표 후보,국제선,lexical,278,Y,,,,381,DT_920005_B005,국제선 지역별 통계,2005006,항공통계,meta_index 없음 또는 코드명 매칭 없음,,,,,,,,,,meta 없음,,,7 2023년 국적기로 국제선을 이용한 여객 4720만여 명 가운데 저비용항공사(LCC) 이용객이 2419만여 명으로 대형항공사(대한항공·아시아나항공) 이용객 2300만여 명을 처음으로 넘어섰다.
A0009-C001,A0009-C001-m2,LCC 이용객 수,무역,저비용항공사,24190000,명,명,person_count,count,person,수준값,-,현재값,KOSIS_VALUE,202301,M,전년,,3,276,,ALTERNATE,NOT_TOP_TABLE,후순위 통계표 후보,여객,lexical,276,Y,,,,116,DT_MLTM_5376,국내·국제여객 연도별 수송수단별,1975011,교통부문수송실적보고,meta_index 없음 또는 코드명 매칭 없음,,,,,,,,,,meta 없음,,,7 2023년 국적기로 국제선을 이용한 여객 4720만여 명 가운데 저비용항공사(LCC) 이용객이 2419만여 명으로 대형항공사(대한항공·아시아나항공) 이용객 2300만여 명을 처음으로 넘어섰다.
A0009-C001,A0009-C001-m2,LCC 이용객 수,무역,저비용항공사,24190000,명,명,person_count,count,person,수준값,-,현재값,KOSIS_VALUE,202301,M,전년,,4,276,,ALTERNATE,NOT_TOP_TABLE,후순위 통계표 후보,여객,lexical,276,Y,,,,116,DT_MLTM_1048,국내·국제여객 월별 수송수단별,1975011,교통부문수송실적보고,meta_index 없음 또는 코드명 매칭 없음,,,,,,,,,,meta 없음,,,7 2023년 국적기로 국제선을 이용한 여객 4720만여 명 가운데 저비용항공사(LCC) 이용객이 2419만여 명으로 대형항공사(대한항공·아시아나항공) 이용객 2300만여 명을 처음으로 넘어섰다.
A0009-C001,A0009-C001-m2,LCC 이용객 수,무역,저비용항공사,24190000,명,명,person_count,count,person,수준값,-,현재값,KOSIS_VALUE,202301,M,전년,,5,276,,ALTERNATE,NOT_TOP_TABLE,후순위 통계표 후보,여객,lexical,276,Y,,,,116,DT_MLTM_1050,국내·국제여객총괄,1975011,교통부문수송실적보고,meta_index 없음 또는 코드명 매칭 없음,,,,,,,,,,meta 없음,,,7 2023년 국적기로 국제선을 이용한 여객 4720만여 명 가운데 저비용항공사(LCC) 이용객이 2419만여 명으로 대형항공사(대한항공·아시아나항공) 이용객 2300만여 명을 처음으로 넘어섰다.
A0009-C001,A0009-C001-m3,대형항공사 이용객 수,무역,"대한항공, 아시아나항공",23000000,명,명,person_count,count,person,수준값,-,현재값,KOSIS_VALUE,202301,M,전년,,1,492,288,TABLE_ONLY,META_NOT_LOADED,통계표 메타 조회 전 후보,항공,lexical,492,Y,,,,381,DT_920005_B008,항공사별 통계,2005006,항공통계,meta_index 없음 또는 코드명 매칭 없음,,,,,,,,,,meta 없음,,,7 2023년 국적기로 국제선을 이용한 여객 4720만여 명 가운데 저비용항공사(LCC) 이용객이 2419만여 명으로 대형항공사(대한항공·아시아나항공) 이용객 2300만여 명을 처음으로 넘어섰다.
A0009-C001,A0009-C001-m3,대형항공사 이용객 수,무역,"대한항공, 아시아나항공",23000000,명,명,person_count,count,person,수준값,-,현재값,KOSIS_VALUE,202301,M,전년,,2,288,,ALTERNATE,NOT_TOP_TABLE,후순위 통계표 후보,"여객,교통",lexical,288,Y,,,,116,DT_MLTM_5376,국내·국제여객 연도별 수송수단별,1975011,교통부문수송실적보고,meta_index 없음 또는 코드명 매칭 없음,,,,,,,,,,meta 없음,,,7 2023년 국적기로 국제선을 이용한 여객 4720만여 명 가운데 저비용항공사(LCC) 이용객이 2419만여 명으로 대형항공사(대한항공·아시아나항공) 이용객 2300만여 명을 처음으로 넘어섰다.
A0009-C001,A0009-C001-m3,대형항공사 이용객 수,무역,"대한항공, 아시아나항공",23000000,명,명,person_count,count,person,수준값,-,현재값,KOSIS_VALUE,202301,M,전년,,3,288,,ALTERNATE,NOT_TOP_TABLE,후순위 통계표 후보,"여객,교통",lexical,288,Y,,,,116,DT_MLTM_1048,국내·국제여객 월별 수송수단별,1975011,교통부문수송실적보고,meta_index 없음 또는 코드명 매칭 없음,,,,,,,,,,meta 없음,,,7 2023년 국적기로 국제선을 이용한 여객 4720만여 명 가운데 저비용항공사(LCC) 이용객이 2419만여 명으로 대형항공사(대한항공·아시아나항공) 이용객 2300만여 명을 처음으로 넘어섰다.
A0009-C001,A0009-C001-m3,대형항공사 이용객 수,무역,"대한항공, 아시아나항공",23000000,명,명,person_count,count,person,수준값,-,현재값,KOSIS_VALUE,202301,M,전년,,4,288,,ALTERNATE,NOT_TOP_TABLE,후순위 통계표 후보,"여객,교통",lexical,288,Y,,,,116,DT_MLTM_1050,국내·국제여객총괄,1975011,교통부문수송실적보고,meta_index 없음 또는 코드명 매칭 없음,,,,,,,,,,meta 없음,,,7 2023년 국적기로 국제선을 이용한 여객 4720만여 명 가운데 저비용항공사(LCC) 이용객이 2419만여 명으로 대형항공사(대한항공·아시아나항공) 이용객 2300만여 명을 처음으로 넘어섰다.
A0009-C001,A0009-C001-m3,대형항공사 이용객 수,무역,"대한항공, 아시아나항공",23000000,명,명,person_count,count,person,수준값,-,현재값,KOSIS_VALUE,202301,M,전년,,5,282,,ALTERNATE,NOT_TOP_TABLE,후순위 통계표 후보,"국제선,항공",lexical,282,Y,,,,381,DT_920005_B005,국제선 지역별 통계,2005006,항공통계,meta_index 없음 또는 코드명 매칭 없음,,,,,,,,,,meta 없음,,,7 2023년 국적기로 국제선을 이용한 여객 4720만여 명 가운데 저비용항공사(LCC) 이용객이 2419만여 명으로 대형항공사(대한항공·아시아나항공) 이용객 2300만여 명을 처음으로 넘어섰다.
A0009-C009,A0009-C009-m2,정비사 수,고용,항공,5849,명,명,person_count,count,person,수준값,-,현재값,KOSIS_VALUE,2023년말,Y,-,,1,268,,TABLE_ONLY,META_NOT_LOADED,통계표 메타 조회 전 후보,"항공,항공사",lexical,268,Y,,,,381,DT_920005_B008,항공사별 통계,2005006,항공통계,meta_index 없음 또는 코드명 매칭 없음,,,,,,,,,,meta 없음,,,"◇급성장한 LCC, 안전 투자는 미흡 국토교통부가 지난해 9월 발표한 ‘2023 항공안전백서’에 따르면, 국내 12개 항공사의 정비사 총 5849명(2023년말 기준) 가운데 대형 항공사인 대한항공, 아시아나항공 등 2사 소속은 4248명이었다."
A0009-C009,A0009-C009-m4,정비사 수,고용,대형 항공사,4248,명,명,person_count,count,person,수준값,-,현재값,KOSIS_VALUE,2023년말,Y,-,,1,276,,TABLE_ONLY,META_NOT_LOADED,통계표 메타 조회 전 후보,항공사,lexical,276,Y,,,,381,DT_920005_B008,항공사별 통계,2005006,항공통계,meta_index 없음 또는 코드명 매칭 없음,,,,,,,,,,meta 없음,,,"◇급성장한 LCC, 안전 투자는 미흡 국토교통부가 지난해 9월 발표한 ‘2023 항공안전백서’에 따르면, 국내 12개 항공사의 정비사 총 5849명(2023년말 기준) 가운데 대형 항공사인 대한항공, 아시아나항공 등 2사 소속은 4248명이었다."
A0009-C010,A0009-C010-m2,정비사 수,고용,LCC,1601,명,명,person_count,count,person,수준값,-,현재값,KOSIS_VALUE,2023,Y,-,,1,238,,TABLE_ONLY,META_NOT_LOADED,통계표 메타 조회 전 후보,항공사,lexical,238,Y,,,,381,DT_920005_B008,항공사별 통계,2005006,항공통계,meta_index 없음 또는 코드명 매칭 없음,,,,,,,,,,meta 없음,,,"제주항공·진에어 등 LCC 10사의 정비사는 모두 1601명으로, 대형항공사의 3분의 1 수준(37.7%)에 그쳤다."
A0009-C010,A0009-C010-m3,정비사 수 비율,고용,LCC,37.7,%,%,rate,rate_level,person,비중,-,현재값,KOSIS_VALUE,2023,Y,-,,1,238,,TABLE_ONLY,META_NOT_LOADED,통계표 메타 조회 전 후보,항공사,lexical,238,Y,,,,381,DT_920005_B008,항공사별 통계,2005006,항공통계,meta_index 없음 또는 코드명 매칭 없음,,,,,,,,,,meta 없음,,,"제주항공·진에어 등 LCC 10사의 정비사는 모두 1601명으로, 대형항공사의 3분의 1 수준(37.7%)에 그쳤다."
