claim_id,article_id,title,date,url,claim_text,metric,metric_all,is_claim,population,prev_sentence,next_sentence,numbers,units,year,region,candidate_kosis_table,api_params,calculation,verifiable,org_id,tbl_id,obj_l1,itm_id,prd_se,reviewer_note,actual_value,actual_period,actual_prev_value,actual_prev_period,actual_change_pct,actual_change_point,api_error,claim_type,claim_number,actual_number,actual_source,verdict,diff,judge_note,refined_claim_type,refined_claim_number,refined_claim_number_reason,refined_actual_number,refined_actual_reason,refined_verdict,refined_diff,refined_judge_note,refined_final_status,audit_future_period,audit_forecast_or_target,audit_mapping_unconfirmed,rerun_actual_period,rerun_actual_value,rerun_verdict,rerun_api_error,audit_reason,audit_status
C00078,6,"2024년 수출, 6838억달러로 ‘역대 최대’ 경신",2025-01-01,https://www.chosun.com/economy/industry-company/2025/01/01/2UPTGREAPRAWRG4XUBRMLONSKY,24 한국의 2024년 수출이 6838억 달러를 기록해 역대 최대실적을 달성했다고 1일 산업통상자원부가 밝혔다.,무역지표,무역지표; 날짜·시간,True,,,"이전 최대 실적은 2022년 기록한 6836억달러인데, 이를 2년 만에 근소하게 경신한 것이다.","[2024, 1]","['년', '일']",['2024'],[],"품목별 수출액, 수입액(tblId=DT_1R11001_FRM101); 국가별 수출액, 수입액(tblId=DT_1R11006_FRM101)","orgId=360, tblId=DT_1R11001_FRM101 | obj_l1/itm_id 메타 API로 확인 필요",원자료 직접 조회 후 필요 시 증감률 계산,검토 필요,360,DT_1R11001_FRM101,13102112831A.A,13103112831T1,Y,품목별 수출입 후보 선택. 품목/수출입/시점 코드 확인 필요 | obj_l1/itm_id 자동 후보 입력,683609488,2024,632225824,2023,8.127422520469521,51383664.0,,LEVEL,24.0,683609488.0,actual_number 컬럼 사용,불일치,0.9999999648922369,"claim=24.0, actual=683609488.0, 오차=1.000 (허용=0.05)",LEVEL,6838.0,억달러 숫자 선택,6836.09488,무역 천달러 -> 억달러 변환,일치,0.0002786854239800065,"claim=6838.0, adjusted_actual=6836.09488, 오차=0.000, 허용=0.05",검증완료_일치,N,N,Y,,,,,수치 오차는 허용범위 이내지만 표·항목·단위·의미 매핑 확정이 필요함,수동확인필요_일치후보
C00090,6,"2024년 수출, 6838억달러로 ‘역대 최대’ 경신",2025-01-01,https://www.chosun.com/economy/industry-company/2025/01/01/2UPTGREAPRAWRG4XUBRMLONSKY,◇12월 수출 6.6% 늘어난 614억달러...수출 증가율 5개월 만에 반등 한편 이날 동시에 발표된 지난 12월 수출액은 614억달러로 전년 동월 대비 6.6% 증가했다.,무역지표,무역지표; 비율·증감률; 건수·개수; 날짜·시간,True,,"바이오헬스 수출은 바이오시밀러 등 의약품을 중심으로 전년 대비 13.1% 증가한 151억 달러를 기록했으며, 전 세계적으로 K푸드, K뷰티 선호가 확대되면서 농수산식품 수출은 117억 달러(7.6%), 화장품 수출(102억 달러, +20.6%)은 처음으로 100억 달러를 돌파하면서 역대 최대 수출실적을 경신했다.",15개월 연속 플러스 흐름을 이어간 것이다.,"[12, 6.6, 5, 12, 6.6]","['월', '%', '개', '월', '%']",[],[],"품목별 수출액, 수입액(tblId=DT_1R11001_FRM101); 국가별 수출액, 수입액(tblId=DT_1R11006_FRM101)","orgId=360, tblId=DT_1R11001_FRM101 | obj_l1/itm_id 메타 API로 확인 필요",원자료 직접 조회 후 필요 시 증감률 계산,검토 필요,360,DT_1R11001_FRM101,13102112831A.A,13103112831T1,M,품목별 수출입 후보 선택. 품목/수출입/시점 코드 확인 필요 | obj_l1/itm_id 자동 후보 입력,61359250,202412,57573193,202312,6.576076126262444,3786057.0,,CHANGE_RATE,6.6,6.576076126262444,actual_change_pct 컬럼 사용(전기대비 계산값),일치,0.023923873737556,"claim=6.6, actual=6.576076126262444, 오차=0.024 (허용=0.3)",CHANGE_RATE,6.6,% 숫자 선택,6.576076126262444,actual_change_pct 사용,일치,0.023923873737556,"claim=6.6, adjusted_actual=6.576076126262444, 오차=0.024, 허용=0.3",검증완료_일치,N,N,Y,,,,,수치 오차는 허용범위 이내지만 표·항목·단위·의미 매핑 확정이 필요함,수동확인필요_일치후보
C00093,6,"2024년 수출, 6838억달러로 ‘역대 최대’ 경신",2025-01-01,https://www.chosun.com/economy/industry-company/2025/01/01/2UPTGREAPRAWRG4XUBRMLONSKY,"전년 대비 월간 수출 증가율은 8월(11%), 9월(7.5%), 10월(4.6%), 11월(1.4%)로 계속 감소 중이었으나, 12월에 6.6%로 반등에 성공한 것이다.",무역지표,무역지표; 비율·증감률; 날짜·시간,True,,특히 감소 추세를 보이던 수출 증가율이 5개월 만에 반등에 성공했다.,12월 수출도 한국의 최대 수출 품목인 반도체가 31.5% 증가한 145억 달러를 기록하며 호실적을 이끌었다.,"[8, 11, 9, 7.5, 10, 4.6, 11, 1.4, 12, 6.6]","['월', '%', '월', '%', '월', '%', '월', '%', '월', '%']",[],[],"품목별 수출액, 수입액(tblId=DT_1R11001_FRM101); 국가별 수출액, 수입액(tblId=DT_1R11006_FRM101)","orgId=360, tblId=DT_1R11001_FRM101 | obj_l1/itm_id 메타 API로 확인 필요",원자료 직접 조회 후 필요 시 증감률 계산,검토 필요,360,DT_1R11001_FRM101,13102112831A.A,13103112831T1,M,품목별 수출입 후보 선택. 품목/수출입/시점 코드 확인 필요 | obj_l1/itm_id 자동 후보 입력,57642924,202408,,,,,,CHANGE_RATE,6.6,,증감/포인트 계산값이 없어 수준값과 대신 비교하지 않음,판단불가,,KOSIS 실제값을 못 가져옴 (표/시점/분류 코드 재확인 필요),CHANGE_RATE,6.6,% 숫자 선택,6.576076126262444,actual_change_pct 사용,일치,0.023923873737556,"claim=6.6, adjusted_actual=6.576076126262444, 오차=0.024, 허용=0.3",검증완료_일치,N,N,Y,,,,,수치 오차는 허용범위 이내지만 표·항목·단위·의미 매핑 확정이 필요함,수동확인필요_일치후보
C00381,41,치솟는 환율에 식품 물가도 급등,2025-01-04,https://www.chosun.com/economy/economy_general/2025/01/04/7SPGFC4RFZEDLDPFTQHVDM2K2E,"175개 품목의 평균 물가 상승폭은 3.9%로, 지난해 연간 소비자물가지수 상승폭(2.3%)을 뛰어넘었다.",물가지표,물가지표; 비율·증감률; 건수·개수,True,,"3일 한국소비자원이 전국 대형마트와 편의점 500여 곳을 조사해 발표하는 ‘생필품 가격 보고서’에 따르면, 지난달 20일 기준 초콜릿·카레·커피 등 주요 가공식품 175개 품목 가운데 121개(69%) 품목의 평균 가격이 1년 전보다 오른 것으로 나타났다.","주요 가공식품 가운데 초콜릿(핫브레이크 미니·33.6%), 커피(맥심 티오피 마스터 라떼·32.3%), 카레(청정원 카레여왕 비프카레·25.5%) 등 원재료를 해외 수입에 의존하는 품목들의 가격이 크게 올랐다.","[175, 3.9, 2.3]","['개', '%', '%']",[],[],소비자물가지수(2020=100)(tblId=DT_1J22003); 월별 소비자물가 등락률(tblId=DT_1J22042); 품목별 소비자물가지수(품목성질별: 2020=100)(tblId=DT_1J22112),"orgId=101, tblId=DT_1J22003 | obj_l1/itm_id 메타 API로 확인 필요",원자료 직접 조회 후 필요 시 증감률 계산,검토 필요,101,DT_1J22003,T10,T,Y,소비자물가지수 후보 선택. 지역/품목 코드 확인 필요 | obj_l1/itm_id 자동 후보 입력,114.18,2024,111.59,2023,2.3209965050631807,2.5900000000000034,,CHANGE_RATE,2.3,2.3209965050631807,actual_change_pct 컬럼 사용(전기대비 계산값),일치,0.020996505063180848,"claim=2.3, actual=2.3209965050631807, 오차=0.021 (허용=0.3)",CHANGE_RATE,2.3,% 숫자 선택,2.3209965050631807,actual_change_pct 사용,일치,0.020996505063180848,"claim=2.3, adjusted_actual=2.3209965050631807, 오차=0.021, 허용=0.3",검증완료_일치,N,N,Y,,,,,수치 오차는 허용범위 이내지만 표·항목·단위·의미 매핑 확정이 필요함,수동확인필요_일치후보
C00765,96,"작년 3분기 가계 여유자금, 전분기 대비 3.5조원 줄어",2025-01-08,https://www.chosun.com/economy/economy_general/2025/01/08/7BSTYTMU2FBLNCLOUTBUKTCYQY,통계청에 따르면 작년 3분기 가계소득은 전 분기보다 5.9% 늘었다.,임금·소득,임금·소득; 비율·증감률; 날짜·시간,True,,"김성준 한은 자금순환팀장은 “가계소득이 늘었지만, 주택 취득도 늘어난 영향”이라고 했다.","그러나 작년 3분기 개인 아파트 순취득은 7만2000호로, 작년 1분기(5만6000호), 작년 2분기(5만3000호)보다 크게 늘었다.","[3, 5.9]","['분', '%']",[],[],"가구당 월평균 가계수지 (전국,1인이상)(tblId=DT_1L9U101); 소득5분위별 가구당 가계수지 (전국,1인이상)(tblId=DT_1L9U103); 소득구간별 가구당 월평균 가계수지 (전국,1인이상)(tblId=DT_1L9U107)","orgId=101, tblId=DT_1L9U101 | obj_l1/itm_id 메타 API로 확인 필요",원자료 직접 조회 후 필요 시 증감률 계산,검토 필요,101,DT_1L9U101,A,T110,Q,가구당 월평균 가계수지 후보 선택. 소득/지출 항목 확인 필요 | obj_l1/itm_id 자동 후보 입력,5255452.363,202403,4961283.732,202402,5.929284574124011,294168.63100000005,,CHANGE_RATE,5.9,5.929284574124011,actual_change_pct 컬럼 사용(전기대비 계산값),일치,0.029284574124011087,"claim=5.9, actual=5.929284574124011, 오차=0.029 (허용=0.3)",CHANGE_RATE,5.9,% 숫자 선택,5.929284574124011,actual_change_pct 사용,일치,0.029284574124011087,"claim=5.9, adjusted_actual=5.929284574124011, 오차=0.029, 허용=0.3",검증완료_일치,N,N,Y,,,,,수치 오차는 허용범위 이내지만 표·항목·단위·의미 매핑 확정이 필요함,수동확인필요_일치후보
C01303,182,"올 첫 열흘 동안 수출, 작년보다 3.8% 늘어",2025-01-14,https://www.chosun.com/economy/industry-company/2025/01/14/IPPOGTCXI5BFRB5DIIBS3YJ77I,"유럽연합(-2.5%), 일본(-4.2%)은 반면 수출이 줄었다.",무역지표,무역지표; 비율·증감률,True,,국가별로는 한국의 양대 수출국인 중국(3.4%)과 미국(1.4%)으로의 수출이 모두 증가했다.,한편 지난달까지 15개월 연속 증가세를 이어갔던 월간 수출액은 이번 달 설 연휴로 조업 일수가 줄어들면서 16개월 만에 마이너스로 돌아설 가능성이 있다.,"[2.5, 4.2]","['%', '%']",[],[],"국가별 수출액, 수입액(tblId=DT_1R11006_FRM101); 품목별 수출액, 수입액(tblId=DT_1R11001_FRM101)","orgId=360, tblId=DT_1R11006_FRM101 | obj_l1/itm_id 메타 API로 확인 필요",원자료 직접 조회 후 필요 시 증감률 계산,검토 필요,360,DT_1R11006_FRM101,13102103829E.JP,13103103829T1,Y,국가별 수출입 후보 선택. 국가/수출입/시점 코드 확인 필요 | 국가 코드 자동선택: 일본,28307861,2025,29607166,2024,-4.388481491271404,-1299305.0,,CHANGE_RATE,-4.2,-4.388481491271404,actual_change_pct 컬럼 사용(전기대비 계산값),일치,0.18848149127140346,"claim=-4.2, actual=-4.388481491271404, 오차=0.188 (허용=0.3)",CHANGE_RATE,-4.2,% 숫자 선택,-4.388481491271404,actual_change_pct 사용,일치,0.18848149127140346,"claim=-4.2, adjusted_actual=-4.388481491271404, 오차=0.188, 허용=0.3",검증완료_일치,N,N,Y,,,,,수치 오차는 허용범위 이내지만 표·항목·단위·의미 매핑 확정이 필요함,수동확인필요_일치후보
C01375,191,“트럼프 2기 출범 후 일괄 관세 부과하면 한국 수출 큰 타격”,2025-01-15,https://www.chosun.com/economy/economy_general/2025/01/15/NGXOCXC67ZDMXJGBKFCDZHY77Q,한국의 수출 증가율(전년 동월 대비)은 지난해 7월 13.5%를 기록한 이후 계속해서 떨어져 지난 11월에는 1.4%로 둔화됐다.,무역지표,무역지표; 비율·증감률; 날짜·시간,True,,한국은 대외 의존도가 큰 경제 구조를 갖고 있어 글로벌 보호무역에 상대적으로 취약할 수밖에 없다.,중국산 제품에 대해 60%의 관세를 부과하겠다는 공약도 중국과 교역이 많은 한국에 악재가 될 가능성이 높다.,"[7, 13.5, 11, 1.4]","['월', '%', '월', '%']",[],[],"품목별 수출액, 수입액(tblId=DT_1R11001_FRM101); 국가별 수출액, 수입액(tblId=DT_1R11006_FRM101)","orgId=360, tblId=DT_1R11001_FRM101 | obj_l1/itm_id 메타 API로 확인 필요",원자료 직접 조회 후 필요 시 증감률 계산,검토 필요,360,DT_1R11001_FRM101,13102112831A.A,13103112831T1,M,품목별 수출입 후보 선택. 품목/수출입/시점 코드 확인 필요 | obj_l1/itm_id 자동 후보 입력,57458788,202407,,,,,,CHANGE_RATE,1.4,,증감/포인트 계산값이 없어 수준값과 대신 비교하지 않음,판단불가,,KOSIS 실제값을 못 가져옴 (표/시점/분류 코드 재확인 필요),CHANGE_RATE,1.4,% 숫자 선택,1.3094397536117452,actual_change_pct 사용,일치,0.09056024638825466,"claim=1.4, adjusted_actual=1.3094397536117452, 오차=0.091, 허용=0.3",검증완료_일치,N,N,Y,,,,,수치 오차는 허용범위 이내지만 표·항목·단위·의미 매핑 확정이 필요함,수동확인필요_일치후보
C01924,268,새해 첫 20일 수출 5.1%↓ 엿새 설 연휴로 1월 전체 수출 감소 가능성,2025-01-21,https://www.chosun.com/economy/economy_general/2025/01/21/I6KIDJTHINBDZJKIJQNJX7YJ5Q,"그 결과 작년 한 해 전체 수출액은 6838억달러로 1년 전 대비 8.2% 증가했고, 기존 역대 최대 규모였던 2022년 기록(6836억달러)을 깨고 역대 최대 수출 실적을 달성했다.",무역지표,무역지표; 비율·증감률; 날짜·시간,True,,수출은 반도체 수출 부진으로 2022년 10월부터 12개월 연속 감소하다가 반도체가 살아나면서 2023년 10월부터 지난달까지 1년 3개월 연속 증가해왔다.,무역 수지도 518억 달러 흑자로 2021년 이후 3년 만에 흑자로 돌아섰다.,"[1, 8.2, 2022]","['년', '%', '년']",['2022'],[],"품목별 수출액, 수입액(tblId=DT_1R11001_FRM101); 국가별 수출액, 수입액(tblId=DT_1R11006_FRM101)","orgId=360, tblId=DT_1R11001_FRM101 | obj_l1/itm_id 메타 API로 확인 필요",원자료 직접 조회 후 필요 시 증감률 계산,검토 필요,360,DT_1R11001_FRM101,13102112831A.A,13103112831T1,Y,품목별 수출입 후보 선택. 품목/수출입/시점 코드 확인 필요 | obj_l1/itm_id 자동 후보 입력,683584760,2022,644400368,2021,6.0807525795826365,39184392.0,,CHANGE_RATE,8.2,6.0807525795826365,actual_change_pct 컬럼 사용(전기대비 계산값),불일치,2.119247420417363,"claim=8.2, actual=6.0807525795826365, 오차=2.119 (허용=0.3)",CHANGE_RATE,8.2,% 숫자 선택,8.127422520469521,actual_change_pct 사용,일치,0.07257747953047833,"claim=8.2, adjusted_actual=8.127422520469521, 오차=0.073, 허용=0.3",검증완료_일치,N,N,Y,,,,,수치 오차는 허용범위 이내지만 표·항목·단위·의미 매핑 확정이 필요함,수동확인필요_일치후보
C02005,279,작년 11월 출생아 14.6% 증가...2010년 이후 최대폭,2025-01-22,https://www.chosun.com/economy/economy_general/2025/01/22/HAHTAVPQ75BJXM4GWC4SNRKAZA,출생아 수는 2015년 0.7% 증가했다가 2016년(-7.3%)부터 2023년(-7.7%)까지 8년 연속 감소했었다.,인구지표,인구지표; 비율·증감률; 날짜·시간,True,,작년 1월부터 11월까지 출생아 수 22만94명으로 전년에 비해 3% 늘어났다.,그러나 지난해 7월(7.9%)부터 5개월 연속 출생아 수가 늘어나는 등 아이 울음소리가 커지는 분위기다.,"[2015, 0.7, 2016, 7.3, 2023, 7.7, 8]","['년', '%', '년', '%', '년', '%', '년']","['2015', '2016', '2023']",[],"출생아수, 합계출산율, 자연증가 등(tblId=INH_1B8000F_01); 인구동태건수 및 동태율 추이(출생,사망,혼인,이혼)(tblId=DT_1B8000F); 시도/합계출산율, 모의 연령별 출산율(tblId=DT_1B81A21)","orgId=101, tblId=INH_1B8000F_01 | obj_l1/itm_id 메타 API로 확인 필요",원자료 직접 조회 후 필요 시 증감률 계산,검토 필요,101,INH_1B8000F_01,11,T1,Y,출생아수/합계출산율 후보 선택. 기본항목/시점 코드 확인 필요 | obj_l1/itm_id 자동 후보 입력,438420,2015,435435,2014,0.6855213751765477,2985.0,,CHANGE_RATE,-7.7,0.6855213751765477,actual_change_pct 컬럼 사용(전기대비 계산값),불일치,8.385521375176548,"claim=-7.7, actual=0.6855213751765477, 오차=8.386 (허용=0.3)",CHANGE_RATE,-7.7,% 숫자 선택,-7.68823288627772,actual_change_pct 사용,일치,0.011767113722280342,"claim=-7.7, adjusted_actual=-7.68823288627772, 오차=0.012, 허용=0.3",검증완료_일치,N,N,Y,,,,,수치 오차는 허용범위 이내지만 표·항목·단위·의미 매핑 확정이 필요함,수동확인필요_일치후보
C02110,292,11월 출생아 수 증가율 14.6%… 14년 만에 최고,2025-01-23,https://www.chosun.com/economy/economy_general/2025/01/23/JUAXRZRN6NBLFGZUGXBFXGPKOU,연간 출생아 수는 2015년 0.7% 증가한 것을 마지막으로 2016년(-7.3%)부터 2023년(-7.7%)까지 8년 연속 감소했다.,인구지표,인구지표; 비율·증감률; 날짜·시간,True,,월별 출생아 수는 작년 7월(7.9%)부터 11월까지 5개월 연속으로 늘었다.,"통계청의 연간 통계는 아직 나오기 전이지만, 지난 3일 행정안전부의 주민등록 인구 통계에 따르면 작년 출생아 수는 24만2334명으로 9년 만에 처음으로 증가했다.","[2015, 0.7, 2016, 7.3, 2023, 7.7, 8]","['년', '%', '년', '%', '년', '%', '년']","['2015', '2016', '2023']",[],"출생아수, 합계출산율, 자연증가 등(tblId=INH_1B8000F_01); 인구동태건수 및 동태율 추이(출생,사망,혼인,이혼)(tblId=DT_1B8000F); 시도/합계출산율, 모의 연령별 출산율(tblId=DT_1B81A21)","orgId=101, tblId=INH_1B8000F_01 | obj_l1/itm_id 메타 API로 확인 필요",원자료 직접 조회 후 필요 시 증감률 계산,검토 필요,101,INH_1B8000F_01,11,T1,Y,출생아수/합계출산율 후보 선택. 기본항목/시점 코드 확인 필요 | obj_l1/itm_id 자동 후보 입력,438420,2015,435435,2014,0.6855213751765477,2985.0,,CHANGE_RATE,-7.7,0.6855213751765477,actual_change_pct 컬럼 사용(전기대비 계산값),불일치,8.385521375176548,"claim=-7.7, actual=0.6855213751765477, 오차=8.386 (허용=0.3)",CHANGE_RATE,-7.7,% 숫자 선택,-7.68823288627772,actual_change_pct 사용,일치,0.011767113722280342,"claim=-7.7, adjusted_actual=-7.68823288627772, 오차=0.012, 허용=0.3",검증완료_일치,N,N,Y,,,,,수치 오차는 허용범위 이내지만 표·항목·단위·의미 매핑 확정이 필요함,수동확인필요_일치후보
C02892,368,내수 부진에 계엄·탄핵 ‘겹악재’...청년 고용률 43개월 만에 최저,2025-01-29,https://www.chosun.com/economy/economy_general/2025/01/29/K4EFBRTSPNCKPIDHOQOSPUXDTM,청년 고용률이 45% 아래로 떨어진 건 코로나가 한창 기승하던 2021년 5월(44.4%) 이후 43개월 만이다.,고용지표,고용지표; 비율·증감률; 건수·개수; 날짜·시간,True,청년,"◇20대 이하 고용률 45% 밑으로 26일 통계청에 따르면 지난해 12월 20대 이하(15~29세) 청년 고용률은 44.7%로 1년 전보다 1.3%포인트 감소하며, 지난해 5월(-0.7%포인트)부터 8개월째 감소세를 이어갔다.",12월 기준으로는 지난 2020년 12월(41.3%) 이후 4년 만에 최저치다.,"[45, 2021, 5, 44.4, 43]","['%', '년', '월', '%', '개']",['2021'],[],연령별 경제활동인구 총괄(tblId=DT_1DA7002S); 전국 연령별/교육분류(영역)별 취업자 및 고용률(tblId=DT_1ES3D11J),"orgId=101, tblId=DT_1DA7002S | obj_l1/itm_id 메타 API로 확인 필요",원자료 직접 조회 후 필요 시 증감률 계산,검토 필요,101,DT_1DA7002S,75,T90,M,연령별 경제활동인구 총괄 후보 선택. 연령/고용률 항목 확인 필요 | obj_l1/itm_id 자동 후보 입력,,202105,,,,,데이터 없음(응답은 성공했으나 매칭 실패),LEVEL,45.0,44.4,actual_number 컬럼 사용,일치,0.013513513513513545,"claim=45.0, actual=44.4, 오차=0.014 (허용=0.05)",LEVEL,44.4,% 숫자 선택,44.4,actual_value 사용,일치,0.0,"claim=44.4, adjusted_actual=44.4, 오차=0.000, 허용=0.05",검증완료_일치,N,N,Y,,,,,수치 오차는 허용범위 이내지만 표·항목·단위·의미 매핑 확정이 필요함,수동확인필요_일치후보
C02893,368,내수 부진에 계엄·탄핵 ‘겹악재’...청년 고용률 43개월 만에 최저,2025-01-29,https://www.chosun.com/economy/economy_general/2025/01/29/K4EFBRTSPNCKPIDHOQOSPUXDTM,12월 기준으로는 지난 2020년 12월(41.3%) 이후 4년 만에 최저치다.,비율·증감률,비율·증감률; 날짜·시간,True,,청년 고용률이 45% 아래로 떨어진 건 코로나가 한창 기승하던 2021년 5월(44.4%) 이후 43개월 만이다.,수시·경력직 중심으로 재편된 채용 시장에서 사투를 벌이던 청년들로선 최근 정치 혼란까지 겹치며 어려움이 가중된 모습이다.,"[12, 2020, 12, 41.3, 4]","['월', '년', '월', '%', '년']",['2020'],[],연령별 경제활동인구 총괄(tblId=DT_1DA7002S); 전국 연령별/교육분류(영역)별 취업자 및 고용률(tblId=DT_1ES3D11J),"orgId=101, tblId=DT_1DA7002S | obj_l1/itm_id 메타 API로 확인 필요",원자료 직접 조회 후 필요 시 증감률 계산,검토 필요,101,DT_1DA7002S,75,T90,M,연령별 경제활동인구 총괄 후보 선택. 연령/고용률 항목 확인 필요 | obj_l1/itm_id 자동 후보 입력,,202012,,,,,데이터 없음(응답은 성공했으나 매칭 실패),LEVEL,41.3,41.3,actual_number 컬럼 사용,일치,0.0,"claim=41.3, actual=41.3, 오차=0.000 (허용=0.05)",LEVEL,41.3,% 숫자 선택,41.3,actual_value 사용,일치,0.0,"claim=41.3, adjusted_actual=41.3, 오차=0.000, 허용=0.05",검증완료_일치,N,N,Y,,,,,수치 오차는 허용범위 이내지만 표·항목·단위·의미 매핑 확정이 필요함,수동확인필요_일치후보
C03495,440,작년 소매판매 2.2% 줄어... 21년 만에 최대 감소폭,2025-02-03,https://www.chosun.com/economy/economy_general/2025/02/03/Y7UQBA7SO5AJTKSOUUK52DYR34,소매 판매 감소는 지난 2022년(-0.3%)과 2023년(-1.5%)에 이어 3년 연속이다.,비율·증감률,비율·증감률; 날짜·시간,True,,"반면 내수용으로 출하된 규모는 2% 줄었는데, 2023년(-0.9%)에 이어 2년째 감소한 모습이다.",이는 지난 1995년 관련 통계 작성 이래 처음 있는 일이다.,"[2022, 0.3, 2023, 1.5, 3]","['년', '%', '년', '%', '년']","['2022', '2023']",[],재별 및 상품군별 소매판매액지수(2020=100.0)(tblId=DT_1K41012); 시도별 소매판매액지수(2020=100)(tblId=DT_1K41018),"orgId=101, tblId=DT_1K41012 | obj_l1/obj_l2 메타 API로 확인 필요",원자료 직접 조회 후 필요 시 증감률 계산,검토 필요,101,DT_1K41012,G0,T2,Y,전국/지역 미상 소매판매 claim이라 전국 소매판매액지수 표로 변경 | 상품군 obj_l1 직접 확인 필요 | 상품군 코드 자동 후보: 총지수(G0),105.5,2022,105.8,2021,-0.2835538752362922,-0.29999999999999716,,CHANGE_RATE,-1.5,-0.2835538752362922,actual_change_pct 컬럼 사용(전기대비 계산값),불일치,1.2164461247637077,"claim=-1.5, actual=-0.2835538752362922, 오차=1.216 (허용=0.3)",CHANGE_RATE,-1.5,% 숫자 선택,-1.327014218009484,actual_change_pct 사용,일치,0.17298578199051606,"claim=-1.5, adjusted_actual=-1.327014218009484, 오차=0.173, 허용=0.3",검증완료_일치,N,N,Y,,,,,수치 오차는 허용범위 이내지만 표·항목·단위·의미 매핑 확정이 필요함,수동확인필요_일치후보
C03497,440,작년 소매판매 2.2% 줄어... 21년 만에 최대 감소폭,2025-02-03,https://www.chosun.com/economy/economy_general/2025/02/03/Y7UQBA7SO5AJTKSOUUK52DYR34,감소 폭은 지난 2003년(-3.2%) 이후 21년 만에 가장 크다.,비율·증감률,비율·증감률; 날짜·시간,True,,이는 지난 1995년 관련 통계 작성 이래 처음 있는 일이다.,"의복 등 준내구재(-3.7%)와 승용차 등 내구재(-3.1%), 음·식료품 등 비내구재(-1.4%)가 일제히 감소했다.","[2003, 3.2, 21]","['년', '%', '년']",['2003'],[],재별 및 상품군별 소매판매액지수(2020=100.0)(tblId=DT_1K41012); 시도별 소매판매액지수(2020=100)(tblId=DT_1K41018),"orgId=101, tblId=DT_1K41012 | obj_l1/obj_l2 메타 API로 확인 필요",원자료 직접 조회 후 필요 시 증감률 계산,검토 필요,101,DT_1K41012,G0,T2,Y,전국/지역 미상 소매판매 claim이라 전국 소매판매액지수 표로 변경 | 상품군 obj_l1 직접 확인 필요 | 상품군 코드 자동 후보: 총지수(G0),60.5,2003,62.5,2002,-3.2,-2.0,,CHANGE_RATE,-3.2,-3.2,actual_change_pct 컬럼 사용(전기대비 계산값),일치,0.0,"claim=-3.2, actual=-3.2, 오차=0.000 (허용=0.3)",CHANGE_RATE,-3.2,% 숫자 선택,-3.2,actual_change_pct 사용,일치,0.0,"claim=-3.2, adjusted_actual=-3.2, 오차=0.000, 허용=0.3",검증완료_일치,N,N,Y,,,,,수치 오차는 허용범위 이내지만 표·항목·단위·의미 매핑 확정이 필요함,수동확인필요_일치후보
C03779,478,"작년 경상수지 흑자 990억달러...전년보다 3배로↑,역대 두번째 규모",2025-02-06,https://www.chosun.com/economy/economy_general/2025/02/06/RO32ISHXHREYLO3V4B2GJHWXEI,작년 12월 수출은 전년보다 6.6% 늘어난 633억달러를 기록했다.,무역지표,무역지표; 비율·증감률; 날짜·시간,True,,"한은은 “반도체 등 정보기술(IT) 품목 수출 증가세가 이어지고, 승용차나 화학공업제품 등 비IT품목 감소세는 둔화되면서 수출이 늘어난 영향”이라고 설명했다.","수송장비, 반도체제조장비 같은 자본재와, 소비재 수입이 늘며 수입도 전년대비 4.2% 가량 늘었다.","[12, 6.6]","['월', '%']",[],[],"품목별 수출액, 수입액(tblId=DT_1R11001_FRM101); 국가별 수출액, 수입액(tblId=DT_1R11006_FRM101)","orgId=360, tblId=DT_1R11001_FRM101 | obj_l1/itm_id 메타 API로 확인 필요",원자료 직접 조회 후 필요 시 증감률 계산,검토 필요,360,DT_1R11001_FRM101,13102112831A.A,13103112831T1,M,품목별 수출입 후보 선택. 품목/수출입/시점 코드 확인 필요 | obj_l1/itm_id 자동 후보 입력,61359250,202412,56288629,202411,9.008251027041359,5070621.0,,LEVEL,6.6,61359250.0,actual_number 컬럼 사용,불일치,0.9999998924367557,"claim=6.6, actual=61359250.0, 오차=1.000 (허용=0.05)",LEVEL,633.0,억달러 숫자 선택,613.5925,무역 천달러 -> 억달러 변환,일치,0.03162929794611249,"claim=633.0, adjusted_actual=613.5925, 오차=0.032, 허용=0.05",검증완료_일치,N,N,Y,,,,,수치 오차는 허용범위 이내지만 표·항목·단위·의미 매핑 확정이 필요함,수동확인필요_일치후보
C03850,489,경상수지 역대 둘째로 많은 흑자 낸 까닭은,2025-02-07,https://www.chosun.com/economy/economy_general/2025/02/07/JXWFUVYXYRFO3OXEWCPCGJUSGE,"작년 12월 수출은 633억달러로 전달보다 11.1%, 전년 같은 달보다 6.6% 뛰었다.",무역지표,무역지표; 비율·증감률; 날짜·시간,True,,"수출이 그만큼 크게 늘어난 것인데, 특히 작년 연말에 수출이 집중됐다.",2022년 3월(655억달러) 이후 최대다.,"[12, 11.1, 6.6]","['월', '%', '%']",[],[],"품목별 수출액, 수입액(tblId=DT_1R11001_FRM101); 국가별 수출액, 수입액(tblId=DT_1R11006_FRM101)","orgId=360, tblId=DT_1R11001_FRM101 | obj_l1/itm_id 메타 API로 확인 필요",원자료 직접 조회 후 필요 시 증감률 계산,검토 필요,360,DT_1R11001_FRM101,13102112831A.A,13103112831T1,M,품목별 수출입 후보 선택. 품목/수출입/시점 코드 확인 필요 | obj_l1/itm_id 자동 후보 입력,61359250,202412,56288629,202411,9.008251027041359,5070621.0,,LEVEL,633.0,61359250.0,actual_number 컬럼 사용,불일치,0.9999896837070206,"claim=633.0, actual=61359250.0, 오차=1.000 (허용=0.05)",LEVEL,633.0,억달러 숫자 선택,613.5925,무역 천달러 -> 억달러 변환,일치,0.03162929794611249,"claim=633.0, adjusted_actual=613.5925, 오차=0.032, 허용=0.05",검증완료_일치,N,N,Y,,,,,수치 오차는 허용범위 이내지만 표·항목·단위·의미 매핑 확정이 필요함,수동확인필요_일치후보
C04329,547,미국 1월 소비자물가 3% 상승... 금리 인하 속도 늦춰질 듯,2025-02-12,https://www.chosun.com/economy/economy_general/2025/02/12/6KAQJONZLRB4HIL6R2ER3BJ5WQ,이날 발표된 1월 물가상승률(3%)은 다음 달 19일 등으로 예정된 향후 연방공개시장위원회(FOMC)가 미국 기준금리 인하 속도를 늦출 수 있는 지표로 받아들여진다.,물가지표,물가지표; 금리지표; 비율·증감률; 날짜·시간,True,,"이어 작년 말 물가상승률이 2.9%로 올랐고, 연준은 금리를 동결하기 시작했다.",이날 물가상승률 발표 후 연준의 기준금리를 예측하는 시카고 상품거래소의 페드워치툴은 올 상반기 미 연준이 금리를 인하하지 않을 확률을 65%까지 높였다.,"[1, 3, 19]","['월', '%', '일']",[],[],월별 소비자물가 등락률(tblId=DT_1J22042); 소비자물가지수(2020=100)(tblId=DT_1J22003); 품목별 소비자물가지수(품목성질별: 2020=100)(tblId=DT_1J22112),"orgId=101, tblId=DT_1J22042 | obj_l1/itm_id 메타 API로 확인 필요",원자료 직접 조회 후 필요 시 증감률 계산,검토 필요,101,DT_1J22042,0,T03,M,소비자물가 등락률 후보 선택. 지역/품목/월별 코드 확인 필요 | obj_l1/itm_id 자동 후보 입력,2.2,202501,1.9,202412,15.789473684210542,0.30000000000000027,,CHANGE_RATE,3.0,15.789473684210542,actual_change_pct 컬럼 사용(전기대비 계산값),불일치,12.789473684210542,"claim=3.0, actual=15.789473684210542, 오차=12.789 (허용=0.3)",CHANGE_RATE,3.0,% 숫자 선택,3.2258064516129057,actual_change_pct 사용,일치,0.2258064516129057,"claim=3.0, adjusted_actual=3.2258064516129057, 오차=0.226, 허용=0.3",검증완료_일치,Y,N,Y,,,,,기사 게재일보다 뒤의 KOSIS 시점을 사용한 자동 일치,재검토필요_미래시점
C04369,552,미국 1월 소비자물가 3% 상승... 금리 인하 속도 늦춰질 듯,2025-02-12,https://www.chosun.com/economy/economy_general/2025/02/12/6KAQJONZLRB4HIL6R2ER3BJ5WQ,이날 발표된 1월 물가상승률(3%)은 다음 달 19일 등으로 예정된 향후 연방공개시장위원회(FOMC)가 미국 기준금리 인하 속도를 늦출 수 있는 지표로 받아들여진다.,물가지표,물가지표; 금리지표; 비율·증감률; 날짜·시간,True,,"이어 작년 말 물가상승률이 2.9%로 올랐고, 연준은 금리를 동결하기 시작했다.",이날 물가상승률 발표 후 연준의 기준금리를 예측하는 시카고 상품거래소의 페드워치툴은 올 상반기 미 연준이 금리를 인하하지 않을 확률을 65%까지 높였다.,"[1, 3, 19]","['월', '%', '일']",[],[],월별 소비자물가 등락률(tblId=DT_1J22042); 소비자물가지수(2020=100)(tblId=DT_1J22003); 품목별 소비자물가지수(품목성질별: 2020=100)(tblId=DT_1J22112),"orgId=101, tblId=DT_1J22042 | obj_l1/itm_id 메타 API로 확인 필요",원자료 직접 조회 후 필요 시 증감률 계산,검토 필요,101,DT_1J22042,0,T03,M,소비자물가 등락률 후보 선택. 지역/품목/월별 코드 확인 필요 | obj_l1/itm_id 자동 후보 입력,2.2,202501,1.9,202412,15.789473684210542,0.30000000000000027,,CHANGE_RATE,3.0,15.789473684210542,actual_change_pct 컬럼 사용(전기대비 계산값),불일치,12.789473684210542,"claim=3.0, actual=15.789473684210542, 오차=12.789 (허용=0.3)",CHANGE_RATE,3.0,% 숫자 선택,3.2258064516129057,actual_change_pct 사용,일치,0.2258064516129057,"claim=3.0, adjusted_actual=3.2258064516129057, 오차=0.226, 허용=0.3",검증완료_일치,Y,N,Y,,,,,기사 게재일보다 뒤의 KOSIS 시점을 사용한 자동 일치,재검토필요_미래시점
C04394,555,‘무역 전쟁’ 먹구름… KDI도 성장률 전망 1.6%로 낮췄다,2025-02-12,https://www.chosun.com/economy/economy_general/2025/02/12/ET3EQF2MVBAHFFHKLSQYVTVVTM,지난해 수출은 전년 대비 8.2% 증가하며 역대 최대 실적을 기록했다.,무역지표,무역지표; 비율·증감률,True,,"◇버팀목 수출도 옛말, 일평균 수출 6.4% 줄어 작년에 그나마 한국 경제의 버팀목 역할을 했던 수출 실적은 올 들어 크게 주춤하는 모습을 보이고 있다.",하지만 지난달 수출은 전년 동월 대비 10.3% 급감했다.,[8.2],['%'],[],[],"품목별 수출액, 수입액(tblId=DT_1R11001_FRM101); 국가별 수출액, 수입액(tblId=DT_1R11006_FRM101)","orgId=360, tblId=DT_1R11001_FRM101 | obj_l1/itm_id 메타 API로 확인 필요",원자료 직접 조회 후 필요 시 증감률 계산,검토 필요,360,DT_1R11001_FRM101,13102112831A.A,13103112831T1,Y,품목별 수출입 후보 선택. 품목/수출입/시점 코드 확인 필요 | obj_l1/itm_id 자동 후보 입력,683609488,2024,632225824,2023,8.127422520469521,51383664.0,,CHANGE_RATE,8.2,8.127422520469521,actual_change_pct 컬럼 사용(전기대비 계산값),일치,0.07257747953047833,"claim=8.2, actual=8.127422520469521, 오차=0.073 (허용=0.3)",CHANGE_RATE,8.2,% 숫자 선택,8.127422520469521,actual_change_pct 사용,일치,0.07257747953047833,"claim=8.2, adjusted_actual=8.127422520469521, 오차=0.073, 허용=0.3",검증완료_일치,N,N,Y,,,,,수치 오차는 허용범위 이내지만 표·항목·단위·의미 매핑 확정이 필요함,수동확인필요_일치후보
C04581,579,1월 취업자 13.5만명 늘어...노인 일자리 신속 집행에 일시 호조,2025-02-14,https://www.chosun.com/economy/economy_general/2025/02/14/CMQ2GGIF6NFVFOK7NS472SUCSM,노인 일자리에 참여하려는 고령층도 다수 몰리며 65세 이상 실업률이 9.6%로 전년 동월 대비 0.2%포인트 오르기도 했다.,고용지표,고용지표; 비율·증감률,True,노인; 고령층,이 덕분에 지난달 65세 이상 고령층 취업자만 33만8000명 늘었다.,공미숙 통계청 사회통계국장은 “노인 일자리 공급으로 보건·복지와 공공행정 분야 취업자가 늘면서 전체 고용 회복을 이끌었다”고 했다.,"[9.6, 0.2]","['%', '%']",[],[],성별 경제활동인구 총괄(tblId=DT_1DA7001S); 연령별 경제활동인구 총괄(tblId=DT_1DA7002S); 행정구역(시도)별 경제활동인구(tblId=DT_1DA7004S),"orgId=101, tblId=DT_1DA7001S | obj_l1/itm_id 메타 API로 확인 필요",원자료 직접 조회 후 필요 시 증감률 계산,검토 필요,101,DT_1DA7001S,0,T80,M,경제활동인구 총괄 후보 선택. 실업률/실업자 항목 확인 필요 | obj_l1/itm_id 자동 후보 입력,,,,,,,목표 시점 미확정: 월/분기/반기 표현을 확인해야 함,POINT_CHANGE,0.2,,KOSIS 사전 조회 실패: 목표 시점 미확정: 월/분기/반기 표현을 확인해야 함,판단불가,,KOSIS 실제값을 못 가져옴 (표/시점/분류 코드 재확인 필요),POINT_CHANGE,0.2,% 숫자 선택,0.5,actual_change_point 사용,일치,0.3,"claim=0.2, adjusted_actual=0.5, 오차=0.300, 허용=0.3",검증완료_일치,N,N,Y,,,,,수치 오차는 허용범위 이내지만 표·항목·단위·의미 매핑 확정이 필요함,수동확인필요_일치후보
C04595,580,美 소비자 물가 상승률 3%… 당분간 금리 인하 멈출 듯,2025-02-14,https://www.chosun.com/economy/economy_general/2025/02/14/DOSWUEHIRBDRXA22EYJWFTUYHI,미 국채 10년물 금리가 단숨에 0.1%포인트 오르는 등 금리는 일제히 상승했다.,비율·증감률,비율·증감률; 날짜·시간,True,,시장은 연준의 금리 인하 가능성이 낮아졌다는 데 베팅했다.,기준 금리를 전망하는 시카고상품거래소의 페드워치툴에서 3월 금리 동결 가능성은 98%까지 높아졌다.,"[10, 0.1]","['년', '%']",[],[],월별 소비자물가 등락률(tblId=DT_1J22042); 소비자물가지수(2020=100)(tblId=DT_1J22003); 품목별 소비자물가지수(품목성질별: 2020=100)(tblId=DT_1J22112),"orgId=101, tblId=DT_1J22042 | obj_l1/itm_id 메타 API로 확인 필요",원자료 직접 조회 후 필요 시 증감률 계산,검토 필요,101,DT_1J22042,0,T03,Y,소비자물가 등락률 후보 선택. 지역/품목/월별 코드 확인 필요 | obj_l1/itm_id 자동 후보 입력,2.3,202512,2.4,202511,-4.1666666666666705,-0.10000000000000009,,POINT_CHANGE,0.1,-0.10000000000000009,actual_change_point 컬럼 사용(전기대비 계산값),일치,0.2000000000000001,"claim=0.1, actual=-0.10000000000000009, 오차=0.200 (허용=0.3)",POINT_CHANGE,0.1,% 숫자 선택,0.10000000000000009,actual_change_point 사용,일치,8.326672684688674e-17,"claim=0.1, adjusted_actual=0.10000000000000009, 오차=0.000, 허용=0.3",검증완료_일치,Y,N,Y,,,,,기사 게재일보다 뒤의 KOSIS 시점을 사용한 자동 일치,재검토필요_미래시점
C04611,581,오징어채 23%·맛김 22%… 가공식품 물가 상승률 1년 만에 최고,2025-02-14,https://www.chosun.com/economy/economy_general/2025/02/14/HP4YWNUF3VGJZDLS62WBVBUM74,"비스킷(7.0%), 케이크(3.3%), 빵(3.2%) 등 밀가루를 원료로 하는 가공식품 값도 일제히 올랐다.",비율·증감률,비율·증감률,True,,"참기름(8.9%), 간장(8.8%), 식용유(7.8%) 등 요리용 조미료·유지류도 7∼8%대 상승률을 보였다.",빵·커피·김치·비스킷 등 물가 기여도가 큰 품목들의 출고가가 올라 전체 가공식품 물가 상승률을 끌어올렸다고 통계청은 설명했다.,"[7.0, 3.3, 3.2]","['%', '%', '%']",[],[],월별 소비자물가 등락률(tblId=DT_1J22042); 소비자물가지수(2020=100)(tblId=DT_1J22003); 품목별 소비자물가지수(품목성질별: 2020=100)(tblId=DT_1J22112),"orgId=101, tblId=DT_1J22042 | obj_l1/itm_id 메타 API로 확인 필요",원자료 직접 조회 후 필요 시 증감률 계산,검토 필요,101,DT_1J22042,0,T03,Y,소비자물가 등락률 후보 선택. 지역/품목/월별 코드 확인 필요 | obj_l1/itm_id 자동 후보 입력,2.3,202512,2.4,202511,-4.1666666666666705,-0.10000000000000009,,CHANGE_RATE,3.2,-4.1666666666666705,actual_change_pct 컬럼 사용(전기대비 계산값),불일치,7.366666666666671,"claim=3.2, actual=-4.1666666666666705, 오차=7.367 (허용=0.3)",CHANGE_RATE,3.2,% 숫자 선택,3.2258064516129057,actual_change_pct 사용,일치,0.025806451612905512,"claim=3.2, adjusted_actual=3.2258064516129057, 오차=0.026, 허용=0.3",검증완료_일치,Y,N,Y,,,,,기사 게재일보다 뒤의 KOSIS 시점을 사용한 자동 일치,재검토필요_미래시점
C04720,598,[주간코인시황] 지속되는 무역 갈등·인플레 우려...가상자산 시장은 관망세,2025-02-15,https://www.chosun.com/economy/money/2025/02/15/BGQ7JF5BJ4UBQPPIJKNRIRCLFY,"또한 1월 근원 소비자물가지수(Core CPI)가 전년 대비 3.3% 상승하며 예상치(3.1%)를 상회, 물가 상승 압력이 지속되고 있다.",물가지표,물가지표; 비율·증감률; 날짜·시간,True,,"트럼프 대통령이 철강·알루미늄에 대한 25% 관세 부과를 확정하고 상호관세 도입을 발표했지만, 가상자산 시장은 이러한 이슈를 상당 부분 선반영한 것으로 보인다.",동시에 이번 물가 지표 상승이 ‘1월 효과(January Effect·매년 1월에 가상자산 가격이 상승하는 경향)’로 인한 일시적인 영향일 가능성도 제기됐다.,"[1, 3.3, 3.1]","['월', '%', '%']",[],[],소비자물가지수(2020=100)(tblId=DT_1J22003); 월별 소비자물가 등락률(tblId=DT_1J22042); 품목별 소비자물가지수(품목성질별: 2020=100)(tblId=DT_1J22112),"orgId=101, tblId=DT_1J22003 | obj_l1/itm_id 메타 API로 확인 필요",원자료 직접 조회 후 필요 시 증감률 계산,검토 필요,101,DT_1J22003,T10,T,M,소비자물가지수 후보 선택. 지역/품목 코드 확인 필요 | obj_l1/itm_id 자동 후보 입력,113.17,202401,,,,,,CHANGE_RATE,3.1,,증감/포인트 계산값이 없어 수준값과 대신 비교하지 않음,판단불가,,KOSIS 실제값을 못 가져옴 (표/시점/분류 코드 재확인 필요),CHANGE_RATE,3.1,% 숫자 선택,2.8163895702734703,actual_change_pct 사용,일치,0.28361042972652983,"claim=3.1, adjusted_actual=2.8163895702734703, 오차=0.284, 허용=0.3",검증완료_일치,N,Y,Y,,,,,전망·예상·목표 문장으로 현재 KOSIS 실적값 검증 대상이 아님,판단불가_전망문장
C05090,647,작년 전국 17시도서 소매 판매 모두 감소,2025-02-19,https://www.chosun.com/economy/economy_general/2025/02/19/RJYMVJUXSVDMLGCBFOUI5AVBXE,"2022년(-0.3%), 2023년(-1.5%)에 이어 3년 연속 감소해 1995년 관련 통계 집계 시작 이후 최장 기간 감소세를 기록했다.",비율·증감률,비율·증감률; 날짜·시간,True,,18일 통계청은 ‘2024년 4분기 및 연간 지역 경제 동향’에서 작년 소매 판매액이 전년보다 2.2% 감소했다고 밝혔다.,"소매 판매액은 통계청이 매월 백화점, 대형 마트, 아웃렛, 면세점, 수퍼마켓, 재래시장 등의 판매 금액을 조사해 지수화한 결과다.","[2022, 0.3, 2023, 1.5, 3, 1995]","['년', '%', '년', '%', '년', '년']","['2022', '2023', '1995']",[],재별 및 상품군별 소매판매액지수(2020=100.0)(tblId=DT_1K41012); 시도별 소매판매액지수(2020=100)(tblId=DT_1K41018),"orgId=101, tblId=DT_1K41012 | obj_l1/obj_l2 메타 API로 확인 필요",원자료 직접 조회 후 필요 시 증감률 계산,검토 필요,101,DT_1K41012,G0,T2,Y,전국/지역 미상 소매판매 claim이라 전국 소매판매액지수 표로 변경 | 상품군 obj_l1 직접 확인 필요 | 상품군 코드 자동 후보: 총지수(G0),105.5,2022,105.8,2021,-0.2835538752362922,-0.29999999999999716,,CHANGE_RATE,-1.5,-0.2835538752362922,actual_change_pct 컬럼 사용(전기대비 계산값),불일치,1.2164461247637077,"claim=-1.5, actual=-0.2835538752362922, 오차=1.216 (허용=0.3)",CHANGE_RATE,-1.5,% 숫자 선택,-1.327014218009484,actual_change_pct 사용,일치,0.17298578199051606,"claim=-1.5, adjusted_actual=-1.327014218009484, 오차=0.173, 허용=0.3",검증완료_일치,N,N,Y,,,,,수치 오차는 허용범위 이내지만 표·항목·단위·의미 매핑 확정이 필요함,수동확인필요_일치후보
C05150,655,1월 생산자물가 17개월만에 최대폭 상승,2025-02-20,https://www.chosun.com/economy/economy_general/2025/02/20/4S55OVIERZDWLG56V5RA5UHGCM,이는 2023년 8월 0.8% 상승 이후 1년여 만에 최대 상승 폭이다.,비율·증감률,비율·증감률; 날짜·시간,True,,한국은행은 20일 지난 1월 생산자물가가 전월 대비 0.6% 오른 120.18을 기록했다고 밝혔다.,"당시는 러시아의 우크라이나 침공과 중동의 석유 생산량 감소로 국제 유가가 크게 뛰었고, 집중호우와 폭염의 영향으로 농산물 가격이 크게 올랐던 때다.","[2023, 8, 0.8, 1]","['년', '월', '%', '년']",['2023'],[],소비자물가지수(2020=100)(tblId=DT_1J22003); 월별 소비자물가 등락률(tblId=DT_1J22042); 품목별 소비자물가지수(품목성질별: 2020=100)(tblId=DT_1J22112),"orgId=101, tblId=DT_1J22003 | obj_l1/itm_id 메타 API로 확인 필요",원자료 직접 조회 후 필요 시 증감률 계산,검토 필요,101,DT_1J22003,T10,T,M,소비자물가지수 후보 선택. 지역/품목 코드 확인 필요 | obj_l1/itm_id 자동 후보 입력,,202308,,,,,데이터 없음(응답은 성공했으나 매칭 실패),CHANGE_RATE,0.8,,KOSIS 사전 조회 실패: 데이터 없음(응답은 성공했으나 매칭 실패),판단불가,,KOSIS 실제값을 못 가져옴 (표/시점/분류 코드 재확인 필요),CHANGE_RATE,0.8,% 숫자 선택,0.889567795848679,actual_change_pct 사용,일치,0.08956779584867891,"claim=0.8, adjusted_actual=0.889567795848679, 오차=0.090, 허용=0.3",검증완료_일치,N,N,Y,,,,,수치 오차는 허용범위 이내지만 표·항목·단위·의미 매핑 확정이 필요함,수동확인필요_일치후보
C05531,707,얼어붙은 美 소비심리… “트럼프 비즈니스의 허니문 끝나”,2025-02-24,https://www.chosun.com/economy/economy_general/2025/02/24/5HZ3WJESMZERNJ723VOYTKGKBQ,5년 후 기대 인플레이션도 연간 3.5%로 전월 대비 0.3%포인트 상승했다.,물가지표,물가지표; 비율·증감률; 날짜·시간,True,,미국 미시간대가 집계하는 지난달 미국의 1년 후 기대 인플레이션은 4.3%로 전월(3.3%)보다 1%포인트 올랐다.,이는 1995년 이후 가장 높은 수준이다.,"[5, 3.5, 0.3]","['년', '%', '%']",[],[],월별 소비자물가 등락률(tblId=DT_1J22042); 소비자물가지수(2020=100)(tblId=DT_1J22003); 품목별 소비자물가지수(품목성질별: 2020=100)(tblId=DT_1J22112),"orgId=101, tblId=DT_1J22042 | obj_l1/itm_id 메타 API로 확인 필요",원자료 직접 조회 후 필요 시 증감률 계산,검토 필요,101,DT_1J22042,0,T02,M,소비자물가 등락률 후보 선택. 지역/품목/월별 코드 확인 필요 | obj_l1/itm_id 자동 후보 입력,0.7,202501,0.4,202412,74.99999999999997,0.29999999999999993,,POINT_CHANGE,0.3,0.29999999999999993,actual_change_point 컬럼 사용(전기대비 계산값),일치,5.551115123125783e-17,"claim=0.3, actual=0.29999999999999993, 오차=0.000 (허용=0.3)",POINT_CHANGE,0.3,% 숫자 선택,0.29999999999999993,actual_change_point 사용,일치,5.551115123125783e-17,"claim=0.3, adjusted_actual=0.29999999999999993, 오차=0.000, 허용=0.3",검증완료_일치,N,N,Y,,,,,수치 오차는 허용범위 이내지만 표·항목·단위·의미 매핑 확정이 필요함,수동확인필요_일치후보
C05780,736,작년 출생아 수 9년 만에 추락 멈췄다... 전년 대비 3.6% 늘어,2025-02-26,https://www.chosun.com/economy/economy_general/2025/02/26/5GBKUCD4IZBE7PA33W2SH2256A,54 지난해 출생아 수가 전년 대비 3.6% 늘어나며 9년 만에 반등한 것으로 나타났다.,인구지표,인구지표; 비율·증감률; 날짜·시간,True,,,"상대적으로 인구가 많은 1990년대생들이 본격적으로 아이를 갖기 시작하고, 신생아 특례 대출 등 정부의 출산 지원 정책이 확대된 영향이다.","[3.6, 9]","['%', '년']",[],[],"출생아수, 합계출산율, 자연증가 등(tblId=INH_1B8000F_01); 인구동태건수 및 동태율 추이(출생,사망,혼인,이혼)(tblId=DT_1B8000F); 시도/합계출산율, 모의 연령별 출산율(tblId=DT_1B81A21)","orgId=101, tblId=INH_1B8000F_01 | obj_l1/itm_id 메타 API로 확인 필요",원자료 직접 조회 후 필요 시 증감률 계산,검토 필요,101,INH_1B8000F_01,11,T1,Y,출생아수/합계출산율 후보 선택. 기본항목/시점 코드 확인 필요 | obj_l1/itm_id 자동 후보 입력,238317,2024,230028,2023,3.6034743596431738,8289.0,,CHANGE_RATE,3.6,3.6034743596431738,actual_change_pct 컬럼 사용(전기대비 계산값),일치,0.0034743596431736634,"claim=3.6, actual=3.6034743596431738, 오차=0.003 (허용=0.3)",CHANGE_RATE,3.6,% 숫자 선택,3.6034743596431738,actual_change_pct 사용,일치,0.0034743596431736634,"claim=3.6, adjusted_actual=3.6034743596431738, 오차=0.003, 허용=0.3",검증완료_일치,N,N,Y,,,,,수치 오차는 허용범위 이내지만 표·항목·단위·의미 매핑 확정이 필요함,수동확인필요_일치후보
C06679,840,"물가 상승률 두 달 연속 2%대...치솟은 기름값, 물가 끌어 올려",2025-03-06,https://www.chosun.com/economy/economy_general/2025/03/06/IXLFBAQ5RFD7HKWH6T3LQXPQWA,"생활물가지수는 지난해 10월(1.2%)을 저점으로 꾸준히 오름세를 보이고 있는데, 소비자들이 실제 체감하는 물가 수준이 높아지고 있음을 시사한다.",물가지표,물가지표; 비율·증감률; 날짜·시간,True,,기름값 부담이 반영된 생활물가지수는 지난달 2.6% 오르며 지난해 7월(3%) 이후 7개월 만에 최대 상승폭을 보였다.,식용유를 포함한 각종 재룟값에 관리비 등 부담도 커진 탓에 가공식품과 외식 물가도 상승폭을 키웠다.,"[10, 1.2]","['월', '%']",[],[],월별 소비자물가 등락률(tblId=DT_1J22042); 소비자물가지수(2020=100)(tblId=DT_1J22003); 품목별 소비자물가지수(품목성질별: 2020=100)(tblId=DT_1J22112),"orgId=101, tblId=DT_1J22042 | obj_l1/itm_id 메타 API로 확인 필요",원자료 직접 조회 후 필요 시 증감률 계산,검토 필요,101,DT_1J22042,1,T03,M,소비자물가 등락률 후보 선택. 지역/품목/월별 코드 확인 필요 | obj_l1/itm_id 자동 후보 입력,1.2,202410,1.5,202409,-20.000000000000004,-0.30000000000000004,,LEVEL,1.2,1.2,actual_number 컬럼 사용,일치,0.0,"claim=1.2, actual=1.2, 오차=0.000 (허용=0.05)",LEVEL,1.2,% 숫자 선택,1.2,actual_value 사용,일치,0.0,"claim=1.2, adjusted_actual=1.2, 오차=0.000, 허용=0.05",검증완료_일치,N,N,Y,,,,,수치 오차는 허용범위 이내지만 표·항목·단위·의미 매핑 확정이 필요함,수동확인필요_일치후보
C06797,856,1월 경상수지 전년과 비슷한 29.4억달러↑…21개월 연속 흑자,2025-03-07,https://www.chosun.com/economy/economy_general/2025/03/07/NF4SHDL7TBDHVKLE4MDN4DI66M,지역별로는 중국(-14.0%)·EU(-11.6%)·미국(-9.4%)·일본(-7.7%)·동남아(-3.8%) 등 대부분의 수출 상대국에서 줄었다.,무역지표,무역지표; 비율·증감률,True,,"품목으로 보면 통관 기준으로 컴퓨터(14.8%)·반도체(7.2%) 등 정보기술(IT) 품목은 증가세를 이어갔지만, 석유제품(-29.2%)·승용차(-19.2%) 등 비IT 품목의 감소 폭이 커졌다.",수입도 전년보다 6.2% 줄어든 473억1000만달러로 집계됐다.,"[14.0, 11.6, 9.4, 7.7, 3.8]","['%', '%', '%', '%', '%']",[],[],"국가별 수출액, 수입액(tblId=DT_1R11006_FRM101); 품목별 수출액, 수입액(tblId=DT_1R11001_FRM101)","orgId=360, tblId=DT_1R11006_FRM101 | obj_l1/itm_id 메타 API로 확인 필요",원자료 직접 조회 후 필요 시 증감률 계산,검토 필요,360,DT_1R11006_FRM101,13102103829E.US,13103103829T1,Y,국가별 수출입 후보 선택. 국가/수출입/시점 코드 확인 필요 | 국가 코드 자동선택: 미국,122850915,2025,127761371,2024,-3.843459068703951,-4910456.0,,CHANGE_RATE,-3.8,-3.843459068703951,actual_change_pct 컬럼 사용(전기대비 계산값),일치,0.04345906870395133,"claim=-3.8, actual=-3.843459068703951, 오차=0.043 (허용=0.3)",CHANGE_RATE,-3.8,% 숫자 선택,-3.843459068703951,actual_change_pct 사용,일치,0.04345906870395133,"claim=-3.8, adjusted_actual=-3.843459068703951, 오차=0.043, 허용=0.3",검증완료_일치,N,N,Y,,,,,수치 오차는 허용범위 이내지만 표·항목·단위·의미 매핑 확정이 필요함,수동확인필요_일치후보
C08645,1120,"대미 수출의 27%, 車가 흔들린다… GM의 한국 공장 최대 타격",2025-03-28,https://www.chosun.com/economy/auto/2025/03/28/7PKR6UAHUZCMZOYVHUBNJ76PNU,"한국무역협회에 따르면, 지난해 대미 자동차 수출액은 347억달러(약 51조원)를 웃돌며 미국으로 향한 전체 수출(1278억달러)의 27.1%를 차지했다.",무역지표,무역지표; 비율·증감률; 금액,True,,◇대미 수출에 직격탄 자동차는 우리나라 대미(對美) 수출 1위 품목이다.,우리 자동차 수출에서의 비율도 절대적이다.,"[51, 27.1]","['조원', '%']",[],[],"국가별 수출액, 수입액(tblId=DT_1R11006_FRM101); 품목별 수출액, 수입액(tblId=DT_1R11001_FRM101)","orgId=360, tblId=DT_1R11006_FRM101 | obj_l1/itm_id 메타 API로 확인 필요",원자료 직접 조회 후 필요 시 증감률 계산,검토 필요,360,DT_1R11006_FRM101,13102103829E.US,13103103829T1,Y,국가별 수출입 후보 선택. 국가/수출입/시점 코드 확인 필요 | 국가 코드 자동선택: 미국,127761371,2024,115696334,2023,10.428192997022705,12065037.0,,LEVEL,347.0,127761371.0,actual_number 컬럼 사용,불일치,0.9999972839990892,"claim=347.0, actual=127761371.0, 오차=1.000 (허용=0.05)",LEVEL,1278.0,억달러 숫자 선택,1277.61371,무역 천달러 -> 억달러 변환,일치,0.0003023527353975539,"claim=1278.0, adjusted_actual=1277.61371, 오차=0.000, 허용=0.05",검증완료_일치,N,N,Y,,,,,수치 오차는 허용범위 이내지만 표·항목·단위·의미 매핑 확정이 필요함,수동확인필요_일치후보
C09229,1193,“작년 역대 최고 고용 달성? 외국인·노인 고용 늘어난 통계적인 착시에 불과”,2025-04-02,https://www.chosun.com/economy/economy_general/2025/04/02/NE2LONUUMBEZVI5DDJRPBMDR7U,"1일 예산정책처는 ‘경제 전망’ 보고서에서 작년 연간 취업자가 전년 대비 15만9000명 늘어나면서 15세 이상 고용률이 62.7%로 역대 최대를 기록했지만, 늘어난 일자리의 대부분을 외국인과 노인이 차지했다는 분석 결과를 밝혔다.",고용지표,고용지표; 비율·증감률; 인원수; 날짜·시간,True,노인,외국인 취업자와 노인 일자리 참여자가 늘어난 규모를 합치니 전체 취업자 증가 폭을 뛰어넘었다는 것이다.,통계청이 고용 통계를 작성할 때는 외국인 취업자와 노인 일자리 참여자를 별도로 분리하지는 않는다.,"[1, 9000, 62.7]","['일', '명', '%']",[],[],성별 경제활동인구 총괄(tblId=DT_1DA7001S); 행정구역(시도)별 경제활동인구(tblId=DT_1DA7004S),"orgId=101, tblId=DT_1DA7001S | obj_l1/itm_id 메타 API로 확인 필요",원자료 직접 조회 후 필요 시 증감률 계산,검토 필요,101,DT_1DA7001S,0,T90,Y,경제활동인구 총괄 후보 선택. 성별/고용률 항목 확인 필요 | obj_l1/itm_id 자동 후보 입력,,,,,,,비검증성 문장: 전망/예측/목표는 현재 실적값과 비교하지 않음,ABS_TO_ABS,15.0,62.7,actual_number 컬럼 사용,불일치,0.7607655502392344,"claim=15.0, actual=62.7, 오차=0.761 (허용=0.02)",ABS_TO_ABS,62.7,% 숫자 선택,62.7,actual_value 사용,일치,0.0,"claim=62.7, adjusted_actual=62.7, 오차=0.000, 허용=0.02",검증완료_일치,N,Y,Y,,,,,전망·예상·목표 문장으로 현재 KOSIS 실적값 검증 대상이 아님,판단불가_전망문장
C09334,1204,최상목 부총리 “상반기 전기·가스·철도 요금 동결”,2025-04-03,https://www.chosun.com/economy/economy_general/2025/04/03/NMEO4455DJAXHP6FKCGHF7CBQM,지난달 외식 물가 역시 전년 대비 3.0% 오르면서 2개월 연속 3% 상승을 기록했다.,비율·증감률,비율·증감률; 건수·개수,True,,일각에서는 “곧 시행될 미국의 상호 관세 부과로 가공식품 물가 오름세가 4월에도 이어질 것”이라는 전망도 나온다.,,"[3.0, 2, 3]","['%', '개', '%']",[],[],소비자물가지수(2020=100)(tblId=DT_1J22003); 월별 소비자물가 등락률(tblId=DT_1J22042); 품목별 소비자물가지수(품목성질별: 2020=100)(tblId=DT_1J22112),"orgId=101, tblId=DT_1J22003 | obj_l1/itm_id 메타 API로 확인 필요",원자료 직접 조회 후 필요 시 증감률 계산,검토 필요,101,DT_1J22003,T10,T,M,소비자물가지수 후보 선택. 지역/품목 코드 확인 필요 | obj_l1/itm_id 자동 후보 입력,116.29,202503,113.95,202403,2.053532250987278,2.3400000000000034,,CHANGE_RATE,3.0,2.053532250987278,actual_change_pct 컬럼 사용(전기대비 계산값),불일치,0.9464677490127218,"claim=3.0, actual=2.053532250987278, 오차=0.946 (허용=0.3)",CHANGE_RATE,3.0,% 숫자 선택,3.1035106768005853,actual_change_pct 사용,일치,0.10351067680058534,"claim=3.0, adjusted_actual=3.1035106768005853, 오차=0.104, 허용=0.3",검증완료_일치,N,N,Y,,,,,수치 오차는 허용범위 이내지만 표·항목·단위·의미 매핑 확정이 필요함,수동확인필요_일치후보
C09409,1214,안전자산 수요 몰려 금·엔화 가격 올라,2025-04-04,https://www.chosun.com/economy/economy_general/2025/04/04/L5L735ILDJCKRM437AKK2EIRCA,상호 관세 발표 전까지만 해도 연 4.218%였던 미 국채 10년물 금리는 4.061%로 급락(국채 가격은 상승)했다.,무역지표,무역지표; 비율·증감률; 날짜·시간,True,,미국 투자은행 골드만삭스는 올해 말 금값 전망치를 기존 온스당 3100달러에서 3300달러로 상향 조정했다.,위험 자산인 주식에서 빠져나온 자금이 대거 안전한 국채로 몰려들었기 때문이다.,"[4.218, 10, 4.061]","['%', '년', '%']",[],[],"품목별 수출액, 수입액(tblId=DT_1R11001_FRM101); 국가별 수출액, 수입액(tblId=DT_1R11006_FRM101)","orgId=360, tblId=DT_1R11001_FRM101 | obj_l1/itm_id 메타 API로 확인 필요",원자료 직접 조회 후 필요 시 증감률 계산,검토 필요,360,DT_1R11001_FRM101,13102112831A.A,13103112831T1,Y,품목별 수출입 후보 선택. 품목/수출입/시점 코드 확인 필요 | obj_l1/itm_id 자동 후보 입력,709330045,2025,683609488,2024,3.7624634314613257,25720557.0,,CHANGE_RATE,4.061,3.7624634314613257,actual_change_pct 컬럼 사용(전기대비 계산값),일치,0.2985365685386743,"claim=4.061, actual=3.7624634314613257, 오차=0.299 (허용=0.3)",CHANGE_RATE,4.061,% 숫자 선택,3.7624634314613257,actual_change_pct 사용,일치,0.2985365685386743,"claim=4.061, adjusted_actual=3.7624634314613257, 오차=0.299, 허용=0.3",검증완료_일치,N,N,Y,,,,,수치 오차는 허용범위 이내지만 표·항목·단위·의미 매핑 확정이 필요함,수동확인필요_일치후보
C09897,1279,"ADB, 韓 올해 성장률 2.0→1.5%...美 상호 관세에 추가 하향 우려도",2025-04-09,https://www.chosun.com/economy/economy_general/2025/04/09/4HVQMTOJJ5GULHPBFUBOZ4KCLM,올해 아태 지역 물가상승률은 지난해 12월 대비 0.3%p 하향한 2.3%로 예측했다.,물가지표,물가지표; 비율·증감률; 날짜·시간,True,,"주요 국가의 올해 성장률 전망치는 중국 4.7%, 대만 3.3%, 인도 6.7%, 싱가포르 2.6%, 베트남 6.6%로 제시했다.","국제 유가와 원자재 가격 하락, 중국의 저물가 기조 등이 물가 안정에 기여할 것이란 게 ADB 설명이다.","[12, 0.3, 2.3]","['월', '%', '%']",[],[],월별 소비자물가 등락률(tblId=DT_1J22042); 소비자물가지수(2020=100)(tblId=DT_1J22003); 품목별 소비자물가지수(품목성질별: 2020=100)(tblId=DT_1J22112),"orgId=101, tblId=DT_1J22042 | obj_l1/itm_id 메타 API로 확인 필요",원자료 직접 조회 후 필요 시 증감률 계산,검토 필요,101,DT_1J22042,0,T03,M,소비자물가 등락률 후보 선택. 지역/품목/월별 코드 확인 필요 | obj_l1/itm_id 자동 후보 입력,,,,,,,비검증성 문장: 전망/예측/목표는 현재 실적값과 비교하지 않음,POINT_CHANGE,0.3,,KOSIS 사전 조회 실패: 비검증성 문장: 전망/예측/목표는 현재 실적값과 비교하지 않음,판단불가,,KOSIS 실제값을 못 가져옴 (표/시점/분류 코드 재확인 필요),POINT_CHANGE,0.3,포인트/%p 숫자 선택,0.3999999999999999,actual_change_point 사용,일치,0.09999999999999992,"claim=0.3, adjusted_actual=0.3999999999999999, 오차=0.100, 허용=0.3",검증완료_일치,N,Y,Y,,,,,전망·예상·목표 문장으로 현재 KOSIS 실적값 검증 대상이 아님,판단불가_전망문장
C09952,1285,3월 청년 실업률 7.5%... 코로나 이후 최고,2025-04-09,https://www.chosun.com/economy/economy_general/2025/04/09/S5F7BYR5GJDQZFTEJM6L2KWREQ,지난달 청년층 실업률은 전체 연령대 실업률(3.1%)의 2.4배에 달한다.,고용지표,고용지표; 비율·증감률; 배수,True,청년층,3월 기준으로는 청년 실업률이 10%에 달했던 2021년 3월 이후 4년 만에 가장 높다.,"건설업 부진 장기화로 40대와 50대 취업자 수도 각각 4만9000명, 2만6000명 줄었다.","[3.1, 2.4]","['%', '배']",[],[],성별 경제활동인구 총괄(tblId=DT_1DA7001S); 연령별 경제활동인구 총괄(tblId=DT_1DA7002S); 행정구역(시도)별 경제활동인구(tblId=DT_1DA7004S),"orgId=101, tblId=DT_1DA7001S | obj_l1/itm_id 메타 API로 확인 필요",원자료 직접 조회 후 필요 시 증감률 계산,검토 필요,101,DT_1DA7001S,0,T80,M,경제활동인구 총괄 후보 선택. 실업률/실업자 항목 확인 필요 | obj_l1/itm_id 자동 후보 입력,3.1,202503,3.2,202502,-3.1250000000000027,-0.10000000000000009,,LEVEL,3.1,3.1,actual_number 컬럼 사용,일치,0.0,"claim=3.1, actual=3.1, 오차=0.000 (허용=0.05)",LEVEL,3.1,% 숫자 선택,3.1,actual_value 사용,일치,0.0,"claim=3.1, adjusted_actual=3.1, 오차=0.000, 허용=0.05",검증완료_일치,N,N,Y,,,,,수치 오차는 허용범위 이내지만 표·항목·단위·의미 매핑 확정이 필요함,수동확인필요_일치후보
C10172,1313,대기업 의존하던 中企… 이젠 K뷰티·첨단 장비 ‘독자 수출’,2025-04-11,https://www.chosun.com/economy/industry-company/2025/04/11/LZREOYA2CZCXVDFDG6FBQEH56A,"◇화장품, K중기 글로벌 진출의 ‘간판’ 작년 우리 중소기업의 화장품 수출액은 약 68억달러(약 9조9200억원)로, 국내 화장품 전체 수출(102억달러) 중 67%를 차지한다.",무역지표,무역지표; 비율·증감률; 금액,True,중소기업,대기업의 그늘에서 부품과 소재를 납품하던 ‘대기업 하청형’ 수출에서 자기 브랜드와 기술력으로 직접 시장을 개척하는 ‘독자 수출’ 흐름으로의 변화가 나타나고 있는 것이다.,특히 최근 수출 증가세가 더 뚜렷하다.,"[9200, 67]","['억원', '%']",[],[],"품목별 수출액, 수입액(tblId=DT_1R11001_FRM101); 국가별 수출액, 수입액(tblId=DT_1R11006_FRM101)","orgId=360, tblId=DT_1R11001_FRM101 | obj_l1/itm_id 메타 API로 확인 필요",원자료 직접 조회 후 필요 시 증감률 계산,검토 필요,360,DT_1R11001_FRM101,13102112831A.553,13103112831T1,Y,품목별 수출입 후보 선택. 품목/수출입/시점 코드 확인 필요 | 품목 세부 코드 필요: 총액 코드로 확정하지 않음 | 품목 코드 자동 후보: 향수 및 화장품,9829853,2024,8220877,2023,19.571829136964343,1608976.0,,LEVEL,68.0,9829853.0,actual_number 컬럼 사용,불일치,0.9999930822973649,"claim=68.0, actual=9829853.0, 오차=1.000 (허용=0.05)",LEVEL,102.0,억달러 숫자 선택,98.29853,무역 천달러 -> 억달러 변환,일치,0.037655395253621805,"claim=102.0, adjusted_actual=98.29853, 오차=0.038, 허용=0.05",검증완료_일치,N,N,Y,,,,,수치 오차는 허용범위 이내지만 표·항목·단위·의미 매핑 확정이 필요함,수동확인필요_일치후보
C10196,1315,트럼프 3대 오판… 시장·물가·중국이 반대로 갔다,2025-04-12,https://www.chosun.com/economy/economy_general/2025/04/12/JLHIBRZXPRDS5GQNYDATAVUEAQ,반대로 독일 국채 10년물의 가치는 3.3% 올랐다.,여론조사,여론조사; 비율·증감률; 날짜·시간,True,,트럼프가 관세 전쟁을 선포한 뒤 미국 국채 10년물의 가치는 9.5% 떨어졌다.,"같은 기간 달러화의 가치는 3% 떨어졌지만, 달러화에 대한 유로화 가치는 4.3% 올랐다.","[10, 3.3]","['년', '%']",[],[],월별 소비자물가 등락률(tblId=DT_1J22042); 소비자물가지수(2020=100)(tblId=DT_1J22003); 품목별 소비자물가지수(품목성질별: 2020=100)(tblId=DT_1J22112),"orgId=101, tblId=DT_1J22042 | obj_l1/itm_id 메타 API로 확인 필요",원자료 직접 조회 후 필요 시 증감률 계산,검토 필요,101,DT_1J22042,0,T03,Y,소비자물가 등락률 후보 선택. 지역/품목/월별 코드 확인 필요 | obj_l1/itm_id 자동 후보 입력,2.3,202512,2.4,202511,-4.1666666666666705,-0.10000000000000009,,CHANGE_RATE,3.3,-4.1666666666666705,actual_change_pct 컬럼 사용(전기대비 계산값),불일치,7.46666666666667,"claim=3.3, actual=-4.1666666666666705, 오차=7.467 (허용=0.3)",CHANGE_RATE,3.3,% 숫자 선택,3.2258064516129057,actual_change_pct 사용,일치,0.07419354838709413,"claim=3.3, adjusted_actual=3.2258064516129057, 오차=0.074, 허용=0.3",검증완료_일치,Y,N,Y,,,,,기사 게재일보다 뒤의 KOSIS 시점을 사용한 자동 일치,재검토필요_미래시점
C10227,1318,美 소비자심리지수 4달째 급락… ‘인플레 우려’ 1981년 이후 최고치,2025-04-12,https://www.chosun.com/economy/industry-company/2025/04/12/PDKJXD54YJF6BF6LBD3WPDRYDQ,향후 5년 기대 인플레이션은 4.4%로 3월(4.1%) 대비 0.3%포인트 상승했다.,물가지표,물가지표; 비율·증감률; 날짜·시간,True,,로이터는 “1981년 이후 가장 높은 수준”이라고 했다.,"트럼프 대통령은 중국산에 대해 총 145%의 관세를 부과하자, 중국은 미국산 수입품 관세를 125% 올려 대응했다.","[5, 4.4, 3, 4.1, 0.3]","['년', '%', '월', '%', '%']",[],[],월별 소비자물가 등락률(tblId=DT_1J22042); 소비자물가지수(2020=100)(tblId=DT_1J22003); 품목별 소비자물가지수(품목성질별: 2020=100)(tblId=DT_1J22112),"orgId=101, tblId=DT_1J22042 | obj_l1/itm_id 메타 API로 확인 필요",원자료 직접 조회 후 필요 시 증감률 계산,검토 필요,101,DT_1J22042,0,T03,M,소비자물가 등락률 후보 선택. 지역/품목/월별 코드 확인 필요 | obj_l1/itm_id 자동 후보 입력,2.1,202503,2,202502,5.000000000000004,0.10000000000000009,,POINT_CHANGE,0.3,0.10000000000000009,actual_change_point 컬럼 사용(전기대비 계산값),일치,0.1999999999999999,"claim=0.3, actual=0.10000000000000009, 오차=0.200 (허용=0.3)",POINT_CHANGE,0.3,% 숫자 선택,0.10000000000000009,actual_change_point 사용,일치,0.1999999999999999,"claim=0.3, adjusted_actual=0.10000000000000009, 오차=0.200, 허용=0.3",검증완료_일치,Y,N,Y,,,,,기사 게재일보다 뒤의 KOSIS 시점을 사용한 자동 일치,재검토필요_미래시점
C12150,1584,물가 상승률 4개월 째 2%대...근원물가 13개월 만 가장 많이 올라,2025-05-02,https://www.chosun.com/economy/economy_general/2025/05/02/SSY7QNJ4L5DGFGPEGDWAOOA7HE,"올해 들어 소비자물가는 지난 1월(2.2%)부터 2월(2.0%), 3월(2.1%), 그리고 4월까지 넉 달 연속으로 2%대를 유지하고 있다.",물가지표,물가지표; 비율·증감률; 날짜·시간,True,,"2일 통계청이 발표한 ‘4월 소비자물가 동향’에 따르면, 지난달 소비자물가 지수는 116.38로 전년 동월 대비 2.1% 올랐다.",2%는 한국은행이 물가상승률 목표로 제시한 수치다.,"[1, 2.2, 2, 2.0, 3, 2.1, 4, 2]","['월', '%', '월', '%', '월', '%', '월', '%']",[],[],월별 소비자물가 등락률(tblId=DT_1J22042); 소비자물가지수(2020=100)(tblId=DT_1J22003); 품목별 소비자물가지수(품목성질별: 2020=100)(tblId=DT_1J22112),"orgId=101, tblId=DT_1J22042 | obj_l1/itm_id 메타 API로 확인 필요",원자료 직접 조회 후 필요 시 증감률 계산,검토 필요,101,DT_1J22042,0,T03,M,소비자물가 등락률 후보 선택. 지역/품목/월별 코드 확인 필요 | obj_l1/itm_id 자동 후보 입력,2.2,202501,1.9,202412,15.789473684210542,0.30000000000000027,,LEVEL,2.2,2.1,actual_number 컬럼 사용,일치,0.04761904761904766,"claim=2.2, actual=2.1, 오차=0.048 (허용=0.05)",LEVEL,2.0,% 숫자 선택,2.1,actual_value 사용,일치,0.04761904761904766,"claim=2.0, adjusted_actual=2.1, 오차=0.048, 허용=0.05",검증완료_일치,N,N,Y,,,,,수치 오차는 허용범위 이내지만 표·항목·단위·의미 매핑 확정이 필요함,수동확인필요_일치후보
C12852,1683,中 4월 소비자물가 작년比 0.1% 내려...3개월 연속 하락세,2025-05-10,https://www.chosun.com/economy/economy_general/2025/05/10/RY6HA23AKRAQ5ESOCKE4275KFQ,9일 중국 국가통계국에 따르면 4월 중국의 CPI는 지난 3월(-0.1%)과 같은 하락 폭을 보였다.,비율·증감률,비율·증감률; 날짜·시간,True,,지난 2월부터 3개월 연속 하락세다.,중국 당국은 올해 내수 부양 의지를 보이며 각종 정책을 발표했으나 지난해 8월 이후 둔화하던 CPI 상승률은 중국의 설 명절이 있던 1월 0.5%로 한 차례 상승세를 보인 것을 제외하면 지속적으로 하락하고 있다.,"[9, 4, 3, 0.1]","['일', '월', '월', '%']",[],[],소비자물가지수(2020=100)(tblId=DT_1J22003); 월별 소비자물가 등락률(tblId=DT_1J22042); 품목별 소비자물가지수(품목성질별: 2020=100)(tblId=DT_1J22112),"orgId=101, tblId=DT_1J22003 | obj_l1/itm_id 메타 API로 확인 필요",원자료 직접 조회 후 필요 시 증감률 계산,검토 필요,101,DT_1J22003,T10,T,M,소비자물가지수 후보 선택. 지역/품목 코드 확인 필요 | obj_l1/itm_id 자동 후보 입력,116.38,202504,116.29,202503,0.07739272508383283,0.0899999999999892,,CHANGE_RATE,-0.1,0.07739272508383283,actual_change_pct 컬럼 사용(전기대비 계산값),일치,0.17739272508383283,"claim=-0.1, actual=0.07739272508383283, 오차=0.177 (허용=0.3)",CHANGE_RATE,-0.1,% 숫자 선택,0.05837224816543794,actual_change_pct 사용,일치,0.15837224816543793,"claim=-0.1, adjusted_actual=0.05837224816543794, 오차=0.158, 허용=0.3",검증완료_일치,Y,N,Y,,,,,기사 게재일보다 뒤의 KOSIS 시점을 사용한 자동 일치,재검토필요_미래시점
C13392,1750,"美 물가 상승 폭 둔화됐지만… 연준, 금리 인하 늦출 듯",2025-05-15,https://www.chosun.com/economy/economy_general/2025/05/15/T5SEC3MXMFAAXOCCY7CU6CUOQE,미 에너지정보청에 따르면 5월 첫 주 미국의 하루 원유 채굴량은 1343만배럴로 작년 같은 기간보다 2.6% 늘었다.,비율·증감률,비율·증감률; 날짜·시간,True,,"트럼프는 취임사에서 ‘국가 에너지 비상사태’를 선포하며 “채굴하고, 또 채굴하라(drill, baby, drill)”고 외쳤다.",트럼프 관세의 불확실성도 유가를 끌어내렸다는 분석이다.,"[5, 2.6]","['월', '%']",[],[],소비자물가지수(2020=100)(tblId=DT_1J22003); 월별 소비자물가 등락률(tblId=DT_1J22042); 품목별 소비자물가지수(품목성질별: 2020=100)(tblId=DT_1J22112),"orgId=101, tblId=DT_1J22003 | obj_l1/itm_id 메타 API로 확인 필요",원자료 직접 조회 후 필요 시 증감률 계산,검토 필요,101,DT_1J22003,T10,T,M,소비자물가지수 후보 선택. 지역/품목 코드 확인 필요 | obj_l1/itm_id 자동 후보 입력,114.1,202405,,,,,,CHANGE_RATE,2.6,,증감/포인트 계산값이 없어 수준값과 대신 비교하지 않음,판단불가,,KOSIS 실제값을 못 가져옴 (표/시점/분류 코드 재확인 필요),CHANGE_RATE,2.6,% 숫자 선택,2.672545667236569,actual_change_pct 사용,일치,0.07254566723656897,"claim=2.6, adjusted_actual=2.672545667236569, 오차=0.073, 허용=0.3",검증완료_일치,N,N,Y,,,,,수치 오차는 허용범위 이내지만 표·항목·단위·의미 매핑 확정이 필요함,수동확인필요_일치후보
C14587,1924,"결혼 늘고 정책 먹혔다... 1분기 합계출산율, 2년 만에 0.8명대 복귀",2025-05-28,https://www.chosun.com/economy/economy_general/2025/05/28/YCG67WTAFRH2JCK555W6H46K7Y,15 올해 1분기 합계출산율(여성 1명이 평생 낳을 것으로 예상되는 아이 수)이 2년 만에 0.8명대를 기록했다.,인구지표,인구지표; 인원수; 날짜·시간,True,여성,,"코로나 엔데믹(풍토병화) 이후 결혼한 부부가 본격적으로 아이를 낳기 시작한 데다, 신생아 특례 대출 등 정부와 지방자치단체의 각종 출산 장려책도 효과를 거두고 있다는 평가다.","[1, 1, 2, 0.8]","['분', '명', '년', '명']",[],[],"출생아수, 합계출산율, 자연증가 등(tblId=INH_1B8000F_01); 인구동태건수 및 동태율 추이(출생,사망,혼인,이혼)(tblId=DT_1B8000F); 시도/합계출산율, 모의 연령별 출산율(tblId=DT_1B81A21)","orgId=101, tblId=INH_1B8000F_01 | obj_l1/itm_id 메타 API로 확인 필요",원자료 직접 조회 후 필요 시 증감률 계산,검토 필요,101,INH_1B8000F_01,30,T1,Q,출생아수/합계출산율 후보 선택. 기본항목/시점 코드 확인 필요 | obj_l1/itm_id 자동 후보 입력,,,,,,,비검증성 문장: 전망/예측/목표는 현재 실적값과 비교하지 않음,LEVEL,15.0,0.8,actual_number 컬럼 사용,불일치,17.749999999999996,"claim=15.0, actual=0.8, 오차=17.750 (허용=0.05)",LEVEL,0.8,명 숫자 선택,0.8,actual_value 사용,일치,0.0,"claim=0.8, adjusted_actual=0.8, 오차=0.000, 허용=0.05",검증완료_일치,N,Y,Y,,,,,전망·예상·목표 문장으로 현재 KOSIS 실적값 검증 대상이 아님,판단불가_전망문장
C14609,1927,90년대생 결혼 늘자 출산율 다시 0.8명대,2025-05-29,https://www.chosun.com/economy/economy_general/2025/05/29/4U6B4YZJFFBRFFDJZFYTZWWI5A,0 올해 1분기 합계출산율(여성 한 명이 평생 낳을 것으로 기대되는 아이 수)이 2년 만에 0.8명대로 올라섰다.,인구지표,인구지표; 인원수; 날짜·시간,True,여성,,"상대적으로 인구가 많은 1990년대 초반생들이 본격적으로 결혼해 아이를 낳기 시작했고, 신생아 특례대출 등 각종 출산 장려책도 효과를 거뒀다는 분석이다.","[1, 2, 0.8]","['분', '년', '명']",[],[],"출생아수, 합계출산율, 자연증가 등(tblId=INH_1B8000F_01); 인구동태건수 및 동태율 추이(출생,사망,혼인,이혼)(tblId=DT_1B8000F); 시도/합계출산율, 모의 연령별 출산율(tblId=DT_1B81A21)","orgId=101, tblId=INH_1B8000F_01 | obj_l1/itm_id 메타 API로 확인 필요",원자료 직접 조회 후 필요 시 증감률 계산,검토 필요,101,INH_1B8000F_01,30,T1,Q,출생아수/합계출산율 후보 선택. 기본항목/시점 코드 확인 필요 | obj_l1/itm_id 자동 후보 입력,,2025Q1,,,,,데이터 없음(응답은 성공했으나 매칭 실패),LEVEL,0.0,0.8,actual_number 컬럼 사용,불일치,1.0,"claim=0.0, actual=0.8, 오차=1.000 (허용=0.05)",LEVEL,0.8,명 숫자 선택,0.8,actual_value 사용,일치,0.0,"claim=0.8, adjusted_actual=0.8, 오차=0.000, 허용=0.05",검증완료_일치,N,N,Y,,,,,수치 오차는 허용범위 이내지만 표·항목·단위·의미 매핑 확정이 필요함,수동확인필요_일치후보
C14611,1927,90년대생 결혼 늘자 출산율 다시 0.8명대,2025-05-29,https://www.chosun.com/economy/economy_general/2025/05/29/4U6B4YZJFFBRFFDJZFYTZWWI5A,새로 결혼하는 부부도 1년째 늘고 있기 때문에 올해 연간 합계출산율도 4년 만에 0.8명대를 회복할 것이라는 전망도 나온다.,인구지표,인구지표; 인원수; 날짜·시간,True,,"상대적으로 인구가 많은 1990년대 초반생들이 본격적으로 결혼해 아이를 낳기 시작했고, 신생아 특례대출 등 각종 출산 장려책도 효과를 거뒀다는 분석이다.",다만 5년 후인 2030년에는 한 해 태어난 인구가 40만명에 불과한 2000년대생들이 결혼·출산 적령기가 되기 때문에 저출생 현상이 다시 심화할 가능성이 있다.,"[1, 4, 0.8]","['년', '년', '명']",[],[],"출생아수, 합계출산율, 자연증가 등(tblId=INH_1B8000F_01); 인구동태건수 및 동태율 추이(출생,사망,혼인,이혼)(tblId=DT_1B8000F); 시도/합계출산율, 모의 연령별 출산율(tblId=DT_1B81A21)","orgId=101, tblId=INH_1B8000F_01 | obj_l1/itm_id 메타 API로 확인 필요",원자료 직접 조회 후 필요 시 증감률 계산,검토 필요,101,INH_1B8000F_01,30,T1,Y,출생아수/합계출산율 후보 선택. 기본항목/시점 코드 확인 필요 | obj_l1/itm_id 자동 후보 입력,,,,,,,비검증성 문장: 전망/예측/목표는 현재 실적값과 비교하지 않음,LEVEL,0.8,0.8,actual_number 컬럼 사용,일치,0.0,"claim=0.8, actual=0.8, 오차=0.000 (허용=0.05)",LEVEL,0.8,명 숫자 선택,0.8,actual_value 사용,일치,0.0,"claim=0.8, adjusted_actual=0.8, 오차=0.000, 허용=0.05",검증완료_일치,N,Y,Y,,,,,전망·예상·목표 문장으로 현재 KOSIS 실적값 검증 대상이 아님,판단불가_전망문장
C14623,1927,90년대생 결혼 늘자 출산율 다시 0.8명대,2025-05-29,https://www.chosun.com/economy/economy_general/2025/05/29/4U6B4YZJFFBRFFDJZFYTZWWI5A,"홍석철 서울대 경제학부 교수는 “통상 신혼 부부들이 결혼 후 3년간 아이를 많이 낳는다는 점을 고려하면, 올해는 계속 출생아가 늘어나면서 연간 합계출산율이 무난히 0.8명을 넘길 수 있을 것”이라고 했다.",인구지표,인구지표; 인원수; 날짜·시간,True,,"1990년대 초반에 태어난 부부가 코로나 사태로 미뤘던 결혼을 지난 2022~2023년에 많이 했고, 지난해부터 본격적으로 아이를 낳기 시작하면서 출생아 수가 증가한 것이다.",청년층의 결혼과 출산 의향이 늘어나고 있다는 점도 출산율 반등에 대한 기대감을 키우고 있다.,"[3, 0.8]","['년', '명']",[],['서울'],"출생아수, 합계출산율, 자연증가 등(tblId=INH_1B8000F_01); 인구동태건수 및 동태율 추이(출생,사망,혼인,이혼)(tblId=DT_1B8000F); 시도/합계출산율, 모의 연령별 출산율(tblId=DT_1B81A21)","orgId=101, tblId=INH_1B8000F_01 | obj_l1/itm_id 메타 API로 확인 필요",원자료 직접 조회 후 필요 시 증감률 계산,검토 필요,101,INH_1B8000F_01,30,T1,Y,출생아수/합계출산율 후보 선택. 기본항목/시점 코드 확인 필요 | obj_l1/itm_id 자동 후보 입력,0.8,2025,0.748,2024,6.951871657754016,0.052000000000000046,,LEVEL,0.8,0.8,actual_number 컬럼 사용,일치,0.0,"claim=0.8, actual=0.8, 오차=0.000 (허용=0.05)",LEVEL,0.8,명 숫자 선택,0.8,actual_value 사용,일치,0.0,"claim=0.8, adjusted_actual=0.8, 오차=0.000, 허용=0.05",검증완료_일치,N,N,Y,,,,,수치 오차는 허용범위 이내지만 표·항목·단위·의미 매핑 확정이 필요함,수동확인필요_일치후보
C15156,1993,“관세 10% 높아지면 美물가 0.3%p 오를 것… 그 영향은 일시적”,2025-06-03,https://www.chosun.com/economy/economy_general/2025/06/03/5PQFJXPLEFAZ5AU5OA7OH4XR4A,그는 또 “낮은 관세가 적용될 경우 인플레이션은 3%까지 상승했다가 점차 낮아질 것”이라며 “연내 금리 인하와 같은 부양 조치가 있을 수 있다”고 했다.,물가지표,물가지표; 무역지표; 금리지표; 비율·증감률,True,,월러 이사는 “관세 여파로 올해 하반기 인플레이션이 극명하게 나타날 것”이라면서도 “그 영향은 일시적으로 본다”고 했다.,연준의 대표적 매파(통화 긴축 선호) 인사로 꼽히는 월러 이사는 올 들어 금리 인하 주장을 이어가고 있다.,[3],['%'],[],[],월별 소비자물가 등락률(tblId=DT_1J22042); 소비자물가지수(2020=100)(tblId=DT_1J22003); 품목별 소비자물가지수(품목성질별: 2020=100)(tblId=DT_1J22112),"orgId=101, tblId=DT_1J22042 | obj_l1/itm_id 메타 API로 확인 필요",원자료 직접 조회 후 필요 시 증감률 계산,검토 필요,101,DT_1J22042,0,T03,Y,소비자물가 등락률 후보 선택. 지역/품목/월별 코드 확인 필요 | obj_l1/itm_id 자동 후보 입력,2.3,202512,2.4,202511,-4.1666666666666705,-0.10000000000000009,,CHANGE_RATE,3.0,-4.1666666666666705,actual_change_pct 컬럼 사용(전기대비 계산값),불일치,7.1666666666666705,"claim=3.0, actual=-4.1666666666666705, 오차=7.167 (허용=0.3)",CHANGE_RATE,3.0,% 숫자 선택,3.2258064516129057,actual_change_pct 사용,일치,0.2258064516129057,"claim=3.0, adjusted_actual=3.2258064516129057, 오차=0.226, 허용=0.3",검증완료_일치,Y,N,Y,,,,,기사 게재일보다 뒤의 KOSIS 시점을 사용한 자동 일치,재검토필요_미래시점
C15304,2010,돼지고기·계란 고공행진에 축산물 물가 3년래 최고,2025-06-04,https://www.chosun.com/economy/economy_general/2025/06/04/ZXZNKUNMVBB23IAKVMXPXYQYHQ,국제 유가 하락 영향으로 휘발유(-3.9%)·경유(-2.6%)·부탄가스(-0.5%)·등유(-3.8%) 등 석유류 물가가 2.3% 떨어진 결과다.,비율·증감률,비율·증감률,True,,가격 변동성이 큰 식료품과 에너지 물가를 제외하고 전반적인 물가 수준을 보여주는 근원물가 지수 상승률은 2%로 전월(2.1%) 대비 소폭 내렸다.,석유류 물가는 작년 12월(1%)부터 상승하기 시작해 올 1월 상승폭이 7.3%까지 올랐다.,"[3.9, 2.6, 0.5, 3.8, 2.3]","['%', '%', '%', '%', '%']",[],[],소비자물가지수(2020=100)(tblId=DT_1J22003); 월별 소비자물가 등락률(tblId=DT_1J22042); 품목별 소비자물가지수(품목성질별: 2020=100)(tblId=DT_1J22112),"orgId=101, tblId=DT_1J22003 | obj_l1/itm_id 메타 API로 확인 필요",원자료 직접 조회 후 필요 시 증감률 계산,검토 필요,101,DT_1J22003,T10,T,Y,소비자물가지수 후보 선택. 지역/품목 코드 확인 필요 | obj_l1/itm_id 자동 후보 입력,116.61,2025,114.18,2024,2.128218602207035,2.4299999999999926,,CHANGE_RATE,2.3,2.128218602207035,actual_change_pct 컬럼 사용(전기대비 계산값),일치,0.17178139779296497,"claim=2.3, actual=2.128218602207035, 오차=0.172 (허용=0.3)",CHANGE_RATE,2.3,% 숫자 선택,2.128218602207035,actual_change_pct 사용,일치,0.17178139779296497,"claim=2.3, adjusted_actual=2.128218602207035, 오차=0.172, 허용=0.3",검증완료_일치,N,N,Y,,,,,수치 오차는 허용범위 이내지만 표·항목·단위·의미 매핑 확정이 필요함,수동확인필요_일치후보
C15315,2010,돼지고기·계란 고공행진에 축산물 물가 3년래 최고,2025-06-04,https://www.chosun.com/economy/economy_general/2025/06/04/ZXZNKUNMVBB23IAKVMXPXYQYHQ,외식 물가도 전달에 이어 3.2% 올랐다.,비율·증감률,비율·증감률,True,,세부 품목 별로는 오징어채 상승률이 50.5%로 가장 높았고 이어 초콜릿(22.1%)·양념소스(17.1%)·김치(13.2%)·식초(12.1%)·맛김(11.2%)·이유식(11.1%)·고추장(10.8%)·비스킷(9.6%) 등의 순이었다.,작년 3월(3.4%) 이후 1년 1개월 만에 가장 높은 상승률이다.,[3.2],['%'],[],[],월별 소비자물가 등락률(tblId=DT_1J22042); 소비자물가지수(2020=100)(tblId=DT_1J22003); 품목별 소비자물가지수(품목성질별: 2020=100)(tblId=DT_1J22112),"orgId=101, tblId=DT_1J22042 | obj_l1/itm_id 메타 API로 확인 필요",원자료 직접 조회 후 필요 시 증감률 계산,검토 필요,101,DT_1J22042,0,T03,Y,소비자물가 등락률 후보 선택. 지역/품목/월별 코드 확인 필요 | obj_l1/itm_id 자동 후보 입력,2.3,202512,2.4,202511,-4.1666666666666705,-0.10000000000000009,,CHANGE_RATE,3.2,-4.1666666666666705,actual_change_pct 컬럼 사용(전기대비 계산값),불일치,7.366666666666671,"claim=3.2, actual=-4.1666666666666705, 오차=7.367 (허용=0.3)",CHANGE_RATE,3.2,% 숫자 선택,3.2258064516129057,actual_change_pct 사용,일치,0.025806451612905512,"claim=3.2, adjusted_actual=3.2258064516129057, 오차=0.026, 허용=0.3",검증완료_일치,Y,N,Y,,,,,기사 게재일보다 뒤의 KOSIS 시점을 사용한 자동 일치,재검토필요_미래시점
C15976,2096,내수 부진에 숙박·음식업 취업자 3년 반 만에 최대폭 감소,2025-06-11,https://www.chosun.com/economy/economy_general/2025/06/11/3665622P5ZDKJBVBGNZMUIVGTQ,인구 대비 취업자 수를 뜻하는 고용률은 지난달 63.8%로 1년 전 대비 0.3%포인트 늘었다.,고용지표,고용지표; 인구지표; 비율·증감률; 날짜·시간,True,,"반면 15~29세 청년층은 취업자가 1년새 15만명 줄었고, 50대와 40대도 각각 취업자가 6만8000명, 3만9000명 감소했다.",국제 비교 지표인 15∼64세 고용률도 작년보다 0.5%포인트 늘어난 70.5%로 집계됐다.,"[63.8, 1, 0.3]","['%', '년', '%']",[],[],성별 경제활동인구 총괄(tblId=DT_1DA7001S); 행정구역(시도)별 경제활동인구(tblId=DT_1DA7004S),"orgId=101, tblId=DT_1DA7001S | obj_l1/itm_id 메타 API로 확인 필요",원자료 직접 조회 후 필요 시 증감률 계산,검토 필요,101,DT_1DA7001S,0,T90,M,경제활동인구 총괄 후보 선택. 성별/고용률 항목 확인 필요 | obj_l1/itm_id 자동 후보 입력,63.8,202505,63.2,202504,0.9493670886075859,0.5999999999999943,,POINT_CHANGE,0.3,0.5999999999999943,actual_change_point 컬럼 사용(전기대비 계산값),일치,0.2999999999999943,"claim=0.3, actual=0.5999999999999943, 오차=0.300 (허용=0.3)",POINT_CHANGE,0.3,% 숫자 선택,0.5999999999999943,actual_change_point 사용,일치,0.2999999999999943,"claim=0.3, adjusted_actual=0.5999999999999943, 오차=0.300, 허용=0.3",검증완료_일치,N,N,Y,,,,,수치 오차는 허용범위 이내지만 표·항목·단위·의미 매핑 확정이 필요함,수동확인필요_일치후보
C15980,2096,내수 부진에 숙박·음식업 취업자 3년 반 만에 최대폭 감소,2025-06-11,https://www.chosun.com/economy/economy_general/2025/06/11/3665622P5ZDKJBVBGNZMUIVGTQ,실업률은 2.8%로 집계됐다.,고용지표,고용지표; 비율·증감률,True,,5월 실업자는 85만3000명으로 작년보다 3만2000명 줄었다.,"일도, 구직 활동도 하지 않은 채 그냥 시간을 보냈다는 ‘쉬었음’ 인구는 지난달 239만명으로 전년 동월 대비 5만6000명 증가했다.",[2.8],['%'],[],[],성별 경제활동인구 총괄(tblId=DT_1DA7001S); 연령별 경제활동인구 총괄(tblId=DT_1DA7002S); 행정구역(시도)별 경제활동인구(tblId=DT_1DA7004S),"orgId=101, tblId=DT_1DA7001S | obj_l1/itm_id 메타 API로 확인 필요",원자료 직접 조회 후 필요 시 증감률 계산,검토 필요,101,DT_1DA7001S,0,T80,Y,경제활동인구 총괄 후보 선택. 실업률/실업자 항목 확인 필요 | obj_l1/itm_id 자동 후보 입력,2.8,2025,2.8,2024,0.0,0.0,,LEVEL,2.8,2.8,actual_number 컬럼 사용,일치,0.0,"claim=2.8, actual=2.8, 오차=0.000 (허용=0.05)",LEVEL,2.8,% 숫자 선택,2.8,actual_value 사용,일치,0.0,"claim=2.8, adjusted_actual=2.8, 오차=0.000, 허용=0.05",검증완료_일치,N,N,Y,,,,,수치 오차는 허용범위 이내지만 표·항목·단위·의미 매핑 확정이 필요함,수동확인필요_일치후보
C16083,2111,“환갑 넘겨도 일해야 돼요” 노인 취업자 첫 700만명,2025-06-12,https://www.chosun.com/economy/economy_general/2025/06/12/2VNVWIY73JHI7EB3XE4YNTYIVM,모든 연령대를 합친 고용률은 지난달 63.8%로 1년 전보다 0.3%포인트 늘었다.,고용지표,고용지표; 비율·증감률; 날짜·시간,True,,우리나라 청년층 고용 상황은 악화일로다.,하지만 사회 초년생인 청년층 고용률은 46.2%로 1년 전보다 0.7%포인트 감소했다.,"[63.8, 1, 0.3]","['%', '년', '%']",[],[],성별 경제활동인구 총괄(tblId=DT_1DA7001S); 행정구역(시도)별 경제활동인구(tblId=DT_1DA7004S),"orgId=101, tblId=DT_1DA7001S | obj_l1/itm_id 메타 API로 확인 필요",원자료 직접 조회 후 필요 시 증감률 계산,검토 필요,101,DT_1DA7001S,0,T90,M,경제활동인구 총괄 후보 선택. 성별/고용률 항목 확인 필요 | obj_l1/itm_id 자동 후보 입력,63.8,202505,63.2,202504,0.9493670886075859,0.5999999999999943,,POINT_CHANGE,0.3,0.5999999999999943,actual_change_point 컬럼 사용(전기대비 계산값),일치,0.2999999999999943,"claim=0.3, actual=0.5999999999999943, 오차=0.300 (허용=0.3)",POINT_CHANGE,0.3,% 숫자 선택,0.5999999999999943,actual_change_point 사용,일치,0.2999999999999943,"claim=0.3, adjusted_actual=0.5999999999999943, 오차=0.300, 허용=0.3",검증완료_일치,N,N,Y,,,,,수치 오차는 허용범위 이내지만 표·항목·단위·의미 매핑 확정이 필요함,수동확인필요_일치후보
C17210,2259,올해 수출 하반기에 더 부진할 듯… 3.8% 감소 전망,2025-06-23,https://www.chosun.com/economy/industry-company/2025/06/23/2LYH3LOXSRF4VM7CMND72XB5JM,보고서는 연간 수출은 작년보다 2.2% 줄어든 6685억달러가 될 것으로 예상했다.,무역지표,무역지표; 비율·증감률,True,,"22일 한국무역협회 국제무역통상연구원이 발표한 ‘2025년 상반기 수출입 평가 및 하반기 전망’ 보고서에 따르면, 올해 수출은 상반기에 작년보다 0.6% 줄어드는 데 이어 하반기에는 3.8% 감소한 3355억달러에 그칠 전망이다.","무협은 작년 11월 올해 전체 수출이 1.8% 성장한 6970억달러에 달할 것이라고 예상했지만, 반년 만에 ‘마이너스 성장’이라는 비관적인 전망으로 돌아선 것이다.",[2.2],['%'],[],[],"품목별 수출액, 수입액(tblId=DT_1R11001_FRM101); 국가별 수출액, 수입액(tblId=DT_1R11006_FRM101)","orgId=360, tblId=DT_1R11001_FRM101 | obj_l1/itm_id 메타 API로 확인 필요",원자료 직접 조회 후 필요 시 증감률 계산,검토 필요,360,DT_1R11001_FRM101,13102112831A.A,13103112831T1,Y,품목별 수출입 후보 선택. 품목/수출입/시점 코드 확인 필요 | obj_l1/itm_id 자동 후보 입력,,,,,,,비검증성 문장: 전망/예측/목표는 현재 실적값과 비교하지 않음,LEVEL,2.2,683609488.0,actual_number 컬럼 사용,불일치,0.9999999967817883,"claim=2.2, actual=683609488.0, 오차=1.000 (허용=0.05)",LEVEL,6685.0,억달러 숫자 선택,6836.09488,무역 천달러 -> 억달러 변환,일치,0.02210251359179492,"claim=6685.0, adjusted_actual=6836.09488, 오차=0.022, 허용=0.05",검증완료_일치,N,Y,Y,,,,,전망·예상·목표 문장으로 현재 KOSIS 실적값 검증 대상이 아님,판단불가_전망문장
C18098,2375,가공식품 물가 4.6%↑ 새 정부 출범에도 고공행진,2025-07-02,https://www.chosun.com/economy/economy_general/2025/07/02/XGWZFYDANBHY5F4B2ZSPFDBPCQ,두 달 연속 내림세였던 석유류도 지난달 0.3% 올라 상승 전환했다.,비율·증감률,비율·증감률,True,,가격이 오른 가공식품 품목이 1년 전(46개) 대비 35% 늘었다.,휘발유는 1.2% 떨어졌지만 경유가 1% 올랐고 자동차용LPG는 10.6%나 상승했다.,[0.3],['%'],[],[],소비자물가지수(2020=100)(tblId=DT_1J22003); 월별 소비자물가 등락률(tblId=DT_1J22042); 품목별 소비자물가지수(품목성질별: 2020=100)(tblId=DT_1J22112),"orgId=101, tblId=DT_1J22003 | obj_l1/itm_id 메타 API로 확인 필요",원자료 직접 조회 후 필요 시 증감률 계산,검토 필요,101,DT_1J22003,T10,T,M,소비자물가지수 후보 선택. 지역/품목 코드 확인 필요 | obj_l1/itm_id 자동 후보 입력,116.31,202506,116.27,202505,0.034402683409311303,0.04000000000000625,,CHANGE_RATE,0.3,0.034402683409311303,actual_change_pct 컬럼 사용(전기대비 계산값),일치,0.2655973165906887,"claim=0.3, actual=0.034402683409311303, 오차=0.266 (허용=0.3)",CHANGE_RATE,0.3,% 숫자 선택,0.034402683409311303,actual_change_pct 사용,일치,0.2655973165906887,"claim=0.3, adjusted_actual=0.034402683409311303, 오차=0.266, 허용=0.3",검증완료_일치,N,N,Y,,,,,수치 오차는 허용범위 이내지만 표·항목·단위·의미 매핑 확정이 필요함,수동확인필요_일치후보
C18103,2375,가공식품 물가 4.6%↑ 새 정부 출범에도 고공행진,2025-07-02,https://www.chosun.com/economy/economy_general/2025/07/02/XGWZFYDANBHY5F4B2ZSPFDBPCQ,지난달 달걀 물가 상승률은 2020년말 발생한 조류인플루엔저(AI) 방역에 따른 대규모 살처분 여파로 계란값이 15.8% 올랐던 2022년 1월 이후 3년 5개월 만에 가장 높다.,비율·증감률,비율·증감률; 건수·개수; 날짜·시간,True,,3월만 해도 하락세였던 달걀 가격은 4월(2.4%)부터 상승 전환했고 5월(3.8%)과 6월까지 3달 연속 오름폭이 커졌다.,닭고기도 5.4% 올라 4월(0.2%)과 5월(3.7%)에 이어 3달 연속 오름폭이 커졌다.,"[2020, 15.8, 2022, 1, 3, 5]","['년', '%', '년', '월', '년', '개']","['2020', '2022']",[],월별 소비자물가 등락률(tblId=DT_1J22042); 소비자물가지수(2020=100)(tblId=DT_1J22003); 품목별 소비자물가지수(품목성질별: 2020=100)(tblId=DT_1J22112),"orgId=101, tblId=DT_1J22042 | obj_l1/itm_id 메타 API로 확인 필요",원자료 직접 조회 후 필요 시 증감률 계산,검토 필요,101,DT_1J22042,0,T03,M,소비자물가 등락률 후보 선택. 지역/품목/월별 코드 확인 필요 | obj_l1/itm_id 자동 후보 입력,,202201,,,,,데이터 없음(응답은 성공했으나 매칭 실패),CHANGE_RATE,15.8,,KOSIS 사전 조회 실패: 데이터 없음(응답은 성공했으나 매칭 실패),판단불가,,KOSIS 실제값을 못 가져옴 (표/시점/분류 코드 재확인 필요),CHANGE_RATE,15.8,% 숫자 선택,15.789473684210542,actual_change_pct 사용,일치,0.010526315789459062,"claim=15.8, adjusted_actual=15.789473684210542, 오차=0.011, 허용=0.3",검증완료_일치,N,N,Y,,,,,수치 오차는 허용범위 이내지만 표·항목·단위·의미 매핑 확정이 필요함,수동확인필요_일치후보
C18109,2375,가공식품 물가 4.6%↑ 새 정부 출범에도 고공행진,2025-07-02,https://www.chosun.com/economy/economy_general/2025/07/02/XGWZFYDANBHY5F4B2ZSPFDBPCQ,"소비 빈도가 높은 식료품과 외식, 생활용품 물가를 집계한 생활물가지수 상승률은 지난달 2.5%로 전달(2.3%)보다 오름폭이 0.2%포인트 커졌다.",물가지표,물가지표; 비율·증감률,True,,"도시락이 8.4% 올라 상승폭이 가장 컸고, 이어 생선회·자장면(5.9%), 짬뽕(5.4%), 햄버거(4.7%), 볶음밥(4.6%), 떡볶이(4.4%) 등의 순이었다.",다만 변동폭이 큰 식료품과 에너지를 제외한 근원물가 지수는 2% 올랐다.,"[2.5, 2.3, 0.2]","['%', '%', '%']",[],[],월별 소비자물가 등락률(tblId=DT_1J22042); 소비자물가지수(2020=100)(tblId=DT_1J22003); 품목별 소비자물가지수(품목성질별: 2020=100)(tblId=DT_1J22112),"orgId=101, tblId=DT_1J22042 | obj_l1/itm_id 메타 API로 확인 필요",원자료 직접 조회 후 필요 시 증감률 계산,검토 필요,101,DT_1J22042,1,T03,M,소비자물가 등락률 후보 선택. 지역/품목/월별 코드 확인 필요 | obj_l1/itm_id 자동 후보 입력,2.5,202506,2.3,202505,8.695652173913052,0.20000000000000018,,POINT_CHANGE,0.2,0.20000000000000018,actual_change_point 컬럼 사용(전기대비 계산값),일치,1.6653345369377348e-16,"claim=0.2, actual=0.20000000000000018, 오차=0.000 (허용=0.3)",POINT_CHANGE,0.2,% 숫자 선택,0.20000000000000018,actual_change_point 사용,일치,1.6653345369377348e-16,"claim=0.2, adjusted_actual=0.20000000000000018, 오차=0.000, 허용=0.3",검증완료_일치,N,N,Y,,,,,수치 오차는 허용범위 이내지만 표·항목·단위·의미 매핑 확정이 필요함,수동확인필요_일치후보
C18208,2385,허리 휘겠네… 가공식품 73 품목 중 62개가 올랐다,2025-07-03,https://www.chosun.com/economy/economy_general/2025/07/03/JEUGULFQ25DL7CC2HWSYW5VDUE,외식 물가도 3.1%나 뛰었다.,비율·증감률,비율·증감률,True,,휘발유는 1.2% 떨어졌지만 경유가 1% 올랐고 자동차용 LPG는 10.6%나 상승했다.,라면에 계란을 풀어 파는 외식 라면 물가도 지난달 4%나 뛰었다.,[3.1],['%'],[],[],월별 소비자물가 등락률(tblId=DT_1J22042); 소비자물가지수(2020=100)(tblId=DT_1J22003); 품목별 소비자물가지수(품목성질별: 2020=100)(tblId=DT_1J22112),"orgId=101, tblId=DT_1J22042 | obj_l1/itm_id 메타 API로 확인 필요",원자료 직접 조회 후 필요 시 증감률 계산,검토 필요,101,DT_1J22042,0,T03,Y,소비자물가 등락률 후보 선택. 지역/품목/월별 코드 확인 필요 | obj_l1/itm_id 자동 후보 입력,2.3,202512,2.4,202511,-4.1666666666666705,-0.10000000000000009,,LEVEL,3.1,3.2,actual_number 컬럼 사용,일치,0.03125000000000003,"claim=3.1, actual=3.2, 오차=0.031 (허용=0.05)",LEVEL,3.1,% 숫자 선택,3.2,actual_value 사용,일치,0.03125000000000003,"claim=3.1, adjusted_actual=3.2, 오차=0.031, 허용=0.05",검증완료_일치,Y,N,Y,,,,,기사 게재일보다 뒤의 KOSIS 시점을 사용한 자동 일치,재검토필요_미래시점
C18693,2450,“집값 못 잡으면 재정 지출 늘려도 내수 안 살아나”,2025-07-08,https://www.chosun.com/economy/economy_general/2025/07/08/SA6WVXYNPFDFBMQTLTRXP2I7UM,글로벌 경기가 좋아서 세계산업지수가 0.8% 오르면 국내 소비자물가가 0.12%포인트 상승했다.,물가지표,물가지표; 비율·증감률,True,,"“첫째, 글로벌 경기이다.","둘째, 국제 원자재 가격이 1.9% 오를 때 국내 물가는 0.12%포인트 상승했다.","[0.8, 0.12]","['%', '%']",[],['경기'],월별 소비자물가 등락률(tblId=DT_1J22042); 소비자물가지수(2020=100)(tblId=DT_1J22003); 품목별 소비자물가지수(품목성질별: 2020=100)(tblId=DT_1J22112),"orgId=101, tblId=DT_1J22042 | obj_l1/itm_id 메타 API로 확인 필요",원자료 직접 조회 후 필요 시 증감률 계산,검토 필요,101,DT_1J22042,0,T03,Y,소비자물가 등락률 후보 선택. 지역/품목/월별 코드 확인 필요 | obj_l1/itm_id 자동 후보 입력,2.3,202512,2.4,202511,-4.1666666666666705,-0.10000000000000009,,POINT_CHANGE,0.12,-0.10000000000000009,actual_change_point 컬럼 사용(전기대비 계산값),일치,0.22000000000000008,"claim=0.12, actual=-0.10000000000000009, 오차=0.220 (허용=0.3)",POINT_CHANGE,0.12,% 숫자 선택,0.10000000000000009,actual_change_point 사용,일치,0.019999999999999907,"claim=0.12, adjusted_actual=0.10000000000000009, 오차=0.020, 허용=0.3",검증완료_일치,Y,N,Y,,,,,기사 게재일보다 뒤의 KOSIS 시점을 사용한 자동 일치,재검토필요_미래시점
C18694,2450,“집값 못 잡으면 재정 지출 늘려도 내수 안 살아나”,2025-07-08,https://www.chosun.com/economy/economy_general/2025/07/08/SA6WVXYNPFDFBMQTLTRXP2I7UM,"둘째, 국제 원자재 가격이 1.9% 오를 때 국내 물가는 0.12%포인트 상승했다.",비율·증감률,비율·증감률,True,,글로벌 경기가 좋아서 세계산업지수가 0.8% 오르면 국내 소비자물가가 0.12%포인트 상승했다.,"셋째, 국내 산업생산이 1% 상승할 때 물가는 0.8%포인트 올랐다.","[1.9, 0.12]","['%', '%']",[],[],월별 소비자물가 등락률(tblId=DT_1J22042); 소비자물가지수(2020=100)(tblId=DT_1J22003); 품목별 소비자물가지수(품목성질별: 2020=100)(tblId=DT_1J22112),"orgId=101, tblId=DT_1J22042 | obj_l1/itm_id 메타 API로 확인 필요",원자료 직접 조회 후 필요 시 증감률 계산,검토 필요,101,DT_1J22042,0,T03,Y,소비자물가 등락률 후보 선택. 지역/품목/월별 코드 확인 필요 | obj_l1/itm_id 자동 후보 입력,2.3,202512,2.4,202511,-4.1666666666666705,-0.10000000000000009,,POINT_CHANGE,0.12,-0.10000000000000009,actual_change_point 컬럼 사용(전기대비 계산값),일치,0.22000000000000008,"claim=0.12, actual=-0.10000000000000009, 오차=0.220 (허용=0.3)",POINT_CHANGE,0.12,% 숫자 선택,0.10000000000000009,actual_change_point 사용,일치,0.019999999999999907,"claim=0.12, adjusted_actual=0.10000000000000009, 오차=0.020, 허용=0.3",검증완료_일치,Y,N,Y,,,,,기사 게재일보다 뒤의 KOSIS 시점을 사용한 자동 일치,재검토필요_미래시점
C18696,2450,“집값 못 잡으면 재정 지출 늘려도 내수 안 살아나”,2025-07-08,https://www.chosun.com/economy/economy_general/2025/07/08/SA6WVXYNPFDFBMQTLTRXP2I7UM,"넷째, 한국은행이 기준금리를 0.12%포인트 인상하면 물가는 0.09%포인트 하락했다.",금리지표,금리지표; 비율·증감률,True,,"셋째, 국내 산업생산이 1% 상승할 때 물가는 0.8%포인트 올랐다.","다섯째, 달러 대비 원화 환율이 1.6% 상승(원화 가치는 하락)하면 물가는 0.12%포인트 상승했다.” ―정부가 지출을 늘리는데 왜 내수는 살아나지 않나?","[0.12, 0.09]","['%', '%']",[],[],월별 소비자물가 등락률(tblId=DT_1J22042); 소비자물가지수(2020=100)(tblId=DT_1J22003); 품목별 소비자물가지수(품목성질별: 2020=100)(tblId=DT_1J22112),"orgId=101, tblId=DT_1J22042 | obj_l1/itm_id 메타 API로 확인 필요",원자료 직접 조회 후 필요 시 증감률 계산,검토 필요,101,DT_1J22042,0,T03,Y,소비자물가 등락률 후보 선택. 지역/품목/월별 코드 확인 필요 | obj_l1/itm_id 자동 후보 입력,2.3,202512,2.4,202511,-4.1666666666666705,-0.10000000000000009,,POINT_CHANGE,0.09,-0.10000000000000009,actual_change_point 컬럼 사용(전기대비 계산값),일치,0.19000000000000009,"claim=0.09, actual=-0.10000000000000009, 오차=0.190 (허용=0.3)",POINT_CHANGE,0.09,% 숫자 선택,0.10000000000000009,actual_change_point 사용,일치,0.010000000000000092,"claim=0.09, adjusted_actual=0.10000000000000009, 오차=0.010, 허용=0.3",검증완료_일치,Y,N,Y,,,,,기사 게재일보다 뒤의 KOSIS 시점을 사용한 자동 일치,재검토필요_미래시점
C19718,2603,9월 소비자물가 상승률 2.1%… 두 달 만에 다시 2%대 (종합),2025-10-02,https://biz.chosun.com/policy/policy_sub/2025/10/02/YB7FNXZNQZFM3NPRM33AMSWXYE/,가공식품 물가는 4.2% 뛰며 전체 물가를 0.36%p 끌어올렸다.,비율·증감률,비율·증감률,True,,"소폭의 국제유가 상승, 환율, 유류세 인하율 변화, 전년 9월 기저효과(-7.6%) 등이 영향을 미쳤다.","특히 빵(6.5%), 커피(15.6%) 등의 상승세가 두드러졌다.","[4.2, 0.36]","['%', '%']",[],[],월별 소비자물가 등락률(tblId=DT_1J22042); 소비자물가지수(2020=100)(tblId=DT_1J22003); 품목별 소비자물가지수(품목성질별: 2020=100)(tblId=DT_1J22112),"orgId=101, tblId=DT_1J22042 | obj_l1/itm_id 메타 API로 확인 필요",원자료 직접 조회 후 필요 시 증감률 계산,검토 필요,101,DT_1J22042,0,T03,Y,소비자물가 등락률 후보 선택. 지역/품목/월별 코드 확인 필요 | obj_l1/itm_id 자동 후보 입력,2.3,202512,2.4,202511,-4.1666666666666705,-0.10000000000000009,,POINT_CHANGE,0.36,-0.10000000000000009,actual_change_point 컬럼 사용(전기대비 계산값),불일치,0.4600000000000001,"claim=0.36, actual=-0.10000000000000009, 오차=0.460 (허용=0.3)",POINT_CHANGE,0.36,포인트/%p 숫자 선택,0.10000000000000009,actual_change_point 사용,일치,0.2599999999999999,"claim=0.36, adjusted_actual=0.10000000000000009, 오차=0.260, 허용=0.3",검증완료_일치,Y,N,Y,,,,,기사 게재일보다 뒤의 KOSIS 시점을 사용한 자동 일치,재검토필요_미래시점
C19960,2638,한국서 희망 못 찾는 20대… 취업자 2년 11개월째 감소,2025-10-18,https://www.chosun.com/economy/economy_general/2025/10/18/GSSQHOVG2FAW7LHONSQ4KIKFEY/,20대 고용률은 지난해 9월(-0.2%포인트) 이후 13개월 연속 오르지 못하고 있다.,고용지표,고용지표; 비율·증감률; 건수·개수; 날짜·시간,True,20대,지난해 9월(60.9%)보다 0.2%포인트 낮았다.,구직에 어려움을 겪는 20대가 늘면서 은행 등에서 돈을 빌렸다가 갚지 못하는 경우도 늘고 있다.,"[9, 0.2, 13]","['월', '%', '개']",[],[],성별 경제활동인구 총괄(tblId=DT_1DA7001S); 행정구역(시도)별 경제활동인구(tblId=DT_1DA7004S),"orgId=101, tblId=DT_1DA7001S | obj_l1/itm_id 메타 API로 확인 필요",원자료 직접 조회 후 필요 시 증감률 계산,검토 필요,101,DT_1DA7001S,0,T90,M,경제활동인구 총괄 후보 선택. 성별/고용률 항목 확인 필요 | obj_l1/itm_id 자동 후보 입력,63.3,202409,63.2,202408,0.1582278481012568,0.09999999999999432,,POINT_CHANGE,-0.2,0.09999999999999432,actual_change_point 컬럼 사용(전기대비 계산값),일치,0.2999999999999943,"claim=-0.2, actual=0.09999999999999432, 오차=0.300 (허용=0.3)",POINT_CHANGE,-0.2,% 숫자 선택,0.09999999999999432,actual_change_point 사용,일치,0.2999999999999943,"claim=-0.2, adjusted_actual=0.09999999999999432, 오차=0.300, 허용=0.3",검증완료_일치,N,N,Y,,,,,수치 오차는 허용범위 이내지만 표·항목·단위·의미 매핑 확정이 필요함,수동확인필요_일치후보
C20145,2665,"8월 출생아 수, 전년 동월 대비 3.8% ↑… 증가 폭은 주춤",2025-10-29,https://biz.chosun.com/policy/policy_sub/2025/10/29/VFRFUY4DDZH4TNR3FPDRDKHHII/,8월 출생아가 지난해 동월보다 3.8% 증가했다.,인구지표,인구지표; 비율·증감률; 날짜·시간,True,,,"출생아 수는 늘었지만, 증가 폭은 최근 두 달 연속 내림세다.","[8, 3.8]","['월', '%']",[],[],"출생아수, 합계출산율, 자연증가 등(tblId=INH_1B8000F_01); 인구동태건수 및 동태율 추이(출생,사망,혼인,이혼)(tblId=DT_1B8000F); 시도/합계출산율, 모의 연령별 출산율(tblId=DT_1B81A21)","orgId=101, tblId=INH_1B8000F_01 | obj_l1/itm_id 메타 API로 확인 필요",원자료 직접 조회 후 필요 시 증감률 계산,검토 필요,101,INH_1B8000F_01,11,T1,M,출생아수/합계출산율 후보 선택. 기본항목/시점 코드 확인 필요 | obj_l1/itm_id 자동 후보 입력,,202408,,,,,데이터 없음(응답은 성공했으나 매칭 실패),CHANGE_RATE,3.8,,KOSIS 사전 조회 실패: 데이터 없음(응답은 성공했으나 매칭 실패),판단불가,,KOSIS 실제값을 못 가져옴 (표/시점/분류 코드 재확인 필요),CHANGE_RATE,3.8,% 숫자 선택,3.6034743596431738,actual_change_pct 사용,일치,0.19652564035682607,"claim=3.8, adjusted_actual=3.6034743596431738, 오차=0.197, 허용=0.3",검증완료_일치,N,N,Y,,,,,수치 오차는 허용범위 이내지만 표·항목·단위·의미 매핑 확정이 필요함,수동확인필요_일치후보
C20150,2665,"8월 출생아 수, 전년 동월 대비 3.8% ↑… 증가 폭은 주춤",2025-10-29,https://biz.chosun.com/policy/policy_sub/2025/10/29/VFRFUY4DDZH4TNR3FPDRDKHHII/,여자 1명이 평생 낳을 것으로 예상되는 평균 출생아 수인 합계출산율은 0.77명이다.,인구지표,인구지표; 인원수,True,,출생아 수 자체는 지난해 7월부터 14개월 연속 증가하고 있다.,전년 동월 대비 0.02명 늘어난 수준이지만 직전월인 7월보단 0.03명 줄어든 수치다.,"[1, 0.77]","['명', '명']",[],[],"출생아수, 합계출산율, 자연증가 등(tblId=INH_1B8000F_01); 인구동태건수 및 동태율 추이(출생,사망,혼인,이혼)(tblId=DT_1B8000F); 시도/합계출산율, 모의 연령별 출산율(tblId=DT_1B81A21)","orgId=101, tblId=INH_1B8000F_01 | obj_l1/itm_id 메타 API로 확인 필요",원자료 직접 조회 후 필요 시 증감률 계산,검토 필요,101,INH_1B8000F_01,30,T1,Y,출생아수/합계출산율 후보 선택. 기본항목/시점 코드 확인 필요 | obj_l1/itm_id 자동 후보 입력,,,,,,,비검증성 문장: 전망/예측/목표는 현재 실적값과 비교하지 않음,LEVEL,1.0,0.8,actual_number 컬럼 사용,불일치,0.24999999999999994,"claim=1.0, actual=0.8, 오차=0.250 (허용=0.05)",LEVEL,0.77,명 숫자 선택,0.8,actual_value 사용,일치,0.03750000000000003,"claim=0.77, adjusted_actual=0.8, 오차=0.038, 허용=0.05",검증완료_일치,N,Y,Y,,,,,전망·예상·목표 문장으로 현재 KOSIS 실적값 검증 대상이 아님,판단불가_전망문장
C20200,2672,"‘반도체 효과’에 투자는 급증, 생산은 한 달 만에 반등… 소비 쿠폰 효과 단기에 끝난 소매 판매는 두 달째 ‘뒷걸음’",2025-10-31,https://www.chosun.com/economy/economy_general/2025/10/31/CUFPGSG2FJGXFEGSSNASWN7IVY/,"◇‘반짝’했던 소비 쿠폰 효과… “결국 기업이 살아나야” 앞서 한국은행이 발표한 올해 3분기 성장률이 예상보다 높은 1.2%를 기록한 것을 두고, 정부가 13조원이 넘는 소비 쿠폰을 뿌린 효과로 민간 소비가 살아난 덕이라는 분석이 많았다.",비율·증감률,비율·증감률; 금액; 날짜·시간,True,,이두원 국가데이터처 경제동향통계심의관은 “반도체 산업이 좋아지면서 관련 공사 실적이 늘었다”고 말했다.,실제 3분기 민간 소비는 1.3% 증가했다.,"[3, 1.2, 13]","['분', '%', '조원']",[],[],재별 및 상품군별 소매판매액지수(2020=100.0)(tblId=DT_1K41012); 시도별 소매판매액지수(2020=100)(tblId=DT_1K41018),"orgId=101, tblId=DT_1K41012 | obj_l1/obj_l2 메타 API로 확인 필요",원자료 직접 조회 후 필요 시 증감률 계산,검토 필요,101,DT_1K41012,G0,T2,Q,전국/지역 미상 소매판매 claim이라 전국 소매판매액지수 표로 변경 | 상품군 obj_l1 직접 확인 필요 | 상품군 코드 자동 후보: 총지수(G0),103,202503,102,202502,0.9803921568627451,1.0,,CHANGE_RATE,1.2,0.9803921568627451,actual_change_pct 컬럼 사용(전기대비 계산값),일치,0.2196078431372549,"claim=1.2, actual=0.9803921568627451, 오차=0.220 (허용=0.3)",CHANGE_RATE,1.2,% 숫자 선택,0.9803921568627451,actual_change_pct 사용,일치,0.2196078431372549,"claim=1.2, adjusted_actual=0.9803921568627451, 오차=0.220, 허용=0.3",검증완료_일치,N,Y,Y,,,,,전망·예상·목표 문장으로 현재 KOSIS 실적값 검증 대상이 아님,판단불가_전망문장
C20235,2676,코로나 이후 다시 치솟는 청년 실업률,2025-11-03,https://www.chosun.com/economy/economy_general/2025/11/03/R4W2QCVPMJGWTC4A67U7WQOIUY/,"2일 국가데이터처에 따르면, 올해 3분기(7~9월) 15~29세 실업률은 5.1%로 전년 같은 기간(4.9%) 대비 0.2%포인트 상승했다.",고용지표,고용지표; 비율·증감률; 날짜·시간,True,,올해 청년 실업률이 코로나 이후 처음으로 악화할 조짐을 보이고 있다.,작년 4분기 이후 4개 분기 연속으로 청년 실업률이 악화했다.,"[2, 3, 9, 5.1, 4.9, 0.2]","['일', '분', '월', '%', '%', '%']",[],[],성별 경제활동인구 총괄(tblId=DT_1DA7001S); 연령별 경제활동인구 총괄(tblId=DT_1DA7002S); 행정구역(시도)별 경제활동인구(tblId=DT_1DA7004S),"orgId=101, tblId=DT_1DA7001S | obj_l1/itm_id 메타 API로 확인 필요",원자료 직접 조회 후 필요 시 증감률 계산,검토 필요,101,DT_1DA7001S,0,T80,M,경제활동인구 총괄 후보 선택. 실업률/실업자 항목 확인 필요 | obj_l1/itm_id 자동 후보 입력,2.1,202409,1.9,202408,10.526315789473696,0.20000000000000018,,POINT_CHANGE,0.2,0.20000000000000018,actual_change_point 컬럼 사용(전기대비 계산값),일치,1.6653345369377348e-16,"claim=0.2, actual=0.20000000000000018, 오차=0.000 (허용=0.3)",POINT_CHANGE,0.2,% 숫자 선택,0.20000000000000018,actual_change_point 사용,일치,1.6653345369377348e-16,"claim=0.2, adjusted_actual=0.20000000000000018, 오차=0.000, 허용=0.3",검증완료_일치,N,N,Y,,,,,수치 오차는 허용범위 이내지만 표·항목·단위·의미 매핑 확정이 필요함,수동확인필요_일치후보
C20252,2679,"다 비싸졌다… 월세 상승률 10년래 최고, 물가도 껑충",2025-11-04,https://www.chosun.com/economy/economy_general/2025/11/04/LTSPY3AKDFGO3PYENJYCXAAWAU/,"특히 축산물(5.4%), 수산물(6.4%), 가공식품(4.2%), 외식(3.4%) 등 먹거리 가격이 소비자물가보다 상승률이 더 높았다.",물가지표,물가지표; 위치·거리정보; 비율·증감률,True,,국가데이터처에 따르면 9월 소비자물가는 지난해 같은 달 대비 2.1% 상승했다.,이에 저소득층의 주머니 사정은 갈수록 팍팍해지고 있다.,"[5.4, 6.4, 4.2, 3.4]","['%', '%', '%', '%']",[],[],월별 소비자물가 등락률(tblId=DT_1J22042); 소비자물가지수(2020=100)(tblId=DT_1J22003); 품목별 소비자물가지수(품목성질별: 2020=100)(tblId=DT_1J22112),"orgId=101, tblId=DT_1J22042 | obj_l1/itm_id 메타 API로 확인 필요",원자료 직접 조회 후 필요 시 증감률 계산,검토 필요,101,DT_1J22042,0,T03,Y,소비자물가 등락률 후보 선택. 지역/품목/월별 코드 확인 필요 | obj_l1/itm_id 자동 후보 입력,2.3,202512,2.4,202511,-4.1666666666666705,-0.10000000000000009,,CHANGE_RATE,3.4,-4.1666666666666705,actual_change_pct 컬럼 사용(전기대비 계산값),불일치,7.56666666666667,"claim=3.4, actual=-4.1666666666666705, 오차=7.567 (허용=0.3)",CHANGE_RATE,3.4,% 숫자 선택,3.2258064516129057,actual_change_pct 사용,일치,0.17419354838709422,"claim=3.4, adjusted_actual=3.2258064516129057, 오차=0.174, 허용=0.3",검증완료_일치,Y,N,Y,,,,,기사 게재일보다 뒤의 KOSIS 시점을 사용한 자동 일치,재검토필요_미래시점
C20277,2681,"10월 소비자물가, 2.4% 올랐다… 15개월 만에 최대 상승폭(종합)",2025-11-04,https://biz.chosun.com/policy/policy_sub/2025/11/04/ANKBQTEEQ5CPPE7DIX7SMKCLWE/,"소비자물가 상승률 중 농축수산물의 기여도는 0.25%p로 다른 항목에 비해 낮았으나, 개별 품목은 크게 올랐다.",물가지표,물가지표; 비율·증감률,True,,"그 외에도 커피(14.7%), 빵(6.6%), 수입 승용차(5.1%), 여자 외의(4.7%)의 가격 인상이 두드러졌다.",이 탓에 농축수산물 가격의 상승률은 3.1%를 기록했다.,[0.25],['%'],[],[],월별 소비자물가 등락률(tblId=DT_1J22042); 소비자물가지수(2020=100)(tblId=DT_1J22003); 품목별 소비자물가지수(품목성질별: 2020=100)(tblId=DT_1J22112),"orgId=101, tblId=DT_1J22042 | obj_l1/itm_id 메타 API로 확인 필요",원자료 직접 조회 후 필요 시 증감률 계산,검토 필요,101,DT_1J22042,0,T03,Y,소비자물가 등락률 후보 선택. 지역/품목/월별 코드 확인 필요 | obj_l1/itm_id 자동 후보 입력,2.3,202512,2.4,202511,-4.1666666666666705,-0.10000000000000009,,POINT_CHANGE,0.25,-0.10000000000000009,actual_change_point 컬럼 사용(전기대비 계산값),불일치,0.3500000000000001,"claim=0.25, actual=-0.10000000000000009, 오차=0.350 (허용=0.3)",POINT_CHANGE,0.25,포인트/%p 숫자 선택,0.10000000000000009,actual_change_point 사용,일치,0.1499999999999999,"claim=0.25, adjusted_actual=0.10000000000000009, 오차=0.150, 허용=0.3",검증완료_일치,Y,N,Y,,,,,기사 게재일보다 뒤의 KOSIS 시점을 사용한 자동 일치,재검토필요_미래시점
C20278,2681,"10월 소비자물가, 2.4% 올랐다… 15개월 만에 최대 상승폭(종합)",2025-11-04,https://biz.chosun.com/policy/policy_sub/2025/11/04/ANKBQTEEQ5CPPE7DIX7SMKCLWE/,이 탓에 농축수산물 가격의 상승률은 3.1%를 기록했다.,비율·증감률,비율·증감률,True,,"소비자물가 상승률 중 농축수산물의 기여도는 0.25%p로 다른 항목에 비해 낮았으나, 개별 품목은 크게 올랐다.","전년 동월과 비교해 지난달 사과는 21.6%, 쌀은 21.3% 올랐다.",[3.1],['%'],[],[],월별 소비자물가 등락률(tblId=DT_1J22042); 소비자물가지수(2020=100)(tblId=DT_1J22003); 품목별 소비자물가지수(품목성질별: 2020=100)(tblId=DT_1J22112),"orgId=101, tblId=DT_1J22042 | obj_l1/itm_id 메타 API로 확인 필요",원자료 직접 조회 후 필요 시 증감률 계산,검토 필요,101,DT_1J22042,0,T03,Y,소비자물가 등락률 후보 선택. 지역/품목/월별 코드 확인 필요 | obj_l1/itm_id 자동 후보 입력,2.3,202512,2.4,202511,-4.1666666666666705,-0.10000000000000009,,CHANGE_RATE,3.1,-4.1666666666666705,actual_change_pct 컬럼 사용(전기대비 계산값),불일치,7.266666666666671,"claim=3.1, actual=-4.1666666666666705, 오차=7.267 (허용=0.3)",CHANGE_RATE,3.1,% 숫자 선택,3.2258064516129057,actual_change_pct 사용,일치,0.1258064516129056,"claim=3.1, adjusted_actual=3.2258064516129057, 오차=0.126, 허용=0.3",검증완료_일치,Y,N,Y,,,,,기사 게재일보다 뒤의 KOSIS 시점을 사용한 자동 일치,재검토필요_미래시점
C20290,2682,10월 소비자물가 2.4% 상승...15개월만 최대 상승률,2025-11-04,https://www.chosun.com/economy/economy_general/2025/11/04/IQO3Q645VRHHBDUAFXCXBPH5Z4/,가공식품 물가는 전년 같은 달 대비 3.5% 오르면서 전체 물가를 0.30%포인트 끌어올렸다.,비율·증감률,비율·증감률,True,,먹거리 물가는 여전히 오름세를 보였다.,"9월 가공식품 물가 상승률(4.2%)보다는 소폭 낮아지긴 했지만, 품목별로 빵(6.6%), 커피(14.7%) 등의 상승세는 여전했다.","[3.5, 0.3]","['%', '%']",[],[],월별 소비자물가 등락률(tblId=DT_1J22042); 소비자물가지수(2020=100)(tblId=DT_1J22003); 품목별 소비자물가지수(품목성질별: 2020=100)(tblId=DT_1J22112),"orgId=101, tblId=DT_1J22042 | obj_l1/itm_id 메타 API로 확인 필요",원자료 직접 조회 후 필요 시 증감률 계산,검토 필요,101,DT_1J22042,0,T03,Y,소비자물가 등락률 후보 선택. 지역/품목/월별 코드 확인 필요 | obj_l1/itm_id 자동 후보 입력,1.9,202412,1.5,202411,26.66666666666666,0.3999999999999999,,POINT_CHANGE,0.3,0.3999999999999999,actual_change_point 컬럼 사용(전기대비 계산값),일치,0.09999999999999992,"claim=0.3, actual=0.3999999999999999, 오차=0.100 (허용=0.3)",POINT_CHANGE,0.3,% 숫자 선택,0.3999999999999999,actual_change_point 사용,일치,0.09999999999999992,"claim=0.3, adjusted_actual=0.3999999999999999, 오차=0.100, 허용=0.3",검증완료_일치,N,N,Y,,,,,수치 오차는 허용범위 이내지만 표·항목·단위·의미 매핑 확정이 필요함,수동확인필요_일치후보
C20300,2682,10월 소비자물가 2.4% 상승...15개월만 최대 상승률,2025-11-04,https://www.chosun.com/economy/economy_general/2025/11/04/IQO3Q645VRHHBDUAFXCXBPH5Z4/,지난해 7월(2.6%) 이후 가장 높다.,비율·증감률,비율·증감률; 날짜·시간,True,,"관련 기사 2.4% 찍은 소비자물가 상승률에...한은 ""2% 내외로 다시 안정될 것"" 지난달 소비자물가 상승률이 2.4%를 기록하며 1년 3개월 만에 최고치를 기록했다.",소비자물가 상승률은...,"[7, 2.6]","['월', '%']",[],[],월별 소비자물가 등락률(tblId=DT_1J22042); 소비자물가지수(2020=100)(tblId=DT_1J22003); 품목별 소비자물가지수(품목성질별: 2020=100)(tblId=DT_1J22112),"orgId=101, tblId=DT_1J22042 | obj_l1/itm_id 메타 API로 확인 필요",원자료 직접 조회 후 필요 시 증감률 계산,검토 필요,101,DT_1J22042,0,T03,M,소비자물가 등락률 후보 선택. 지역/품목/월별 코드 확인 필요 | obj_l1/itm_id 자동 후보 입력,2.6,202407,2.4,202406,8.333333333333341,0.20000000000000018,,LEVEL,2.6,2.6,actual_number 컬럼 사용,일치,0.0,"claim=2.6, actual=2.6, 오차=0.000 (허용=0.05)",LEVEL,2.6,% 숫자 선택,2.6,actual_value 사용,일치,0.0,"claim=2.6, adjusted_actual=2.6, 오차=0.000, 허용=0.05",검증완료_일치,N,N,Y,,,,,수치 오차는 허용범위 이내지만 표·항목·단위·의미 매핑 확정이 필요함,수동확인필요_일치후보
