claim_id,article_id,title,date,url,claim_text,metric,metric_all,is_claim,population,prev_sentence,next_sentence,numbers,units,year,region,candidate_kosis_table,api_params,calculation,verifiable,org_id,tbl_id,obj_l1,itm_id,prd_se,reviewer_note,actual_value,actual_period,actual_prev_value,actual_prev_period,actual_change_pct,actual_change_point,api_error,claim_type,claim_number,actual_number,actual_source,verdict,diff,judge_note,refined_claim_type,refined_claim_number,refined_claim_number_reason,refined_actual_number,refined_actual_reason,refined_verdict,refined_diff,refined_judge_note,refined_final_status,audit_future_period,audit_forecast_or_target,audit_mapping_unconfirmed,rerun_actual_period,rerun_actual_value,rerun_verdict,rerun_api_error,audit_reason,audit_status,manual_decision,manual_final_status,manual_mapping_reason,manual_kosis_evidence,manual_checked_at,obj_l2,remap_decision,remap_final_status,remap_reason,remap_kosis_evidence,verification_method,aggregation_rule,remap_checked_at,expansion_no,expansion_batch,expansion_domain,expansion_decision,expansion_final_status,expansion_api_success,expansion_verdict,unavailable_category,unavailable_category_reason,expansion_org_id,expansion_tbl_id,expansion_obj_l1,expansion_obj_l2,expansion_itm_id,expansion_prd_se,expansion_target_number,expansion_target_period,expansion_prev_period,expansion_mapping_note,expansion_actual_number,expansion_current_value,expansion_previous_value,expansion_unit,expansion_evidence,expansion_api_error
C20296,2682,10월 소비자물가 2.4% 상승...15개월만 최대 상승률,2025-11-04,https://www.chosun.com/economy/economy_general/2025/11/04/IQO3Q645VRHHBDUAFXCXBPH5Z4/,사람들이 자주 구매하는 품목 위주로 구성돼 체감물가에 가까운 생활물가지수는 2.5% 올라 9월과 상승 폭이 같았다.,물가지표,물가지표; 비율·증감률; 날짜·시간,True,,"배추(-34.5%), 무(-40.5%) 등은 마이너스 물가 상승률을 보였지만, 쌀(21.3%), 사과(21.6%), 달걀(6.9%) 등은 여전히 전체 물가 상승률을 크게 웃돌았다.",어류·조개류가 속한 신선어개·채소·과실 등 기상 조건에 따라 가격 변동이 큰 품목으로 구성된 신선식품지수는 0.8% 하락했다.,"[2.5, 9]","['%', '월']",[],[],월별 소비자물가 등락률(tblId=DT_1J22042); 소비자물가지수(2020=100)(tblId=DT_1J22003); 품목별 소비자물가지수(품목성질별: 2020=100)(tblId=DT_1J22112),"orgId=101, tblId=DT_1J22042 | obj_l1/itm_id 메타 API로 확인 필요",원자료 직접 조회 후 필요 시 증감률 계산,검토 필요,101,DT_1J22042,1,T03,M,소비자물가 등락률 후보 선택. 지역/품목/월별 코드 확인 필요 | obj_l1/itm_id 자동 후보 입력,3.4,202606,3.3,202605,3.030303030303033,0.10000000000000009,,CHANGE_RATE,2.5,3.030303030303033,actual_change_pct 컬럼 사용(전기대비 계산값),불일치,0.5303030303030329,"claim=2.5, actual=3.030303030303033, 오차=0.530 (허용=0.3)",CHANGE_RATE,2.5,% 숫자 선택,3.030303030303033,actual_change_pct 사용,불일치,0.5303030303030329,"claim=2.5, adjusted_actual=3.030303030303033, 오차=0.530, 허용=0.3",재검토필요_증감률불일치,N,N,N,,,,,기존 재검토/판단불가 상태 유지,재검토필요_증감률불일치,,,,,,,,,,,,,,1601,9,물가,수동검토유지,재검토필요_증감률불일치,N/A,,,,,,,,,,,,,,,,,,,
C20297,2682,10월 소비자물가 2.4% 상승...15개월만 최대 상승률,2025-11-04,https://www.chosun.com/economy/economy_general/2025/11/04/IQO3Q645VRHHBDUAFXCXBPH5Z4/,어류·조개류가 속한 신선어개·채소·과실 등 기상 조건에 따라 가격 변동이 큰 품목으로 구성된 신선식품지수는 0.8% 하락했다.,비율·증감률,비율·증감률,True,,사람들이 자주 구매하는 품목 위주로 구성돼 체감물가에 가까운 생활물가지수는 2.5% 올라 9월과 상승 폭이 같았다.,국제유가 상승세로 석유류 물가는 4.8% 상승하면서 지난 2월(6.3%) 이후 가장 높은 상승 폭을 보였다.,[0.8],['%'],[],[],월별 소비자물가 등락률(tblId=DT_1J22042); 소비자물가지수(2020=100)(tblId=DT_1J22003); 품목별 소비자물가지수(품목성질별: 2020=100)(tblId=DT_1J22112),"orgId=101, tblId=DT_1J22042 | obj_l1/itm_id 메타 API로 확인 필요",원자료 직접 조회 후 필요 시 증감률 계산,검토 필요,101,DT_1J22042,2,T03,Y,소비자물가 등락률 후보 선택. 지역/품목/월별 코드 확인 필요 | obj_l1/itm_id 자동 후보 입력,0.4,202606,-1.4,202605,-128.57142857142856,1.7999999999999998,,CHANGE_RATE,0.8,-128.57142857142856,actual_change_pct 컬럼 사용(전기대비 계산값),불일치,129.37142857142857,"claim=0.8, actual=-128.57142857142856, 오차=129.371 (허용=0.3)",CHANGE_RATE,0.8,% 숫자 선택,-128.57142857142856,actual_change_pct 사용,불일치,129.37142857142857,"claim=0.8, adjusted_actual=-128.57142857142856, 오차=129.371, 허용=0.3",재검토필요_증감률불일치,N,N,N,,,,,기존 재검토/판단불가 상태 유지,재검토필요_증감률불일치,,,,,,,,,,,,,,1602,9,물가,수동검토유지,재검토필요_증감률불일치,N/A,,,,,,,,,,,,,,,,,,,
C20298,2682,10월 소비자물가 2.4% 상승...15개월만 최대 상승률,2025-11-04,https://www.chosun.com/economy/economy_general/2025/11/04/IQO3Q645VRHHBDUAFXCXBPH5Z4/,국제유가 상승세로 석유류 물가는 4.8% 상승하면서 지난 2월(6.3%) 이후 가장 높은 상승 폭을 보였다.,비율·증감률,비율·증감률; 날짜·시간,True,,어류·조개류가 속한 신선어개·채소·과실 등 기상 조건에 따라 가격 변동이 큰 품목으로 구성된 신선식품지수는 0.8% 하락했다.,"관련 기사 2.4% 찍은 소비자물가 상승률에...한은 ""2% 내외로 다시 안정될 것"" 지난달 소비자물가 상승률이 2.4%를 기록하며 1년 3개월 만에 최고치를 기록했다.","[4.8, 2, 6.3]","['%', '월', '%']",[],[],월별 소비자물가 등락률(tblId=DT_1J22042); 소비자물가지수(2020=100)(tblId=DT_1J22003); 품목별 소비자물가지수(품목성질별: 2020=100)(tblId=DT_1J22112),"orgId=101, tblId=DT_1J22042 | obj_l1/itm_id 메타 API로 확인 필요",원자료 직접 조회 후 필요 시 증감률 계산,검토 필요,101,DT_1J22042,0,T03,M,소비자물가 등락률 후보 선택. 지역/품목/월별 코드 확인 필요 | obj_l1/itm_id 자동 후보 입력,3.2,202606,3.1,202605,3.2258064516129057,0.10000000000000009,,CHANGE_RATE,6.3,3.2258064516129057,actual_change_pct 컬럼 사용(전기대비 계산값),불일치,3.074193548387094,"claim=6.3, actual=3.2258064516129057, 오차=3.074 (허용=0.3)",CHANGE_RATE,6.3,% 숫자 선택,3.2258064516129057,actual_change_pct 사용,불일치,3.074193548387094,"claim=6.3, adjusted_actual=3.2258064516129057, 오차=3.074, 허용=0.3",재검토필요_증감률불일치,N,N,N,,,,,기존 재검토/판단불가 상태 유지,재검토필요_증감률불일치,,,,,,,,,,,,,,1603,9,물가,수동검토유지,재검토필요_증감률불일치,N/A,,,,,,,,,,,,,,,,,,,
C20299,2682,10월 소비자물가 2.4% 상승...15개월만 최대 상승률,2025-11-04,https://www.chosun.com/economy/economy_general/2025/11/04/IQO3Q645VRHHBDUAFXCXBPH5Z4/,"관련 기사 2.4% 찍은 소비자물가 상승률에...한은 ""2% 내외로 다시 안정될 것"" 지난달 소비자물가 상승률이 2.4%를 기록하며 1년 3개월 만에 최고치를 기록했다.",물가지표,물가지표; 비율·증감률; 건수·개수; 날짜·시간,True,,국제유가 상승세로 석유류 물가는 4.8% 상승하면서 지난 2월(6.3%) 이후 가장 높은 상승 폭을 보였다.,지난해 7월(2.6%) 이후 가장 높다.,"[2.4, 2, 2.4, 1, 3]","['%', '%', '%', '년', '개']",[],[],월별 소비자물가 등락률(tblId=DT_1J22042); 소비자물가지수(2020=100)(tblId=DT_1J22003); 품목별 소비자물가지수(품목성질별: 2020=100)(tblId=DT_1J22112),"orgId=101, tblId=DT_1J22042 | obj_l1/itm_id 메타 API로 확인 필요",원자료 직접 조회 후 필요 시 증감률 계산,검토 필요,101,DT_1J22042,0,T03,M,소비자물가 등락률 후보 선택. 지역/품목/월별 코드 확인 필요 | obj_l1/itm_id 자동 후보 입력,2.4,202510,2.1,202509,14.285714285714276,0.2999999999999998,,CHANGE_RATE,2.4,14.285714285714276,actual_change_pct 컬럼 사용(전기대비 계산값),불일치,11.885714285714275,"claim=2.4, actual=14.285714285714276, 오차=11.886 (허용=0.3)",CHANGE_RATE,2.4,% 숫자 선택,14.285714285714276,actual_change_pct 사용,불일치,11.885714285714275,"claim=2.4, adjusted_actual=14.285714285714276, 오차=11.886, 허용=0.3",재검토필요_증감률불일치,N,N,N,,,,,기존 재검토/판단불가 상태 유지,재검토필요_증감률불일치,,,,,,,,,,,,,,1604,9,물가,수동검토유지,재검토필요_증감률불일치,N/A,,,,,,,,,,,,,,,,,,,
C20301,2682,10월 소비자물가 2.4% 상승...15개월만 최대 상승률,2025-11-04,https://www.chosun.com/economy/economy_general/2025/11/04/IQO3Q645VRHHBDUAFXCXBPH5Z4/,김장 물가 안정에 역대 최대 '500억' 투입...배추·무 40% 할인 본격적인 김장철을 앞두고 정부가 소비자 부담 완화를 위해 역대 최대 규모인 500억원을 투입해 김장 재료를 최대 40%까지 할인 지원에 나서기로...,비율·증감률,비율·증감률; 금액,True,,소비자물가 상승률은...,"다 비싸졌다… 월세 상승률 10년래 최고, 물가도 껑충 월세, 외식 물가 등이 크게 올라 생활비 부담이 커지는 것은 비정규직 근로자 등 서민의 생활고를 가중시키는 요인으로 꼽힌다.","[40, 500, 40]","['%', '억원', '%']",[],[],월별 소비자물가 등락률(tblId=DT_1J22042); 소비자물가지수(2020=100)(tblId=DT_1J22003); 품목별 소비자물가지수(품목성질별: 2020=100)(tblId=DT_1J22112),"orgId=101, tblId=DT_1J22042 | obj_l1/itm_id 메타 API로 확인 필요",원자료 직접 조회 후 필요 시 증감률 계산,검토 필요,101,DT_1J22042,0,T03,Y,소비자물가 등락률 후보 선택. 지역/품목/월별 코드 확인 필요 | obj_l1/itm_id 자동 후보 입력,3.2,202606,3.1,202605,3.2258064516129057,0.10000000000000009,,LEVEL,500.0,3.2,actual_value 컬럼 사용,불일치,155.25,"claim=500.0, actual=3.2, 오차=155.250 (허용=0.05)",LEVEL,500.0,억원 숫자 선택,3.2,actual_value 사용,불일치,155.25,"claim=500.0, adjusted_actual=3.2, 오차=155.250, 허용=0.05",재검토필요_수준값불일치,N,N,N,,,,,기존 재검토/판단불가 상태 유지,재검토필요_수준값불일치,,,,,,,,,,,,,,1605,9,물가,수동검토유지,재검토필요_수준값불일치,N/A,,,,,,,,,,,,,,,,,,,
C20307,2683,"한은 ""소비자 물가 상승률, 연말·연초 2% 내외로 다시 안정""",2025-11-04,https://biz.chosun.com/policy/policy_sub/2025/11/04/M3MCDVGEPFBAJHMJXAPBJNISGI/,"국가데이터처가 이날 발표한 10월 소비자물가 동향에 따르면, 10월 소비자물가지수는 117.42(2020년=100)로, 1년 전과 비교해 2.4% 상승했다.",물가지표,물가지표; 비율·증감률; 날짜·시간,True,,"이날 회의에는 김 부총재보를 포함해 조사국장, 경제통계1국장, 거시전망부장, 물가고용부장 등이 참석했다.",상승률은 지난해 7월(2.6%) 이후 1년 3개월 만에 가장 높았다.,"[10, 10, 2020, 1, 2.4]","['월', '월', '년', '년', '%']",['2020'],[],월별 소비자물가 등락률(tblId=DT_1J22042); 소비자물가지수(2020=100)(tblId=DT_1J22003); 품목별 소비자물가지수(품목성질별: 2020=100)(tblId=DT_1J22112),"orgId=101, tblId=DT_1J22042 | obj_l1/itm_id 메타 API로 확인 필요",원자료 직접 조회 후 필요 시 증감률 계산,검토 필요,101,DT_1J22042,0,T03,M,소비자물가 등락률 후보 선택. 지역/품목/월별 코드 확인 필요 | obj_l1/itm_id 자동 후보 입력,0.1,202010,0.9,202009,-88.8888888888889,-0.8,,CHANGE_RATE,2.4,-88.8888888888889,actual_change_pct 컬럼 사용(전기대비 계산값),불일치,91.2888888888889,"claim=2.4, actual=-88.8888888888889, 오차=91.289 (허용=0.3)",CHANGE_RATE,2.4,% 숫자 선택,-88.8888888888889,actual_change_pct 사용,불일치,91.2888888888889,"claim=2.4, adjusted_actual=-88.8888888888889, 오차=91.289, 허용=0.3",재검토필요_증감률불일치,N,N,N,,,,,기존 재검토/판단불가 상태 유지,재검토필요_증감률불일치,,,,,,,,,,,,,,1606,9,물가,수동검토유지,재검토필요_증감률불일치,N/A,,,,,,,,,,,,,,,,,,,
C20308,2683,"한은 ""소비자 물가 상승률, 연말·연초 2% 내외로 다시 안정""",2025-11-04,https://biz.chosun.com/policy/policy_sub/2025/11/04/M3MCDVGEPFBAJHMJXAPBJNISGI/,상승률은 지난해 7월(2.6%) 이후 1년 3개월 만에 가장 높았다.,비율·증감률,비율·증감률; 건수·개수; 날짜·시간,True,,"국가데이터처가 이날 발표한 10월 소비자물가 동향에 따르면, 10월 소비자물가지수는 117.42(2020년=100)로, 1년 전과 비교해 2.4% 상승했다.","김 부총재보는 이와 관련 ""농산물 가격이 예상보다 높았다""면서 ""긴 추석 연휴 전후로 내·외국인 여행 수요가 급증해 여행 관련 서비스 가격도 높아지면서 상승 폭이 일시 확대됐다""고 설명했다.","[7, 2.6, 1, 3]","['월', '%', '년', '개']",[],[],월별 소비자물가 등락률(tblId=DT_1J22042); 소비자물가지수(2020=100)(tblId=DT_1J22003); 품목별 소비자물가지수(품목성질별: 2020=100)(tblId=DT_1J22112),"orgId=101, tblId=DT_1J22042 | obj_l1/itm_id 메타 API로 확인 필요",원자료 직접 조회 후 필요 시 증감률 계산,검토 필요,101,DT_1J22042,0,T03,M,소비자물가 등락률 후보 선택. 지역/품목/월별 코드 확인 필요 | obj_l1/itm_id 자동 후보 입력,2.6,202407,2.4,202406,8.333333333333341,0.20000000000000018,,CHANGE_RATE,2.6,8.333333333333341,actual_change_pct 컬럼 사용(전기대비 계산값),불일치,5.733333333333341,"claim=2.6, actual=8.333333333333341, 오차=5.733 (허용=0.3)",CHANGE_RATE,2.6,% 숫자 선택,8.333333333333341,actual_change_pct 사용,불일치,5.733333333333341,"claim=2.6, adjusted_actual=8.333333333333341, 오차=5.733, 허용=0.3",재검토필요_증감률불일치,N,N,N,,,,,기존 재검토/판단불가 상태 유지,재검토필요_증감률불일치,,,,,,,,,,,,,,1607,9,물가,수동검토유지,재검토필요_증감률불일치,N/A,,,,,,,,,,,,,,,,,,,
C20319,2688,무서운 물가 버거운 월세,2025-11-05,https://www.chosun.com/economy/economy_general/2025/11/05/V34MXCN2EJFETORLTMYZB6R5TU/,지난달 소비자 물가가 1년 새 2.4% 오르며 1년 3개월 만에 가장 큰 폭으로 뛰었다고 국가데이터처가 4일 밝혔다.,비율·증감률,비율·증감률; 건수·개수; 날짜·시간,True,,,"한동안 한국은행의 물가 안정 목표치인 2% 안팎을 유지하던 물가 상승률은 쌀, 사과 등이 20% 넘게 뛰는 등 먹거리 물가가 고공 행진하면서 2%대 중반으로 올라섰다.","[1, 2.4, 1, 3, 4]","['년', '%', '년', '개', '일']",[],[],소비자물가지수(2020=100)(tblId=DT_1J22003); 월별 소비자물가 등락률(tblId=DT_1J22042); 품목별 소비자물가지수(품목성질별: 2020=100)(tblId=DT_1J22112),"orgId=101, tblId=DT_1J22003 | obj_l1/itm_id 메타 API로 확인 필요",원자료 직접 조회 후 필요 시 증감률 계산,검토 필요,101,DT_1J22003,T10,T,M,소비자물가지수 후보 선택. 지역/품목 코드 확인 필요 | obj_l1/itm_id 자동 후보 입력,117.42,202510,117.06,202509,0.30753459764223423,0.35999999999999943,,LEVEL,2.4,117.42,actual_value 컬럼 사용,불일치,0.9795605518650996,"claim=2.4, actual=117.42, 오차=0.980 (허용=0.05)",LEVEL,2.4,% 숫자 선택,117.42,actual_value 사용,불일치,0.9795605518650996,"claim=2.4, adjusted_actual=117.42, 오차=0.980, 허용=0.05",재검토필요_수준값불일치,N,N,N,,,,,기존 재검토/판단불가 상태 유지,재검토필요_수준값불일치,,,,,,,,,,,,,,1608,9,물가,수동검토유지,재검토필요_수준값불일치,N/A,,,,,,,,,,,,,,,,,,,
C20320,2688,무서운 물가 버거운 월세,2025-11-05,https://www.chosun.com/economy/economy_general/2025/11/05/V34MXCN2EJFETORLTMYZB6R5TU/,"한동안 한국은행의 물가 안정 목표치인 2% 안팎을 유지하던 물가 상승률은 쌀, 사과 등이 20% 넘게 뛰는 등 먹거리 물가가 고공 행진하면서 2%대 중반으로 올라섰다.",위치·거리정보,위치·거리정보; 비율·증감률,True,,지난달 소비자 물가가 1년 새 2.4% 오르며 1년 3개월 만에 가장 큰 폭으로 뛰었다고 국가데이터처가 4일 밝혔다.,정부는 최장 열흘의 추석 연휴로 콘도·렌터카·단체 여행 상품 등 수요가 늘어난 일시적 현상으로 물가가 차츰 안정될 것이라고 보고 있다.,"[2, 20, 2]","['%', '%', '%']",[],[],월별 소비자물가 등락률(tblId=DT_1J22042); 소비자물가지수(2020=100)(tblId=DT_1J22003); 품목별 소비자물가지수(품목성질별: 2020=100)(tblId=DT_1J22112),"orgId=101, tblId=DT_1J22042 | obj_l1/itm_id 메타 API로 확인 필요",원자료 직접 조회 후 필요 시 증감률 계산,검토 필요,101,DT_1J22042,0,T03,Y,소비자물가 등락률 후보 선택. 지역/품목/월별 코드 확인 필요 | obj_l1/itm_id 자동 후보 입력,3.2,202606,3.1,202605,3.2258064516129057,0.10000000000000009,,CHANGE_RATE,2.0,3.2258064516129057,actual_change_pct 컬럼 사용(전기대비 계산값),불일치,1.2258064516129057,"claim=2.0, actual=3.2258064516129057, 오차=1.226 (허용=0.3)",CHANGE_RATE,2.0,% 숫자 선택,3.2258064516129057,actual_change_pct 사용,불일치,1.2258064516129057,"claim=2.0, adjusted_actual=3.2258064516129057, 오차=1.226, 허용=0.3",재검토필요_증감률불일치,N,N,N,,,,,기존 재검토/판단불가 상태 유지,재검토필요_증감률불일치,,,,,,,,,,,,,,1609,9,물가,코드북_비검증분류,판단불가_정보 부족,N/A,판단불가,정보 부족,관측 실적이 아닌 전망·목표 문장,,,,,,,,,,,,,,,,
C20327,2689,일자리 못 구해 ‘울며 겨자 먹기’ 창업하는 자영업자 비율 2년 연속 증가,2025-11-05,https://www.chosun.com/economy/economy_general/2025/11/05/2W34BPNBCVHEJE5W64TXGTKGWQ/,전체 취업자 중 비임금 근로자가 차지하는 비율(22.6%)도 역대 최저였다.,임금·소득,임금·소득; 고용지표; 비율·증감률,True,,"반면 가족이 운영하는 사업체나 농장에서 돈을 받지 않고 일하는 ‘무급 가족 종사자’를 포함한 비임금 근로자 수는 655만4000명으로, 2007년 관련 통계 작성 이래 가장 적었다.","김대종 세종대 교수는 “가게 문을 닫고 저임금이라도 일자리를 구하려는 이들이 늘어나는 것”이라면서 “내수 침체가 길어지고, 자영업자 간 경쟁이 치열해지면서 자영업으로 생계를 꾸리기가 그만큼 어려워졌다는 의미”라고 말했다.",[22.6],['%'],[],[],성별 경제활동인구 총괄(tblId=DT_1DA7001S); 행정구역(시도)별 경제활동인구(tblId=DT_1DA7004S),"orgId=101, tblId=DT_1DA7001S | obj_l1/itm_id 메타 API로 확인 필요",원자료 직접 조회 후 필요 시 증감률 계산,검토 필요,101,DT_1DA7001S,0,T30,Y,경제활동인구 총괄 취업자 후보 선택. 성별/취업자 항목 확인 필요 | obj_l1/itm_id 자동 후보 입력,28768.9,2025,28575.5,2024,0.6768035554933473,193.40000000000146,,LEVEL,22.6,28768.9,actual_value 컬럼 사용,불일치,0.9992144294707133,"claim=22.6, actual=28768.9, 오차=0.999 (허용=0.05)",LEVEL,22.6,% 숫자 선택,28768.9,actual_value 사용,불일치,0.9992144294707133,"claim=22.6, adjusted_actual=28768.9, 오차=0.999, 허용=0.05",재검토필요_수준값불일치,N,N,N,,,,,기존 재검토/판단불가 상태 유지,재검토필요_수준값불일치,,,,,,,,,,,,,,1610,9,고용,수동검토유지,재검토필요_수준값불일치,N/A,,,,,,,,,,,,,,,,,,,
C20341,2693,"KDI “최근 실업률 하락 상당 부분 청년 구직 포기 때문, 낮은 실업률이 반드시 고용 개선 의미하지 않아”",2025-11-06,https://www.chosun.com/economy/economy_general/2025/11/06/T4WNY7YVT5HZ7P5BSUZSYGTMB4/,코로나 팬데믹 이전 3%대 중후반대였던 실업률이 2022년 이후 2% 중후반대로 낮아진 현상의 상당 부분이 청년층의 구직 포기 때문이라는 국책 연구 기관의 분석 결과가 6일 나왔다.,고용지표,고용지표; 여론조사; 비율·증감률; 날짜·시간,True,청년층,,"양질의 일자리가 부족해 일하지도 구직 활동도 하지 않는 20대 ‘쉬었음’ 청년이 늘고, 이들이 실업률을 계산하는 경제활동인구에서 아예 빠지면서 역설적으로 실업률이 하락했다는 것이다.","[3, 2022, 2, 6]","['%', '년', '%', '일']",['2022'],[],성별 경제활동인구 총괄(tblId=DT_1DA7001S); 연령별 경제활동인구 총괄(tblId=DT_1DA7002S); 행정구역(시도)별 경제활동인구(tblId=DT_1DA7004S),"orgId=101, tblId=DT_1DA7001S | obj_l1/itm_id 메타 API로 확인 필요",원자료 직접 조회 후 필요 시 증감률 계산,검토 필요,101,DT_1DA7001S,0,T80,Y,경제활동인구 총괄 후보 선택. 실업률/실업자 항목 확인 필요 | obj_l1/itm_id 자동 후보 입력,2.9,2022,3.7,2021,-21.621621621621628,-0.8000000000000003,,LEVEL,3.0,2.9,actual_value 컬럼 사용,일치,0.03448275862068969,"claim=3.0, actual=2.9, 오차=0.034 (허용=0.05)",LEVEL,2.0,% 숫자 선택,2.9,actual_value 사용,불일치,0.31034482758620685,"claim=2.0, adjusted_actual=2.9, 오차=0.310, 허용=0.05",재검토필요_수준값불일치,N,N,N,,,,,기존 재검토/판단불가 상태 유지,재검토필요_수준값불일치,,,,,,,,,,,,,,1611,9,고용,수동검토유지,재검토필요_수준값불일치,N/A,,,,,,,,,,,,,,,,,,,
C20376,2696,"충북 농가 인력난, 도시 농부들이 풀었다",2025-11-07,https://www.chosun.com/national/national_general/2025/11/07/GIJROQTA6RFABIZ4GJJOILULAQ/,충북도 농가 6만7000곳 중 2만1300곳(31%)이 도시 농부를 활용했다.,비율·증감률,비율·증감률,True,충북,충북도 인구(159만명) 3명 중 1명꼴이다.,충북도 관계자는 “도시 농부 덕분에 상복도 터졌다”고 했다.,[31],['%'],[],['충북'],"행정구역(시군구)별 농가, 농가인구(tblId=DT_1EA1011); 연령 및 성별 농가인구(tblId=DT_1EA1040)","orgId=101, tblId=DT_1EA1011 | obj_l1/itm_id 메타 API로 확인 필요",원자료 직접 조회 후 필요 시 증감률 계산,검토 필요,101,DT_1EA1011,00,T00,Y,농가/농가인구 후보 선택. 항목 코드 확인 필요 | obj_l1/itm_id 자동 후보 입력,973707,2024,999022,2023,-2.533978230709634,-25315.0,,LEVEL,6.0,973707.0,actual_value 컬럼 사용,불일치,0.9999938379820623,"claim=6.0, actual=973707.0, 오차=1.000 (허용=0.05)",LEVEL,31.0,% 숫자 선택,973707.0,actual_value 사용,불일치,0.9999681629073223,"claim=31.0, adjusted_actual=973707.0, 오차=1.000, 허용=0.05",재검토필요_수준값불일치,N,N,N,,,,,기존 재검토/판단불가 상태 유지,재검토필요_수준값불일치,,,,,,,,,,,,,,1612,9,기타,수동검토유지,재검토필요_수준값불일치,N/A,,,,,,,,,,,,,,,,,,,
C20378,2696,"충북 농가 인력난, 도시 농부들이 풀었다",2025-11-07,https://www.chosun.com/national/national_general/2025/11/07/GIJROQTA6RFABIZ4GJJOILULAQ/,국가데이터처에 따르면 지난 9월 기준 충북의 고용률은 74%로 전국 17개 시·도 중 2위를 기록했다.,고용지표,고용지표; 비율·증감률; 건수·개수; 날짜·시간,True,충북; 전국,도시 농부 사업이 높은 평가를 받았다고 한다.,실업률은 1%로 가장 낮다.,"[9, 74, 17]","['월', '%', '개']",[],"['전국', '충북']",성별 경제활동인구 총괄(tblId=DT_1DA7001S); 행정구역(시도)별 경제활동인구(tblId=DT_1DA7004S),"orgId=101, tblId=DT_1DA7001S | obj_l1/itm_id 메타 API로 확인 필요",원자료 직접 조회 후 필요 시 증감률 계산,검토 필요,101,DT_1DA7001S,0,T90,M,경제활동인구 총괄 후보 선택. 성별/고용률 항목 확인 필요 | obj_l1/itm_id 자동 후보 입력,63.3,202605,63,202604,0.4761904761904716,0.29999999999999716,,LEVEL,74.0,63.3,actual_value 컬럼 사용,불일치,0.1690363349131122,"claim=74.0, actual=63.3, 오차=0.169 (허용=0.05)",LEVEL,74.0,% 숫자 선택,63.3,actual_value 사용,불일치,0.1690363349131122,"claim=74.0, adjusted_actual=63.3, 오차=0.169, 허용=0.05",재검토필요_수준값불일치,N,N,N,,,,,기존 재검토/판단불가 상태 유지,재검토필요_수준값불일치,,,,,,,,,,,,,,1613,9,고용,수동검토유지,재검토필요_수준값불일치,N/A,,,,,,,,,,,,,,,,,,,
C20379,2696,"충북 농가 인력난, 도시 농부들이 풀었다",2025-11-07,https://www.chosun.com/national/national_general/2025/11/07/GIJROQTA6RFABIZ4GJJOILULAQ/,실업률은 1%로 가장 낮다.,고용지표,고용지표; 비율·증감률,True,,국가데이터처에 따르면 지난 9월 기준 충북의 고용률은 74%로 전국 17개 시·도 중 2위를 기록했다.,"김 지사는 “기업 투자를 유치해 청년들이 선호하는 일자리를 만드는 동시에 퇴직자, 주부, 여성 등이 참여할 수 있는 ‘도시 농부’ ‘일하는기쁨’ 등 ‘틈새 일자리’ 사업도 벌이고 있기 때문”이라고 했다.",[1],['%'],[],[],성별 경제활동인구 총괄(tblId=DT_1DA7001S); 연령별 경제활동인구 총괄(tblId=DT_1DA7002S); 행정구역(시도)별 경제활동인구(tblId=DT_1DA7004S),"orgId=101, tblId=DT_1DA7001S | obj_l1/itm_id 메타 API로 확인 필요",원자료 직접 조회 후 필요 시 증감률 계산,검토 필요,101,DT_1DA7001S,0,T80,Y,경제활동인구 총괄 후보 선택. 실업률/실업자 항목 확인 필요 | obj_l1/itm_id 자동 후보 입력,2.8,2025,2.8,2024,0.0,0.0,,LEVEL,1.0,2.8,actual_value 컬럼 사용,불일치,0.6428571428571428,"claim=1.0, actual=2.8, 오차=0.643 (허용=0.05)",LEVEL,1.0,% 숫자 선택,2.8,actual_value 사용,불일치,0.6428571428571428,"claim=1.0, adjusted_actual=2.8, 오차=0.643, 허용=0.05",재검토필요_수준값불일치,N,N,N,,,,,기존 재검토/판단불가 상태 유지,재검토필요_수준값불일치,,,,,,,,,,,,,,1614,9,고용,수동검토유지,재검토필요_수준값불일치,N/A,,,,,,,,,,,,,,,,,,,
C20438,2702,"KDI “소비 회복에 경기 다소 개선”…석 달째 같은 진단, 현실은?",2025-11-09,https://www.chosun.com/economy/economy_general/2025/11/09/PU2BGMNE3JEOBM3XGQRSWQLMP4/,9월 서비스업생산은 전년 동월 대비 6.2% 증가했다.,비율·증감률,비율·증감률; 날짜·시간,True,,서비스업생산도 도소매업 등 내수와 밀접한 부문을 중심으로 회복세를 이어갔다.,"도소매, 금융·보험을 중심으로 증가폭이 확대됐으며, 계절조정 전년 동월 대비 기준으로도 3.8% 증가하는 등 양호한 모습을 보였다.","[9, 6.2]","['월', '%']",[],[],산업별 서비스업생산지수(2020=100.0)(tblId=DT_1KC2020),"orgId=101, tblId=DT_1KC2020 | obj_l1/itm_id 메타 API로 확인 필요",원자료 직접 조회 후 필요 시 증감률 계산,검토 필요,101,DT_1KC2020,T,T1,M,서비스업생산지수 후보 선택. 산업/시점 코드 확인 필요 | obj_l1/itm_id 자동 후보 입력,129.2,202409,128.1,202309,0.8587041373926576,1.0999999999999943,,CHANGE_RATE,6.2,0.8587041373926576,actual_change_pct 컬럼 사용(전기대비 계산값),불일치,5.341295862607343,"claim=6.2, actual=0.8587041373926576, 오차=5.341 (허용=0.3)",CHANGE_RATE,6.2,% 숫자 선택,0.8587041373926576,actual_change_pct 사용,불일치,5.341295862607343,"claim=6.2, adjusted_actual=0.8587041373926576, 오차=5.341, 허용=0.3",재검토필요_증감률불일치,N,N,N,,,,,기존 재검토/판단불가 상태 유지,재검토필요_증감률불일치,,,,,,,,,,,,,,1615,9,소매,수동검토유지,재검토필요_증감률불일치,N/A,,,,,,,,,,,,,,,,,,,
C20443,2702,"KDI “소비 회복에 경기 다소 개선”…석 달째 같은 진단, 현실은?",2025-11-09,https://www.chosun.com/economy/economy_general/2025/11/09/PU2BGMNE3JEOBM3XGQRSWQLMP4/,10월 수출은 전년 동월 대비 3.6% 증가에 그쳤다.,무역지표,무역지표; 비율·증감률; 날짜·시간,True,,"◇수출 증가세 둔화, 건설투자 부진 지속 수출 증가세는 완만하게 둔화되는 모습을 나타냈다.","반도체경기 호조세는 유지됐으나, 미국 관세 인상의 부정적 영향이 파급되면서 수출 증가세가 점차 둔화됐다.","[10, 3.6]","['월', '%']",[],[],"품목별 수출액, 수입액(tblId=DT_1R11001_FRM101); 국가별 수출액, 수입액(tblId=DT_1R11006_FRM101)","orgId=360, tblId=DT_1R11001_FRM101 | obj_l1/itm_id 메타 API로 확인 필요",원자료 직접 조회 후 필요 시 증감률 계산,검토 필요,360,DT_1R11001_FRM101,13102112831A.A,13103112831T1,M,품목별 수출입 후보 선택. 품목/수출입/시점 코드 확인 필요 | obj_l1/itm_id 자동 후보 입력,57500192,202410,54989950,202310,4.564910497281776,2510242.0,,CHANGE_RATE,3.6,4.564910497281776,actual_change_pct 컬럼 사용(전기대비 계산값),불일치,0.9649104972817759,"claim=3.6, actual=4.564910497281776, 오차=0.965 (허용=0.3)",CHANGE_RATE,3.6,% 숫자 선택,4.564910497281776,actual_change_pct 사용,불일치,0.9649104972817759,"claim=3.6, adjusted_actual=4.564910497281776, 오차=0.965, 허용=0.3",재검토필요_증감률불일치,N,N,N,,,,,기존 재검토/판단불가 상태 유지,재검토필요_증감률불일치,,,,,,,,,,,,,,1616,9,무역,수동검토유지,재검토필요_증감률불일치,N/A,,,,,,,,,,,,,,,,,,,
C20445,2702,"KDI “소비 회복에 경기 다소 개선”…석 달째 같은 진단, 현실은?",2025-11-09,https://www.chosun.com/economy/economy_general/2025/11/09/PU2BGMNE3JEOBM3XGQRSWQLMP4/,"미국으로의 수출은 자동차를 중심으로 12.9% 감소했고, 중국으로의 수출도 반도체를 제외한 품목을 중심으로 6.8% 감소했다.",무역지표,무역지표; 비율·증감률,True,,9~10월 일평균 수출액은 3.2% 증가에 그쳤다.,건설투자의 부진도 지속되고 있다.,"[12.9, 6.8]","['%', '%']",[],[],"국가별 수출액, 수입액(tblId=DT_1R11006_FRM101); 품목별 수출액, 수입액(tblId=DT_1R11001_FRM101)","orgId=360, tblId=DT_1R11006_FRM101 | obj_l1/itm_id 메타 API로 확인 필요",원자료 직접 조회 후 필요 시 증감률 계산,검토 필요,360,DT_1R11006_FRM101,13102103829E.US,13103103829T1,Y,국가별 수출입 후보 선택. 국가/수출입/시점 코드 확인 필요 | 국가 코드 자동선택: 미국,122850915,2025,127761371,2024,-3.843459068703951,-4910456.0,,CHANGE_RATE,6.8,-3.843459068703951,actual_change_pct 컬럼 사용(전기대비 계산값),불일치,10.643459068703951,"claim=6.8, actual=-3.843459068703951, 오차=10.643 (허용=0.3)",CHANGE_RATE,6.8,% 숫자 선택,-3.843459068703951,actual_change_pct 사용,불일치,10.643459068703951,"claim=6.8, adjusted_actual=-3.843459068703951, 오차=10.643, 허용=0.3",재검토필요_증감률불일치,N,N,N,,,,,기존 재검토/판단불가 상태 유지,재검토필요_증감률불일치,,,,,,,,,,,,,,1617,9,무역,수동검토유지,재검토필요_증감률불일치,N/A,,,,,,,,,,,,,,,,,,,
C20453,2704,수출 ‘톱10′ 기업 비중 40%로 역대 최대...‘대기업 쏠림’ 심화,2025-11-10,https://www.chosun.com/economy/economy_general/2025/11/10/STP3LFTONFGQLFJKML7SF2LS24/,0 올해 3분기 수출액 상위 10대 기업의 무역집중도가 40%로 역대 최고치를 기록했다.,무역지표,무역지표; 비율·증감률; 날짜·시간,True,10대,,반도체 수출 호황으로 대기업 실적이 크게 개선되면서 수출이 소수 대기업에 집중되는 현상이 심화되고 있다.,"[3, 40]","['분', '%']",[],[],"품목별 수출액, 수입액(tblId=DT_1R11001_FRM101); 국가별 수출액, 수입액(tblId=DT_1R11006_FRM101)","orgId=360, tblId=DT_1R11001_FRM101 | obj_l1/itm_id 메타 API로 확인 필요",원자료 직접 조회 후 필요 시 증감률 계산,검토 필요,360,DT_1R11001_FRM101,13102112831A.A,13103112831T1,Q,품목별 수출입 후보 선택. 품목/수출입/시점 코드 확인 필요 | obj_l1/itm_id 자동 후보 입력,184887772,202503,175130605,202502,5.571366009955827,9757167.0,,LEVEL,0.0,184887772.0,actual_value 컬럼 사용,불일치,1.0,"claim=0.0, actual=184887772.0, 오차=1.000 (허용=0.05)",LEVEL,40.0,% 숫자 선택,184887772.0,actual_value 사용,불일치,0.9999997836525393,"claim=40.0, adjusted_actual=184887772.0, 오차=1.000, 허용=0.05",재검토필요_수준값불일치,N,N,N,,,,,기존 재검토/판단불가 상태 유지,재검토필요_수준값불일치,,,,,,,,,,,,,,1618,9,무역,수동검토유지,재검토필요_수준값불일치,N/A,,,,,,,,,,,,,,,,,,,
C20454,2704,수출 ‘톱10′ 기업 비중 40%로 역대 최대...‘대기업 쏠림’ 심화,2025-11-10,https://www.chosun.com/economy/economy_general/2025/11/10/STP3LFTONFGQLFJKML7SF2LS24/,"국가데이터처가 10일 발표한 ’2025년 3분기 기업특성별 무역통계’에 따르면, 3분기 수출액 상위 10개 기업의 무역집중도는 40.0%로 지난해 3분기(37.4%)보다 2.6%포인트 상승했다.",무역지표,무역지표; 비율·증감률; 건수·개수; 날짜·시간,True,,전체 수출이 늘어도 중소·중견기업이 체감하는 효과는 제한적이어서 수출 증가세가 경제 전반의 활력으로 이어지지 못하고 있다는 지적이 나온다.,이는 2015년 기업 특성별 분기 통계 작성 이래 가장 높은 수치다.,"[10, 2025, 3, 3, 10, 40.0, 3, 37.4, 2.6]","['일', '년', '분', '분', '개', '%', '분', '%', '%']",['2025'],[],"국가별 수출액, 수입액(tblId=DT_1R11006_FRM101); 품목별 수출액, 수입액(tblId=DT_1R11001_FRM101)","orgId=360, tblId=DT_1R11006_FRM101 | obj_l1/itm_id 메타 API로 확인 필요",원자료 직접 조회 후 필요 시 증감률 계산,검토 필요,360,DT_1R11006_FRM101,13102103829E.00,13103103829T1,Q,국가별 수출입 후보 선택. 국가/수출입/시점 코드 확인 필요 | obj_l1/itm_id 자동 후보 입력,173646405,202403,171510490,202402,1.2453553132522681,2135915.0,,POINT_CHANGE,2.6,2135915.0,actual_change_point 컬럼 사용(전기대비 계산값),불일치,2135912.4,"claim=2.6, actual=2135915.0, 오차=2135912.400 (허용=0.3)",POINT_CHANGE,2.6,% 숫자 선택,2135915.0,actual_change_point 사용,불일치,2135912.4,"claim=2.6, adjusted_actual=2135915.0, 오차=2135912.400, 허용=0.3",재검토필요_증감률불일치,N,N,N,,,,,기존 재검토/판단불가 상태 유지,재검토필요_증감률불일치,,,,,,,,,,,,,,1619,9,무역,수동검토유지,재검토필요_증감률불일치,N/A,,,,,,,,,,,,,,,,,,,
C20456,2704,수출 ‘톱10′ 기업 비중 40%로 역대 최대...‘대기업 쏠림’ 심화,2025-11-10,https://www.chosun.com/economy/economy_general/2025/11/10/STP3LFTONFGQLFJKML7SF2LS24/,삼성전자·SK하이닉스 등 반도체 기업과 현대차·LG 등 상위 10개 기업이 전체 수출의 40%를 차지한 셈이다.,무역지표,무역지표; 비율·증감률; 건수·개수,True,,이는 2015년 기업 특성별 분기 통계 작성 이래 가장 높은 수치다.,반면 상위 100대 기업의 무역집중도는 67.6%로 0.2%포인트 하락했다.,"[10, 40]","['개', '%']",[],[],"품목별 수출액, 수입액(tblId=DT_1R11001_FRM101); 국가별 수출액, 수입액(tblId=DT_1R11006_FRM101)","orgId=360, tblId=DT_1R11001_FRM101 | obj_l1/itm_id 메타 API로 확인 필요",원자료 직접 조회 후 필요 시 증감률 계산,검토 필요,360,DT_1R11001_FRM101,13102112831A.7763,13103112831T1,Y,품목별 수출입 후보 선택. 품목/수출입/시점 코드 확인 필요 | 품목 세부 코드 필요: 총액 코드로 확정하지 않음 | 품목 코드 자동 후보: 반도체 디바이스,3370573,2025,3601287,2024,-6.406431922809817,-230714.0,,LEVEL,10.0,3370573.0,actual_value 컬럼 사용,불일치,0.9999970331454029,"claim=10.0, actual=3370573.0, 오차=1.000 (허용=0.05)",LEVEL,40.0,% 숫자 선택,3370573.0,actual_value 사용,불일치,0.9999881325816115,"claim=40.0, adjusted_actual=3370573.0, 오차=1.000, 허용=0.05",재검토필요_수준값불일치,N,N,N,,,,,기존 재검토/판단불가 상태 유지,재검토필요_수준값불일치,,,,,,,,,,,,,,1620,9,무역,수동검토유지,재검토필요_수준값불일치,N/A,,,,,,,,,,,,,,,,,,,
C20457,2704,수출 ‘톱10′ 기업 비중 40%로 역대 최대...‘대기업 쏠림’ 심화,2025-11-10,https://www.chosun.com/economy/economy_general/2025/11/10/STP3LFTONFGQLFJKML7SF2LS24/,반면 상위 100대 기업의 무역집중도는 67.6%로 0.2%포인트 하락했다.,비율·증감률,비율·증감률,True,00대,삼성전자·SK하이닉스 등 반도체 기업과 현대차·LG 등 상위 10개 기업이 전체 수출의 40%를 차지한 셈이다.,톱10 기업과 그 다음 90개 기업 간 수출 격차가 벌어지면서 대기업 내에서도 양극화가 진행되는 것으로 풀이된다.,"[67.6, 0.2]","['%', '%']",[],[],"품목별 수출액, 수입액(tblId=DT_1R11001_FRM101); 국가별 수출액, 수입액(tblId=DT_1R11006_FRM101)","orgId=360, tblId=DT_1R11001_FRM101 | obj_l1/itm_id 메타 API로 확인 필요",원자료 직접 조회 후 필요 시 증감률 계산,검토 필요,360,DT_1R11001_FRM101,13102112831A.A,13103112831T1,Y,품목별 수출입 후보 선택. 품목/수출입/시점 코드 확인 필요 | obj_l1/itm_id 자동 후보 입력,709330045,2025,683609488,2024,3.7624634314613257,25720557.0,,POINT_CHANGE,0.2,25720557.0,actual_change_point 컬럼 사용(전기대비 계산값),불일치,25720556.8,"claim=0.2, actual=25720557.0, 오차=25720556.800 (허용=0.3)",POINT_CHANGE,0.2,% 숫자 선택,25720557.0,actual_change_point 사용,불일치,25720556.8,"claim=0.2, adjusted_actual=25720557.0, 오차=25720556.800, 허용=0.3",재검토필요_증감률불일치,N,N,N,,,,,기존 재검토/판단불가 상태 유지,재검토필요_증감률불일치,,,,,,,,,,,,,,1621,9,무역,수동검토유지,재검토필요_증감률불일치,N/A,,,,,,,,,,,,,,,,,,,
C20459,2704,수출 ‘톱10′ 기업 비중 40%로 역대 최대...‘대기업 쏠림’ 심화,2025-11-10,https://www.chosun.com/economy/economy_general/2025/11/10/STP3LFTONFGQLFJKML7SF2LS24/,◇중소·중견 비중은 제자리…온기 못 느껴 기업 규모별로 보면 대기업 수출액은 1223억달러(약 178조원)로 5.1% 증가하며 분기 기준 역대 최대 실적을 달성했다.,무역지표,무역지표; 비율·증감률; 금액,True,대기업,톱10 기업과 그 다음 90개 기업 간 수출 격차가 벌어지면서 대기업 내에서도 양극화가 진행되는 것으로 풀이된다.,중견기업도 323억달러(약 47조원)로 7.0% 늘어 분기 최고치를 기록했다.,"[178, 5.1]","['조원', '%']",[],[],"품목별 수출액, 수입액(tblId=DT_1R11001_FRM101); 국가별 수출액, 수입액(tblId=DT_1R11006_FRM101)","orgId=360, tblId=DT_1R11001_FRM101 | obj_l1/itm_id 메타 API로 확인 필요",원자료 직접 조회 후 필요 시 증감률 계산,검토 필요,360,DT_1R11001_FRM101,13102112831A.A,13103112831T1,Q,품목별 수출입 후보 선택. 품목/수출입/시점 코드 확인 필요 | obj_l1/itm_id 자동 후보 입력,220810030,202601,189777821,202504,16.35186284492117,31032209.0,,CHANGE_RATE,5.1,16.35186284492117,actual_change_pct 컬럼 사용(전기대비 계산값),불일치,11.251862844921169,"claim=5.1, actual=16.35186284492117, 오차=11.252 (허용=0.3)",CHANGE_RATE,5.1,% 숫자 선택,16.35186284492117,actual_change_pct 사용,불일치,11.251862844921169,"claim=5.1, adjusted_actual=16.35186284492117, 오차=11.252, 허용=0.3",재검토필요_증감률불일치,N,N,N,,,,,기존 재검토/판단불가 상태 유지,재검토필요_증감률불일치,,,,,,,,,,,,,,1622,9,무역,수동검토유지,재검토필요_증감률불일치,N/A,,,,,,,,,,,,,,,,,,,
C20460,2704,수출 ‘톱10′ 기업 비중 40%로 역대 최대...‘대기업 쏠림’ 심화,2025-11-10,https://www.chosun.com/economy/economy_general/2025/11/10/STP3LFTONFGQLFJKML7SF2LS24/,중견기업도 323억달러(약 47조원)로 7.0% 늘어 분기 최고치를 기록했다.,비율·증감률,비율·증감률; 금액,True,중견기업,◇중소·중견 비중은 제자리…온기 못 느껴 기업 규모별로 보면 대기업 수출액은 1223억달러(약 178조원)로 5.1% 증가하며 분기 기준 역대 최대 실적을 달성했다.,중소기업은 298억달러(약 43조원)로 11.9% 증가했다.,"[47, 7.0]","['조원', '%']",[],[],"품목별 수출액, 수입액(tblId=DT_1R11001_FRM101); 국가별 수출액, 수입액(tblId=DT_1R11006_FRM101)","orgId=360, tblId=DT_1R11001_FRM101 | obj_l1/itm_id 메타 API로 확인 필요",원자료 직접 조회 후 필요 시 증감률 계산,검토 필요,360,DT_1R11001_FRM101,13102112831A.A,13103112831T1,Q,품목별 수출입 후보 선택. 품목/수출입/시점 코드 확인 필요 | obj_l1/itm_id 자동 후보 입력,220810030,202601,189777821,202504,16.35186284492117,31032209.0,,LEVEL,323.0,220810030.0,actual_value 컬럼 사용,불일치,0.9999985372041297,"claim=323.0, actual=220810030.0, 오차=1.000 (허용=0.05)",LEVEL,323.0,억달러 숫자 선택,2208.1003,무역 천달러 -> 억달러 변환,불일치,0.8537204129721825,"claim=323.0, adjusted_actual=2208.1003, 오차=0.854, 허용=0.05",재검토필요_수준값불일치,N,N,N,,,,,기존 재검토/판단불가 상태 유지,재검토필요_수준값불일치,,,,,,,,,,,,,,1623,9,무역,수동검토유지,재검토필요_수준값불일치,N/A,,,,,,,,,,,,,,,,,,,
C20461,2704,수출 ‘톱10′ 기업 비중 40%로 역대 최대...‘대기업 쏠림’ 심화,2025-11-10,https://www.chosun.com/economy/economy_general/2025/11/10/STP3LFTONFGQLFJKML7SF2LS24/,중소기업은 298억달러(약 43조원)로 11.9% 증가했다.,비율·증감률,비율·증감률; 금액,True,중소기업,중견기업도 323억달러(약 47조원)로 7.0% 늘어 분기 최고치를 기록했다.,"전체 수출에서 차지하는 비중을 보면, 대기업이 전체 수출의 66.1%를 차지하며 지난해 3분기(67.0%)와 비슷한 수준을 유지했다.","[43, 11.9]","['조원', '%']",[],[],"품목별 수출액, 수입액(tblId=DT_1R11001_FRM101); 국가별 수출액, 수입액(tblId=DT_1R11006_FRM101)","orgId=360, tblId=DT_1R11001_FRM101 | obj_l1/itm_id 메타 API로 확인 필요",원자료 직접 조회 후 필요 시 증감률 계산,검토 필요,360,DT_1R11001_FRM101,13102112831A.A,13103112831T1,Y,품목별 수출입 후보 선택. 품목/수출입/시점 코드 확인 필요 | obj_l1/itm_id 자동 후보 입력,709330045,2025,683609488,2024,3.7624634314613257,25720557.0,,CHANGE_RATE,11.9,3.7624634314613257,actual_change_pct 컬럼 사용(전기대비 계산값),불일치,8.137536568538675,"claim=11.9, actual=3.7624634314613257, 오차=8.138 (허용=0.3)",CHANGE_RATE,11.9,% 숫자 선택,3.7624634314613257,actual_change_pct 사용,불일치,8.137536568538675,"claim=11.9, adjusted_actual=3.7624634314613257, 오차=8.138, 허용=0.3",재검토필요_증감률불일치,N,N,N,,,,,기존 재검토/판단불가 상태 유지,재검토필요_증감률불일치,,,,,,,,,,,,,,1624,9,무역,수동검토유지,재검토필요_증감률불일치,N/A,,,,,,,,,,,,,,,,,,,
C20462,2704,수출 ‘톱10′ 기업 비중 40%로 역대 최대...‘대기업 쏠림’ 심화,2025-11-10,https://www.chosun.com/economy/economy_general/2025/11/10/STP3LFTONFGQLFJKML7SF2LS24/,"전체 수출에서 차지하는 비중을 보면, 대기업이 전체 수출의 66.1%를 차지하며 지난해 3분기(67.0%)와 비슷한 수준을 유지했다.",무역지표,무역지표; 비율·증감률; 날짜·시간,True,대기업,중소기업은 298억달러(약 43조원)로 11.9% 증가했다.,중견기업(17.5%)과 중소기업(16.1%) 비중도 거의 변하지 않았다.,"[66.1, 3, 67.0]","['%', '분', '%']",[],[],"품목별 수출액, 수입액(tblId=DT_1R11001_FRM101); 국가별 수출액, 수입액(tblId=DT_1R11006_FRM101)","orgId=360, tblId=DT_1R11001_FRM101 | obj_l1/itm_id 메타 API로 확인 필요",원자료 직접 조회 후 필요 시 증감률 계산,검토 필요,360,DT_1R11001_FRM101,13102112831A.A,13103112831T1,Q,품목별 수출입 후보 선택. 품목/수출입/시점 코드 확인 필요 | obj_l1/itm_id 자동 후보 입력,173646405,202403,171510490,202402,1.2453553132522681,2135915.0,,LEVEL,66.1,173646405.0,actual_value 컬럼 사용,불일치,0.9999996193413851,"claim=66.1, actual=173646405.0, 오차=1.000 (허용=0.05)",LEVEL,67.0,% 숫자 선택,173646405.0,actual_value 사용,불일치,0.9999996141584389,"claim=67.0, adjusted_actual=173646405.0, 오차=1.000, 허용=0.05",재검토필요_수준값불일치,N,N,N,,,,,기존 재검토/판단불가 상태 유지,재검토필요_수준값불일치,,,,,,,,,,,,,,1625,9,무역,수동검토유지,재검토필요_수준값불일치,N/A,,,,,,,,,,,,,,,,,,,
C20463,2704,수출 ‘톱10′ 기업 비중 40%로 역대 최대...‘대기업 쏠림’ 심화,2025-11-10,https://www.chosun.com/economy/economy_general/2025/11/10/STP3LFTONFGQLFJKML7SF2LS24/,중견기업(17.5%)과 중소기업(16.1%) 비중도 거의 변하지 않았다.,비율·증감률,비율·증감률,True,중견기업; 중소기업,"전체 수출에서 차지하는 비중을 보면, 대기업이 전체 수출의 66.1%를 차지하며 지난해 3분기(67.0%)와 비슷한 수준을 유지했다.","수출 기업 수가 6만9808개로 4.5% 늘었지만, 대다수 기업들이 체감하는 수출 증가 효과는 미미한 것이다.","[17.5, 16.1]","['%', '%']",[],[],"품목별 수출액, 수입액(tblId=DT_1R11001_FRM101); 국가별 수출액, 수입액(tblId=DT_1R11006_FRM101)","orgId=360, tblId=DT_1R11001_FRM101 | obj_l1/itm_id 메타 API로 확인 필요",원자료 직접 조회 후 필요 시 증감률 계산,검토 필요,360,DT_1R11001_FRM101,13102112831A.A,13103112831T1,Y,품목별 수출입 후보 선택. 품목/수출입/시점 코드 확인 필요 | obj_l1/itm_id 자동 후보 입력,709330045,2025,683609488,2024,3.7624634314613257,25720557.0,,LEVEL,17.5,709330045.0,actual_value 컬럼 사용,불일치,0.999999975328833,"claim=17.5, actual=709330045.0, 오차=1.000 (허용=0.05)",LEVEL,16.1,% 숫자 선택,709330045.0,actual_value 사용,불일치,0.9999999773025263,"claim=16.1, adjusted_actual=709330045.0, 오차=1.000, 허용=0.05",재검토필요_수준값불일치,N,N,N,,,,,기존 재검토/판단불가 상태 유지,재검토필요_수준값불일치,,,,,,,,,,,,,,1626,9,무역,수동검토유지,재검토필요_수준값불일치,N/A,,,,,,,,,,,,,,,,,,,
C20464,2704,수출 ‘톱10′ 기업 비중 40%로 역대 최대...‘대기업 쏠림’ 심화,2025-11-10,https://www.chosun.com/economy/economy_general/2025/11/10/STP3LFTONFGQLFJKML7SF2LS24/,"수출 기업 수가 6만9808개로 4.5% 늘었지만, 대다수 기업들이 체감하는 수출 증가 효과는 미미한 것이다.",무역지표,무역지표; 비율·증감률; 건수·개수,True,,중견기업(17.5%)과 중소기업(16.1%) 비중도 거의 변하지 않았다.,한 중견기업 관계자는 “반도체 호황 소식은 뉴스에서만 보이지 우리 같은 중견기업들은 원자재 가격 상승과 환율 변동으로 마진이 더 악화됐다”며 “대기업 실적이 좋다고 해서 전체 경제가 좋아진 것처럼 보이는 건 착시”라고 말했다.,"[9808, 4.5]","['개', '%']",[],[],"품목별 수출액, 수입액(tblId=DT_1R11001_FRM101); 국가별 수출액, 수입액(tblId=DT_1R11006_FRM101)","orgId=360, tblId=DT_1R11001_FRM101 | obj_l1/itm_id 메타 API로 확인 필요",원자료 직접 조회 후 필요 시 증감률 계산,검토 필요,360,DT_1R11001_FRM101,13102112831A.A,13103112831T1,Y,품목별 수출입 후보 선택. 품목/수출입/시점 코드 확인 필요 | obj_l1/itm_id 자동 후보 입력,709330045,2025,683609488,2024,3.7624634314613257,25720557.0,,CHANGE_RATE,4.5,3.7624634314613257,actual_change_pct 컬럼 사용(전기대비 계산값),불일치,0.7375365685386743,"claim=4.5, actual=3.7624634314613257, 오차=0.738 (허용=0.3)",CHANGE_RATE,4.5,% 숫자 선택,3.7624634314613257,actual_change_pct 사용,불일치,0.7375365685386743,"claim=4.5, adjusted_actual=3.7624634314613257, 오차=0.738, 허용=0.3",재검토필요_증감률불일치,N,N,N,,,,,기존 재검토/판단불가 상태 유지,재검토필요_증감률불일치,,,,,,,,,,,,,,1627,9,무역,수동검토유지,재검토필요_증감률불일치,N/A,,,,,,,,,,,,,,,,,,,
C20465,2704,수출 ‘톱10′ 기업 비중 40%로 역대 최대...‘대기업 쏠림’ 심화,2025-11-10,https://www.chosun.com/economy/economy_general/2025/11/10/STP3LFTONFGQLFJKML7SF2LS24/,"◇반도체 호황, 내수로 안 퍼져 재화 성질별로 보면 반도체와 자동차, 디스플레이, 유·무선 통신기기 등으로 대표되는 자본재 수출은 1110억달러로 11.2% 증가하며 8개 분기 연속 상승세를 기록했다.",무역지표,무역지표; 비율·증감률; 건수·개수,True,,한 중견기업 관계자는 “반도체 호황 소식은 뉴스에서만 보이지 우리 같은 중견기업들은 원자재 가격 상승과 환율 변동으로 마진이 더 악화됐다”며 “대기업 실적이 좋다고 해서 전체 경제가 좋아진 것처럼 보이는 건 착시”라고 말했다.,자본재 중에서도 반도체 등 IT부품이 511억달러로 24.3% 급증했다.,"[11.2, 8]","['%', '개']",[],[],"품목별 수출액, 수입액(tblId=DT_1R11001_FRM101); 국가별 수출액, 수입액(tblId=DT_1R11006_FRM101)","orgId=360, tblId=DT_1R11001_FRM101 | obj_l1/itm_id 메타 API로 확인 필요",원자료 직접 조회 후 필요 시 증감률 계산,검토 필요,360,DT_1R11001_FRM101,13102112831A.7763,13103112831T1,Q,품목별 수출입 후보 선택. 품목/수출입/시점 코드 확인 필요 | 품목 세부 코드 필요: 총액 코드로 확정하지 않음 | 품목 코드 자동 후보: 반도체 디바이스,874328,202601,957729,202504,-8.708204512967656,-83401.0,,CHANGE_RATE,11.2,-8.708204512967656,actual_change_pct 컬럼 사용(전기대비 계산값),불일치,19.908204512967657,"claim=11.2, actual=-8.708204512967656, 오차=19.908 (허용=0.3)",CHANGE_RATE,11.2,% 숫자 선택,-8.708204512967656,actual_change_pct 사용,불일치,19.908204512967657,"claim=11.2, adjusted_actual=-8.708204512967656, 오차=19.908, 허용=0.3",재검토필요_증감률불일치,N,N,N,,,,,기존 재검토/판단불가 상태 유지,재검토필요_증감률불일치,,,,,,,,,,,,,,1628,9,무역,수동검토유지,재검토필요_증감률불일치,N/A,,,,,,,,,,,,,,,,,,,
C20466,2704,수출 ‘톱10′ 기업 비중 40%로 역대 최대...‘대기업 쏠림’ 심화,2025-11-10,https://www.chosun.com/economy/economy_general/2025/11/10/STP3LFTONFGQLFJKML7SF2LS24/,자본재 중에서도 반도체 등 IT부품이 511억달러로 24.3% 급증했다.,비율·증감률,비율·증감률,True,,"◇반도체 호황, 내수로 안 퍼져 재화 성질별로 보면 반도체와 자동차, 디스플레이, 유·무선 통신기기 등으로 대표되는 자본재 수출은 1110억달러로 11.2% 증가하며 8개 분기 연속 상승세를 기록했다.",문제는 이런 수출 호황이 국내 경제 전반으로 파급되지 않는다는 점이다.,[24.3],['%'],[],[],"품목별 수출액, 수입액(tblId=DT_1R11001_FRM101); 국가별 수출액, 수입액(tblId=DT_1R11006_FRM101)","orgId=360, tblId=DT_1R11001_FRM101 | obj_l1/itm_id 메타 API로 확인 필요",원자료 직접 조회 후 필요 시 증감률 계산,검토 필요,360,DT_1R11001_FRM101,13102112831A.7763,13103112831T1,Y,품목별 수출입 후보 선택. 품목/수출입/시점 코드 확인 필요 | 품목 세부 코드 필요: 총액 코드로 확정하지 않음 | 품목 코드 자동 후보: 반도체 디바이스,3370573,2025,3601287,2024,-6.406431922809817,-230714.0,,CHANGE_RATE,24.3,-6.406431922809817,actual_change_pct 컬럼 사용(전기대비 계산값),불일치,30.70643192280982,"claim=24.3, actual=-6.406431922809817, 오차=30.706 (허용=0.3)",CHANGE_RATE,24.3,% 숫자 선택,-6.406431922809817,actual_change_pct 사용,불일치,30.70643192280982,"claim=24.3, adjusted_actual=-6.406431922809817, 오차=30.706, 허용=0.3",재검토필요_증감률불일치,N,N,N,,,,,기존 재검토/판단불가 상태 유지,재검토필요_증감률불일치,,,,,,,,,,,,,,1629,9,무역,수동검토유지,재검토필요_증감률불일치,N/A,,,,,,,,,,,,,,,,,,,
C20467,2704,수출 ‘톱10′ 기업 비중 40%로 역대 최대...‘대기업 쏠림’ 심화,2025-11-10,https://www.chosun.com/economy/economy_general/2025/11/10/STP3LFTONFGQLFJKML7SF2LS24/,"대기업의 경우 자본재 수출이 773억달러로 12.2% 증가했지만, 원자재(-5.1%)와 소비재(-5.4%)는 감소했다.",무역지표,무역지표; 비율·증감률,True,대기업,문제는 이런 수출 호황이 국내 경제 전반으로 파급되지 않는다는 점이다.,"중견기업과 중소기업은 자본재, 소비재, 원자재 모두 증가했지만 절대 금액은 대기업에 비해 크게 작았다.","[12.2, 5.1, 5.4]","['%', '%', '%']",[],[],"품목별 수출액, 수입액(tblId=DT_1R11001_FRM101); 국가별 수출액, 수입액(tblId=DT_1R11006_FRM101)","orgId=360, tblId=DT_1R11001_FRM101 | obj_l1/itm_id 메타 API로 확인 필요",원자료 직접 조회 후 필요 시 증감률 계산,검토 필요,360,DT_1R11001_FRM101,13102112831A.A,13103112831T1,Y,품목별 수출입 후보 선택. 품목/수출입/시점 코드 확인 필요 | obj_l1/itm_id 자동 후보 입력,709330045,2025,683609488,2024,3.7624634314613257,25720557.0,,CHANGE_RATE,-5.4,3.7624634314613257,actual_change_pct 컬럼 사용(전기대비 계산값),불일치,9.162463431461326,"claim=-5.4, actual=3.7624634314613257, 오차=9.162 (허용=0.3)",CHANGE_RATE,-5.4,% 숫자 선택,3.7624634314613257,actual_change_pct 사용,불일치,9.162463431461326,"claim=-5.4, adjusted_actual=3.7624634314613257, 오차=9.162, 허용=0.3",재검토필요_증감률불일치,N,N,N,,,,,기존 재검토/판단불가 상태 유지,재검토필요_증감률불일치,,,,,,,,,,,,,,1630,9,무역,수동검토유지,재검토필요_증감률불일치,N/A,,,,,,,,,,,,,,,,,,,
C20469,2704,수출 ‘톱10′ 기업 비중 40%로 역대 최대...‘대기업 쏠림’ 심화,2025-11-10,https://www.chosun.com/economy/economy_general/2025/11/10/STP3LFTONFGQLFJKML7SF2LS24/,지난달 한국은행이 발표한 ’2024년 해외직접투자 동향’에 따르면 작년 해외직접투자는 672억달러로 전년 대비 10.4% 증가했다.,비율·증감률,비율·증감률; 날짜·시간,True,,실제로 삼성전자와 SK하이닉스 등 주요 수출 대기업들은 미국 관세 우려와 국내 규제 부담 등으로 해외 투자를 늘리고 있다.,벌어들인 돈을 해외 공장과 인력 채용에 쏟아붓는 만큼 국내 경제에는 낙수효과가 제한적일 수밖에 없다.,"[2024, 10.4]","['년', '%']",['2024'],[],"품목별 수출액, 수입액(tblId=DT_1R11001_FRM101); 국가별 수출액, 수입액(tblId=DT_1R11006_FRM101)","orgId=360, tblId=DT_1R11001_FRM101 | obj_l1/itm_id 메타 API로 확인 필요",원자료 직접 조회 후 필요 시 증감률 계산,검토 필요,360,DT_1R11001_FRM101,13102112831A.A,13103112831T1,M,품목별 수출입 후보 선택. 품목/수출입/시점 코드 확인 필요 | obj_l1/itm_id 자동 후보 입력,57500192,202410,54989950,202310,4.564910497281776,2510242.0,,CHANGE_RATE,10.4,4.564910497281776,actual_change_pct 컬럼 사용(전기대비 계산값),불일치,5.835089502718224,"claim=10.4, actual=4.564910497281776, 오차=5.835 (허용=0.3)",CHANGE_RATE,10.4,% 숫자 선택,4.564910497281776,actual_change_pct 사용,불일치,5.835089502718224,"claim=10.4, adjusted_actual=4.564910497281776, 오차=5.835, 허용=0.3",재검토필요_증감률불일치,N,N,N,,,,,기존 재검토/판단불가 상태 유지,재검토필요_증감률불일치,,,,,,,,,,,,,,1631,9,무역,수동검토유지,재검토필요_증감률불일치,N/A,,,,,,,,,,,,,,,,,,,
C20470,2704,수출 ‘톱10′ 기업 비중 40%로 역대 최대...‘대기업 쏠림’ 심화,2025-11-10,https://www.chosun.com/economy/economy_general/2025/11/10/STP3LFTONFGQLFJKML7SF2LS24/,◇소비재도 반등했지만…구조는 그대로 자동차와 화장품 등 소비재 수출은 239억달러로 4.9% 증가하며 5개 분기 만에 증가세로 전환했다.,무역지표,무역지표; 비율·증감률; 건수·개수,True,,벌어들인 돈을 해외 공장과 인력 채용에 쏟아붓는 만큼 국내 경제에는 낙수효과가 제한적일 수밖에 없다.,지난해 3분기부터 올해 2분기까지 줄곧 마이너스였던 소비재 수출은 유럽연합(EU)으로의 자동차 수출과 독립국가연합(CIS) 지역으로의 중고차 수출이 늘면서 반등했다.,"[4.9, 5]","['%', '개']",[],[],"품목별 수출액, 수입액(tblId=DT_1R11001_FRM101); 국가별 수출액, 수입액(tblId=DT_1R11006_FRM101)","orgId=360, tblId=DT_1R11001_FRM101 | obj_l1/itm_id 메타 API로 확인 필요",원자료 직접 조회 후 필요 시 증감률 계산,검토 필요,360,DT_1R11001_FRM101,13102112831A.781,13103112831T1,Q,품목별 수출입 후보 선택. 품목/수출입/시점 코드 확인 필요 | 품목 세부 코드 필요: 총액 코드로 확정하지 않음 | 품목 코드 자동 후보: 승용자동차 및 기타의 차량,16325345,202601,16877845,202504,-3.2735221824824197,-552500.0,,CHANGE_RATE,4.9,-3.2735221824824197,actual_change_pct 컬럼 사용(전기대비 계산값),불일치,8.17352218248242,"claim=4.9, actual=-3.2735221824824197, 오차=8.174 (허용=0.3)",CHANGE_RATE,4.9,% 숫자 선택,-3.2735221824824197,actual_change_pct 사용,불일치,8.17352218248242,"claim=4.9, adjusted_actual=-3.2735221824824197, 오차=8.174, 허용=0.3",재검토필요_증감률불일치,N,N,N,,,,,기존 재검토/판단불가 상태 유지,재검토필요_증감률불일치,,,,,,,,,,,,,,1632,9,무역,수동검토유지,재검토필요_증감률불일치,N/A,,,,,,,,,,,,,,,,,,,
C20472,2704,수출 ‘톱10′ 기업 비중 40%로 역대 최대...‘대기업 쏠림’ 심화,2025-11-10,https://www.chosun.com/economy/economy_general/2025/11/10/STP3LFTONFGQLFJKML7SF2LS24/,"대기업의 소비재 수출은 119억달러로 여전히 5.4% 감소했지만, 중견기업(4.4%)과 중소기업(24.9%)은 증가했다.",무역지표,무역지표; 비율·증감률,True,대기업; 중견기업; 중소기업,하지만 이마저도 현대차 등 대기업 중심이다.,중소기업의 소비재 수출 증가율이 높아 보이지만 금액으로는 84억달러에 불과해 대기업의 70% 수준이다.,"[5.4, 4.4, 24.9]","['%', '%', '%']",[],[],"품목별 수출액, 수입액(tblId=DT_1R11001_FRM101); 국가별 수출액, 수입액(tblId=DT_1R11006_FRM101)","orgId=360, tblId=DT_1R11001_FRM101 | obj_l1/itm_id 메타 API로 확인 필요",원자료 직접 조회 후 필요 시 증감률 계산,검토 필요,360,DT_1R11001_FRM101,13102112831A.A,13103112831T1,Y,품목별 수출입 후보 선택. 품목/수출입/시점 코드 확인 필요 | obj_l1/itm_id 자동 후보 입력,709330045,2025,683609488,2024,3.7624634314613257,25720557.0,,CHANGE_RATE,24.9,3.7624634314613257,actual_change_pct 컬럼 사용(전기대비 계산값),불일치,21.13753656853867,"claim=24.9, actual=3.7624634314613257, 오차=21.138 (허용=0.3)",CHANGE_RATE,24.9,% 숫자 선택,3.7624634314613257,actual_change_pct 사용,불일치,21.13753656853867,"claim=24.9, adjusted_actual=3.7624634314613257, 오차=21.138, 허용=0.3",재검토필요_증감률불일치,N,N,N,,,,,기존 재검토/판단불가 상태 유지,재검토필요_증감률불일치,,,,,,,,,,,,,,1633,9,무역,수동검토유지,재검토필요_증감률불일치,N/A,,,,,,,,,,,,,,,,,,,
C20473,2704,수출 ‘톱10′ 기업 비중 40%로 역대 최대...‘대기업 쏠림’ 심화,2025-11-10,https://www.chosun.com/economy/economy_general/2025/11/10/STP3LFTONFGQLFJKML7SF2LS24/,중소기업의 소비재 수출 증가율이 높아 보이지만 금액으로는 84억달러에 불과해 대기업의 70% 수준이다.,무역지표,무역지표; 비율·증감률,True,중소기업; 대기업,"대기업의 소비재 수출은 119억달러로 여전히 5.4% 감소했지만, 중견기업(4.4%)과 중소기업(24.9%)은 증가했다.",한 경제학자는 “한국 경제가 반도체 사이클에 지나치게 의존하는 구조가 고착화되고 있다”며 “대기업 실적이 좋아도 중소·중견기업과 내수가 함께 좋아지지 않으면 ‘반쪽 성장’에 그칠 수밖에 없다”고 지적했다.,[70],['%'],[],[],"품목별 수출액, 수입액(tblId=DT_1R11001_FRM101); 국가별 수출액, 수입액(tblId=DT_1R11006_FRM101)","orgId=360, tblId=DT_1R11001_FRM101 | obj_l1/itm_id 메타 API로 확인 필요",원자료 직접 조회 후 필요 시 증감률 계산,검토 필요,360,DT_1R11001_FRM101,13102112831A.A,13103112831T1,Y,품목별 수출입 후보 선택. 품목/수출입/시점 코드 확인 필요 | obj_l1/itm_id 자동 후보 입력,709330045,2025,683609488,2024,3.7624634314613257,25720557.0,,CHANGE_RATE,70.0,3.7624634314613257,actual_change_pct 컬럼 사용(전기대비 계산값),불일치,66.23753656853867,"claim=70.0, actual=3.7624634314613257, 오차=66.238 (허용=0.3)",CHANGE_RATE,70.0,% 숫자 선택,3.7624634314613257,actual_change_pct 사용,불일치,66.23753656853867,"claim=70.0, adjusted_actual=3.7624634314613257, 오차=66.238, 허용=0.3",재검토필요_증감률불일치,N,N,N,,,,,기존 재검토/판단불가 상태 유지,재검토필요_증감률불일치,,,,,,,,,,,,,,1634,9,무역,수동검토유지,재검토필요_증감률불일치,N/A,,,,,,,,,,,,,,,,,,,
C20474,2704,수출 ‘톱10′ 기업 비중 40%로 역대 최대...‘대기업 쏠림’ 심화,2025-11-10,https://www.chosun.com/economy/economy_general/2025/11/10/STP3LFTONFGQLFJKML7SF2LS24/,지역별로는 동남아시아 수출이 556억달러(약 81조원)로 17.4% 급증하며 분기 기준 최대치를 기록했다.,무역지표,무역지표; 비율·증감률; 금액,True,,한 경제학자는 “한국 경제가 반도체 사이클에 지나치게 의존하는 구조가 고착화되고 있다”며 “대기업 실적이 좋아도 중소·중견기업과 내수가 함께 좋아지지 않으면 ‘반쪽 성장’에 그칠 수밖에 없다”고 지적했다.,"미국 수출은 293억달러로 3.9% 감소했고, 중국은 337억달러로 1.8% 줄었다.","[81, 17.4]","['조원', '%']",[],[],"품목별 수출액, 수입액(tblId=DT_1R11001_FRM101); 국가별 수출액, 수입액(tblId=DT_1R11006_FRM101)","orgId=360, tblId=DT_1R11001_FRM101 | obj_l1/itm_id 메타 API로 확인 필요",원자료 직접 조회 후 필요 시 증감률 계산,검토 필요,360,DT_1R11001_FRM101,13102112831A.A,13103112831T1,Q,품목별 수출입 후보 선택. 품목/수출입/시점 코드 확인 필요 | obj_l1/itm_id 자동 후보 입력,220810030,202601,189777821,202504,16.35186284492117,31032209.0,,CHANGE_RATE,17.4,16.35186284492117,actual_change_pct 컬럼 사용(전기대비 계산값),불일치,1.0481371550788303,"claim=17.4, actual=16.35186284492117, 오차=1.048 (허용=0.3)",CHANGE_RATE,17.4,% 숫자 선택,16.35186284492117,actual_change_pct 사용,불일치,1.0481371550788303,"claim=17.4, adjusted_actual=16.35186284492117, 오차=1.048, 허용=0.3",재검토필요_증감률불일치,N,N,N,,,,,기존 재검토/판단불가 상태 유지,재검토필요_증감률불일치,,,,,,,,,,,,,,1635,9,무역,수동검토유지,재검토필요_증감률불일치,N/A,,,,,,,,,,,,,,,,,,,
C20475,2704,수출 ‘톱10′ 기업 비중 40%로 역대 최대...‘대기업 쏠림’ 심화,2025-11-10,https://www.chosun.com/economy/economy_general/2025/11/10/STP3LFTONFGQLFJKML7SF2LS24/,"미국 수출은 293억달러로 3.9% 감소했고, 중국은 337억달러로 1.8% 줄었다.",무역지표,무역지표; 비율·증감률,True,,지역별로는 동남아시아 수출이 556억달러(약 81조원)로 17.4% 급증하며 분기 기준 최대치를 기록했다.,"산업별로는 광제조업이 1595억달러로 8.0% 늘었고, 전기전자(15.0%)와 운송장비(9.3%) 수출이 크게 증가했다.","[3.9, 1.8]","['%', '%']",[],[],"국가별 수출액, 수입액(tblId=DT_1R11006_FRM101); 품목별 수출액, 수입액(tblId=DT_1R11001_FRM101)","orgId=360, tblId=DT_1R11006_FRM101 | obj_l1/itm_id 메타 API로 확인 필요",원자료 직접 조회 후 필요 시 증감률 계산,검토 필요,360,DT_1R11006_FRM101,13102103829E.US,13103103829T1,Y,국가별 수출입 후보 선택. 국가/수출입/시점 코드 확인 필요 | 국가 코드 자동선택: 미국,122850915,2025,127761371,2024,-3.843459068703951,-4910456.0,,CHANGE_RATE,1.8,-3.843459068703951,actual_change_pct 컬럼 사용(전기대비 계산값),불일치,5.643459068703951,"claim=1.8, actual=-3.843459068703951, 오차=5.643 (허용=0.3)",CHANGE_RATE,1.8,% 숫자 선택,-3.843459068703951,actual_change_pct 사용,불일치,5.643459068703951,"claim=1.8, adjusted_actual=-3.843459068703951, 오차=5.643, 허용=0.3",재검토필요_증감률불일치,N,N,N,,,,,기존 재검토/판단불가 상태 유지,재검토필요_증감률불일치,,,,,,,,,,,,,,1636,9,무역,수동검토유지,재검토필요_증감률불일치,N/A,,,,,,,,,,,,,,,,,,,
C20476,2704,수출 ‘톱10′ 기업 비중 40%로 역대 최대...‘대기업 쏠림’ 심화,2025-11-10,https://www.chosun.com/economy/economy_general/2025/11/10/STP3LFTONFGQLFJKML7SF2LS24/,"산업별로는 광제조업이 1595억달러로 8.0% 늘었고, 전기전자(15.0%)와 운송장비(9.3%) 수출이 크게 증가했다.",무역지표,무역지표; 비율·증감률,True,,"미국 수출은 293억달러로 3.9% 감소했고, 중국은 337억달러로 1.8% 줄었다.",,"[8.0, 15.0, 9.3]","['%', '%', '%']",[],[],"품목별 수출액, 수입액(tblId=DT_1R11001_FRM101); 국가별 수출액, 수입액(tblId=DT_1R11006_FRM101)","orgId=360, tblId=DT_1R11001_FRM101 | obj_l1/itm_id 메타 API로 확인 필요",원자료 직접 조회 후 필요 시 증감률 계산,검토 필요,360,DT_1R11001_FRM101,13102112831A.A,13103112831T1,Y,품목별 수출입 후보 선택. 품목/수출입/시점 코드 확인 필요 | obj_l1/itm_id 자동 후보 입력,709330045,2025,683609488,2024,3.7624634314613257,25720557.0,,CHANGE_RATE,9.3,3.7624634314613257,actual_change_pct 컬럼 사용(전기대비 계산값),불일치,5.537536568538675,"claim=9.3, actual=3.7624634314613257, 오차=5.538 (허용=0.3)",CHANGE_RATE,9.3,% 숫자 선택,3.7624634314613257,actual_change_pct 사용,불일치,5.537536568538675,"claim=9.3, adjusted_actual=3.7624634314613257, 오차=5.538, 허용=0.3",재검토필요_증감률불일치,N,N,N,,,,,기존 재검토/판단불가 상태 유지,재검토필요_증감률불일치,,,,,,,,,,,,,,1637,9,무역,수동검토유지,재검토필요_증감률불일치,N/A,,,,,,,,,,,,,,,,,,,
C20478,2705,3분기 수출 역대 최대… 美 관세 폭탄에도 반도체·지역 다변화로 선방,2025-11-10,https://biz.chosun.com/policy/policy_sub/2025/11/10/FJZFOVSDGBEVDPIJJYVIHAC63E/,"10일 국가데이터처와 관세청이 발표한 '2025년 3분기 기준 기업 특성별 무역통계 결과(잠정)'에 따르면, 3분기 수출액은 1850억달러로 지난해 같은 기간보다 6.5% 증가했다.",무역지표,무역지표; 비율·증감률; 날짜·시간,True,,인공지능(AI) 특수를 누린 반도체 산업과 수출 기업의 지역 다변화가 수출 증가세를 이끌었다.,"대기업(5.1%), 중견기업(7.0%), 중소기업(11.9%) 모두 전년 동기 대비 3분기 수출이 늘었다.","[10, 2025, 3, 3, 6.5]","['일', '년', '분', '분', '%']",['2025'],[],"국가별 수출액, 수입액(tblId=DT_1R11006_FRM101); 품목별 수출액, 수입액(tblId=DT_1R11001_FRM101)","orgId=360, tblId=DT_1R11006_FRM101 | obj_l1/itm_id 메타 API로 확인 필요",원자료 직접 조회 후 필요 시 증감률 계산,검토 필요,360,DT_1R11006_FRM101,13102103829E.00,13103103829T1,Q,국가별 수출입 후보 선택. 국가/수출입/시점 코드 확인 필요 | obj_l1/itm_id 자동 후보 입력,173646405,202403,171510490,202402,1.2453553132522681,2135915.0,,CHANGE_RATE,6.5,1.2453553132522681,actual_change_pct 컬럼 사용(전기대비 계산값),불일치,5.254644686747731,"claim=6.5, actual=1.2453553132522681, 오차=5.255 (허용=0.3)",CHANGE_RATE,6.5,% 숫자 선택,1.2453553132522681,actual_change_pct 사용,불일치,5.254644686747731,"claim=6.5, adjusted_actual=1.2453553132522681, 오차=5.255, 허용=0.3",재검토필요_증감률불일치,N,N,N,,,,,기존 재검토/판단불가 상태 유지,재검토필요_증감률불일치,,,,,,,,,,,,,,1638,9,무역,수동검토유지,재검토필요_증감률불일치,N/A,,,,,,,,,,,,,,,,,,,
C20479,2705,3분기 수출 역대 최대… 美 관세 폭탄에도 반도체·지역 다변화로 선방,2025-11-10,https://biz.chosun.com/policy/policy_sub/2025/11/10/FJZFOVSDGBEVDPIJJYVIHAC63E/,"대기업(5.1%), 중견기업(7.0%), 중소기업(11.9%) 모두 전년 동기 대비 3분기 수출이 늘었다.",무역지표,무역지표; 비율·증감률; 날짜·시간,True,대기업; 중견기업; 중소기업,"10일 국가데이터처와 관세청이 발표한 '2025년 3분기 기준 기업 특성별 무역통계 결과(잠정)'에 따르면, 3분기 수출액은 1850억달러로 지난해 같은 기간보다 6.5% 증가했다.","산업별로 보면, 대기업과 중견기업의 반도체 수출 증가가 전체 수출액 상승을 견인했다.","[5.1, 7.0, 11.9, 3]","['%', '%', '%', '분']",[],[],"품목별 수출액, 수입액(tblId=DT_1R11001_FRM101); 국가별 수출액, 수입액(tblId=DT_1R11006_FRM101)","orgId=360, tblId=DT_1R11001_FRM101 | obj_l1/itm_id 메타 API로 확인 필요",원자료 직접 조회 후 필요 시 증감률 계산,검토 필요,360,DT_1R11001_FRM101,13102112831A.7763,13103112831T1,Q,품목별 수출입 후보 선택. 품목/수출입/시점 코드 확인 필요 | 품목 세부 코드 필요: 총액 코드로 확정하지 않음 | 품목 코드 자동 후보: 반도체 디바이스,891182,202403,920301,202303,-3.1640734933461987,-29119.0,,CHANGE_RATE,11.9,-3.1640734933461987,actual_change_pct 컬럼 사용(전기대비 계산값),불일치,15.0640734933462,"claim=11.9, actual=-3.1640734933461987, 오차=15.064 (허용=0.3)",CHANGE_RATE,11.9,% 숫자 선택,-3.1640734933461987,actual_change_pct 사용,불일치,15.0640734933462,"claim=11.9, adjusted_actual=-3.1640734933461987, 오차=15.064, 허용=0.3",재검토필요_증감률불일치,N,N,N,,,,,기존 재검토/판단불가 상태 유지,재검토필요_증감률불일치,,,,,,,,,,,,,,1639,9,무역,수동검토유지,재검토필요_증감률불일치,N/A,,,,,,,,,,,,,,,,,,,
C20480,2705,3분기 수출 역대 최대… 美 관세 폭탄에도 반도체·지역 다변화로 선방,2025-11-10,https://biz.chosun.com/policy/policy_sub/2025/11/10/FJZFOVSDGBEVDPIJJYVIHAC63E/,"전기전자, 운송장비 부문에서 수출이 늘면서, 광·제조업 수출액은 전년도 3분기 대비 8% 증가했다.",무역지표,무역지표; 비율·증감률; 날짜·시간,True,,"산업별로 보면, 대기업과 중견기업의 반도체 수출 증가가 전체 수출액 상승을 견인했다.",특히 SK하이닉스의 고대역폭 메모리(HBM) 수출이 급증해 수출 상위 10대 기업의 무역 집중도(40%)는 역대 최고치를 기록했다.,"[3, 8]","['분', '%']",[],[],"품목별 수출액, 수입액(tblId=DT_1R11001_FRM101); 국가별 수출액, 수입액(tblId=DT_1R11006_FRM101)","orgId=360, tblId=DT_1R11001_FRM101 | obj_l1/itm_id 메타 API로 확인 필요",원자료 직접 조회 후 필요 시 증감률 계산,검토 필요,360,DT_1R11001_FRM101,13102112831A.7763,13103112831T1,Q,품목별 수출입 후보 선택. 품목/수출입/시점 코드 확인 필요 | 품목 세부 코드 필요: 총액 코드로 확정하지 않음 | 품목 코드 자동 후보: 반도체 디바이스,891182,202403,858294,202402,3.8317872430658957,32888.0,,CHANGE_RATE,8.0,3.8317872430658957,actual_change_pct 컬럼 사용(전기대비 계산값),불일치,4.168212756934104,"claim=8.0, actual=3.8317872430658957, 오차=4.168 (허용=0.3)",CHANGE_RATE,8.0,% 숫자 선택,3.8317872430658957,actual_change_pct 사용,불일치,4.168212756934104,"claim=8.0, adjusted_actual=3.8317872430658957, 오차=4.168, 허용=0.3",재검토필요_증감률불일치,N,N,N,,,,,기존 재검토/판단불가 상태 유지,재검토필요_증감률불일치,,,,,,,,,,,,,,1640,9,무역,수동검토유지,재검토필요_증감률불일치,N/A,,,,,,,,,,,,,,,,,,,
C20481,2705,3분기 수출 역대 최대… 美 관세 폭탄에도 반도체·지역 다변화로 선방,2025-11-10,https://biz.chosun.com/policy/policy_sub/2025/11/10/FJZFOVSDGBEVDPIJJYVIHAC63E/,특히 SK하이닉스의 고대역폭 메모리(HBM) 수출이 급증해 수출 상위 10대 기업의 무역 집중도(40%)는 역대 최고치를 기록했다.,무역지표,무역지표; 비율·증감률,True,10대,"전기전자, 운송장비 부문에서 수출이 늘면서, 광·제조업 수출액은 전년도 3분기 대비 8% 증가했다.","국가데이터처 관계자는 ""대기업, 중견기업, 중소기업 할 것 없이 모두 수출이 증가했지만, 반도체 수출이 크게 늘어나면서 10대 기업의 무역 집중도가 사상 최대치를 나타냈다""고 설명했다.",[40],['%'],[],[],"품목별 수출액, 수입액(tblId=DT_1R11001_FRM101); 국가별 수출액, 수입액(tblId=DT_1R11006_FRM101)","orgId=360, tblId=DT_1R11001_FRM101 | obj_l1/itm_id 메타 API로 확인 필요",원자료 직접 조회 후 필요 시 증감률 계산,검토 필요,360,DT_1R11001_FRM101,13102112831A.7763,13103112831T1,Y,품목별 수출입 후보 선택. 품목/수출입/시점 코드 확인 필요 | 품목 세부 코드 필요: 총액 코드로 확정하지 않음 | 품목 코드 자동 후보: 반도체 디바이스,3370573,2025,3601287,2024,-6.406431922809817,-230714.0,,CHANGE_RATE,40.0,-6.406431922809817,actual_change_pct 컬럼 사용(전기대비 계산값),불일치,46.406431922809816,"claim=40.0, actual=-6.406431922809817, 오차=46.406 (허용=0.3)",CHANGE_RATE,40.0,% 숫자 선택,-6.406431922809817,actual_change_pct 사용,불일치,46.406431922809816,"claim=40.0, adjusted_actual=-6.406431922809817, 오차=46.406, 허용=0.3",재검토필요_증감률불일치,N,N,N,,,,,기존 재검토/판단불가 상태 유지,재검토필요_증감률불일치,,,,,,,,,,,,,,1641,9,무역,수동검토유지,재검토필요_증감률불일치,N/A,,,,,,,,,,,,,,,,,,,
C20483,2705,3분기 수출 역대 최대… 美 관세 폭탄에도 반도체·지역 다변화로 선방,2025-11-10,https://biz.chosun.com/policy/policy_sub/2025/11/10/FJZFOVSDGBEVDPIJJYVIHAC63E/,"국가별로 보면 미국으로의 수출액은 전년 동기 대비 3.9% 줄었고, 중국은 1.8% 감소했다.",무역지표,무역지표; 비율·증감률,True,,올해 3분기에는 주요국 수출 감소에도 수출 지역 다변화를 통해 양호한 수출 실적을 거뒀다.,"반면 동남아 지역으로의 수출은 전년 동기 대비 17.4% 늘었고, 유럽연합(EU) 지역은 5.8%, 독립국가연합(CIS) 지역은 28% 증가했다.","[3.9, 1.8]","['%', '%']",[],[],"국가별 수출액, 수입액(tblId=DT_1R11006_FRM101); 품목별 수출액, 수입액(tblId=DT_1R11001_FRM101)","orgId=360, tblId=DT_1R11006_FRM101 | obj_l1/itm_id 메타 API로 확인 필요",원자료 직접 조회 후 필요 시 증감률 계산,검토 필요,360,DT_1R11006_FRM101,13102103829E.US,13103103829T1,Y,국가별 수출입 후보 선택. 국가/수출입/시점 코드 확인 필요 | 국가 코드 자동선택: 미국,127761371,2024,115696334,2023,10.428192997022705,12065037.0,,CHANGE_RATE,1.8,10.428192997022705,actual_change_pct 컬럼 사용(전기대비 계산값),불일치,8.628192997022705,"claim=1.8, actual=10.428192997022705, 오차=8.628 (허용=0.3)",CHANGE_RATE,1.8,% 숫자 선택,10.428192997022705,actual_change_pct 사용,불일치,8.628192997022705,"claim=1.8, adjusted_actual=10.428192997022705, 오차=8.628, 허용=0.3",재검토필요_증감률불일치,N,N,N,,,,,기존 재검토/판단불가 상태 유지,재검토필요_증감률불일치,,,,,,,,,,,,,,1642,9,무역,수동검토유지,재검토필요_증감률불일치,N/A,,,,,,,,,,,,,,,,,,,
C20484,2705,3분기 수출 역대 최대… 美 관세 폭탄에도 반도체·지역 다변화로 선방,2025-11-10,https://biz.chosun.com/policy/policy_sub/2025/11/10/FJZFOVSDGBEVDPIJJYVIHAC63E/,"반면 동남아 지역으로의 수출은 전년 동기 대비 17.4% 늘었고, 유럽연합(EU) 지역은 5.8%, 독립국가연합(CIS) 지역은 28% 증가했다.",무역지표,무역지표; 비율·증감률,True,,"국가별로 보면 미국으로의 수출액은 전년 동기 대비 3.9% 줄었고, 중국은 1.8% 감소했다.","국가데이터처 관계자는 ""대미 자동차 수출은 줄었지만, EU 지역으로의 전기차 수출과 독립국가연합으로의 중고차 수출이 크게 늘었다""며 ""수출 지역 다변화가 대미 수출 감소분을 상쇄했다""고 말했다.","[17.4, 5.8, 28]","['%', '%', '%']",[],[],"국가별 수출액, 수입액(tblId=DT_1R11006_FRM101); 품목별 수출액, 수입액(tblId=DT_1R11001_FRM101)","orgId=360, tblId=DT_1R11006_FRM101 | obj_l1/itm_id 메타 API로 확인 필요",원자료 직접 조회 후 필요 시 증감률 계산,검토 필요,360,DT_1R11006_FRM101,13102103829E.00,13103103829T1,Y,국가별 수출입 후보 선택. 국가/수출입/시점 코드 확인 필요 | obj_l1/itm_id 자동 후보 입력,683609488,2024,632225824,2023,8.127422520469521,51383664.0,,CHANGE_RATE,28.0,8.127422520469521,actual_change_pct 컬럼 사용(전기대비 계산값),불일치,19.872577479530477,"claim=28.0, actual=8.127422520469521, 오차=19.873 (허용=0.3)",CHANGE_RATE,28.0,% 숫자 선택,8.127422520469521,actual_change_pct 사용,불일치,19.872577479530477,"claim=28.0, adjusted_actual=8.127422520469521, 오차=19.873, 허용=0.3",재검토필요_증감률불일치,N,N,N,,,,,기존 재검토/판단불가 상태 유지,재검토필요_증감률불일치,,,,,,,,,,,,,,1643,9,무역,수동검토유지,재검토필요_증감률불일치,N/A,,,,,,,,,,,,,,,,,,,
