gold_no,gold_domain,selection_reason,selection_bucket,source_status,claim_id,article_id,title,date,url,claim_text,metric,org_id,tbl_id,obj_l1,obj_l2,itm_id,prd_se,refined_claim_type,refined_claim_number,actual_period,actual_prev_period,refined_actual_number,refined_verdict,api_error,reviewer_note,manual_kosis_evidence,remap_kosis_evidence
1,물가,기존 수동확정 근거 앵커,확정근거,검증완료_수동확정일치,C00381,41,치솟는 환율에 식품 물가도 급등,2025-01-04,https://www.chosun.com/economy/economy_general/2025/01/04/7SPGFC4RFZEDLDPFTQHVDM2K2E,"175개 품목의 평균 물가 상승폭은 3.9%로, 지난해 연간 소비자물가지수 상승폭(2.3%)을 뛰어넘었다.",물가지표,101,DT_1J22003,T10,,T,Y,CHANGE_RATE,2.3,2024,2023,2.3209965050631807,일치,,소비자물가지수 후보 선택. 지역/품목 코드 확인 필요 | obj_l1/itm_id 자동 후보 입력,"2023 111.59 -> 2024 114.18, 상승률 2.321%로 주장 2.3%와 일치",
2,물가,기존 정확시점 불일치 22건 포함,정확시점22,재검토필요_정확시점불일치,C04329,547,미국 1월 소비자물가 3% 상승... 금리 인하 속도 늦춰질 듯,2025-02-12,https://www.chosun.com/economy/economy_general/2025/02/12/6KAQJONZLRB4HIL6R2ER3BJ5WQ,이날 발표된 1월 물가상승률(3%)은 다음 달 19일 등으로 예정된 향후 연방공개시장위원회(FOMC)가 미국 기준금리 인하 속도를 늦출 수 있는 지표로 받아들여진다.,물가지표,101,DT_1J22042,0,,T03,M,CHANGE_RATE,3.0,202606,202605,3.2258064516129057,일치,,소비자물가 등락률 후보 선택. 지역/품목/월별 코드 확인 필요 | obj_l1/itm_id 자동 후보 입력,,
3,물가,기존 정확시점 불일치 22건 포함,정확시점22,재검토필요_정확시점불일치,C04369,552,미국 1월 소비자물가 3% 상승... 금리 인하 속도 늦춰질 듯,2025-02-12,https://www.chosun.com/economy/economy_general/2025/02/12/6KAQJONZLRB4HIL6R2ER3BJ5WQ,이날 발표된 1월 물가상승률(3%)은 다음 달 19일 등으로 예정된 향후 연방공개시장위원회(FOMC)가 미국 기준금리 인하 속도를 늦출 수 있는 지표로 받아들여진다.,물가지표,101,DT_1J22042,0,,T03,M,CHANGE_RATE,3.0,202606,202605,3.2258064516129057,일치,,소비자물가 등락률 후보 선택. 지역/품목/월별 코드 확인 필요 | obj_l1/itm_id 자동 후보 입력,,
4,물가,층화표본:증감률재검토,증감률재검토,재검토필요_증감률불일치,C04610,581,오징어채 23%·맛김 22%… 가공식품 물가 상승률 1년 만에 최고,2025-02-14,https://www.chosun.com/economy/economy_general/2025/02/14/HP4YWNUF3VGJZDLS62WBVBUM74,"참기름(8.9%), 간장(8.8%), 식용유(7.8%) 등 요리용 조미료·유지류도 7∼8%대 상승률을 보였다.",비율·증감률,101,DT_1J22042,0,,T03,Y,CHANGE_RATE,8.0,202606,202605,3.2258064516129057,불일치,,소비자물가 등락률 후보 선택. 지역/품목/월별 코드 확인 필요 | obj_l1/itm_id 자동 후보 입력,,
5,물가,기존 정확시점 불일치 22건 포함,정확시점22,재검토필요_정확시점불일치,C04611,581,오징어채 23%·맛김 22%… 가공식품 물가 상승률 1년 만에 최고,2025-02-14,https://www.chosun.com/economy/economy_general/2025/02/14/HP4YWNUF3VGJZDLS62WBVBUM74,"비스킷(7.0%), 케이크(3.3%), 빵(3.2%) 등 밀가루를 원료로 하는 가공식품 값도 일제히 올랐다.",비율·증감률,101,DT_1J22042,0,,T03,Y,CHANGE_RATE,3.2,202606,202605,3.2258064516129057,일치,,소비자물가 등락률 후보 선택. 지역/품목/월별 코드 확인 필요 | obj_l1/itm_id 자동 후보 입력,,
6,물가,층화표본:판단불가,판단불가,판단불가_KOSIS직접검증불가,C05531,707,얼어붙은 美 소비심리… “트럼프 비즈니스의 허니문 끝나”,2025-02-24,https://www.chosun.com/economy/economy_general/2025/02/24/5HZ3WJESMZERNJ723VOYTKGKBQ,5년 후 기대 인플레이션도 연간 3.5%로 전월 대비 0.3%포인트 상승했다.,물가지표,101,DT_1J22042,0,,T02,M,POINT_CHANGE,0.3,202501,202412,0.29999999999999993,일치,,소비자물가 등락률 후보 선택. 지역/품목/월별 코드 확인 필요 | obj_l1/itm_id 자동 후보 입력,,
7,물가,기존 수동확정 근거 앵커,확정근거,검증완료_수동확정일치,C06679,840,"물가 상승률 두 달 연속 2%대...치솟은 기름값, 물가 끌어 올려",2025-03-06,https://www.chosun.com/economy/economy_general/2025/03/06/IXLFBAQ5RFD7HKWH6T3LQXPQWA,"생활물가지수는 지난해 10월(1.2%)을 저점으로 꾸준히 오름세를 보이고 있는데, 소비자들이 실제 체감하는 물가 수준이 높아지고 있음을 시사한다.",물가지표,101,DT_1J22042,1,,T03,M,LEVEL,1.2,202410,202409,1.2,일치,,소비자물가 등락률 후보 선택. 지역/품목/월별 코드 확인 필요 | obj_l1/itm_id 자동 후보 입력,202410 생활물가지수 전년동월비 1.2%로 주장 1.2%와 일치,
8,물가,기존 정확시점 불일치 22건 포함,정확시점22,재검토필요_정확시점불일치,C09334,1204,최상목 부총리 “상반기 전기·가스·철도 요금 동결”,2025-04-03,https://www.chosun.com/economy/economy_general/2025/04/03/NMEO4455DJAXHP6FKCGHF7CBQM,지난달 외식 물가 역시 전년 대비 3.0% 오르면서 2개월 연속 3% 상승을 기록했다.,비율·증감률,101,DT_1J22003,T10,,T,M,CHANGE_RATE,3.0,202403,202303,3.1035106768005853,일치,,소비자물가지수 후보 선택. 지역/품목 코드 확인 필요 | obj_l1/itm_id 자동 후보 입력,,
9,물가,기존 정확시점 불일치 22건 포함,정확시점22,재검토필요_정확시점불일치,C10196,1315,트럼프 3대 오판… 시장·물가·중국이 반대로 갔다,2025-04-12,https://www.chosun.com/economy/economy_general/2025/04/12/JLHIBRZXPRDS5GQNYDATAVUEAQ,반대로 독일 국채 10년물의 가치는 3.3% 올랐다.,여론조사,101,DT_1J22042,0,,T03,Y,CHANGE_RATE,3.3,202606,202605,3.2258064516129057,일치,,소비자물가 등락률 후보 선택. 지역/품목/월별 코드 확인 필요 | obj_l1/itm_id 자동 후보 입력,,
10,물가,층화표본:수준값재검토,수준값재검토,재검토필요_수준값불일치,C10977,1411,日과 관세협상에서 방위비 불쑥 꺼낸 美,2025-04-19,https://www.chosun.com/economy/industry-company/2025/04/19/FLZI6R3MHRGEXLOTI4J6JAO7BE,"일본은 미국과 2022~2026년 연간 평균 2210억엔(약 2조2000억원)을 현물을 포함해 주일 미군에 주기로 했고, 우리 외교부는 미 국무부와 지난해 10월, 2026년 분담금 총액을 올해 대비 8.3% 늘어난 1조5192억원을 현금으로 지급하기로 합의하고 이후 물가에 따라 인상하기로 했다.",비율·증감률,101,DT_1J22003,T10,,T,M,LEVEL,5192.0,202410,202409,114.69,불일치,,소비자물가지수 후보 선택. 지역/품목 코드 확인 필요 | obj_l1/itm_id 자동 후보 입력,,
11,물가,기존 정확시점 불일치 22건 포함,정확시점22,재검토필요_정확시점불일치,C15156,1993,“관세 10% 높아지면 美물가 0.3%p 오를 것… 그 영향은 일시적”,2025-06-03,https://www.chosun.com/economy/economy_general/2025/06/03/5PQFJXPLEFAZ5AU5OA7OH4XR4A,그는 또 “낮은 관세가 적용될 경우 인플레이션은 3%까지 상승했다가 점차 낮아질 것”이라며 “연내 금리 인하와 같은 부양 조치가 있을 수 있다”고 했다.,물가지표,101,DT_1J22042,0,,T03,Y,CHANGE_RATE,3.0,202606,202605,3.2258064516129057,일치,,소비자물가 등락률 후보 선택. 지역/품목/월별 코드 확인 필요 | obj_l1/itm_id 자동 후보 입력,,
12,물가,기존 수동확정 근거 앵커,확정근거,검증완료_재매핑확정일치,C15304,2010,돼지고기·계란 고공행진에 축산물 물가 3년래 최고,2025-06-04,https://www.chosun.com/economy/economy_general/2025/06/04/ZXZNKUNMVBB23IAKVMXPXYQYHQ,국제 유가 하락 영향으로 휘발유(-3.9%)·경유(-2.6%)·부탄가스(-0.5%)·등유(-3.8%) 등 석유류 물가가 2.3% 떨어진 결과다.,비율·증감률,101,DT_1J22112,T10,B05,T,M,CHANGE_RATE,-2.3,202505,202405,-2.325031525851189,일치,,소비자물가지수 후보 선택. 지역/품목 코드 확인 필요 | obj_l1/itm_id 자동 후보 입력,"석유류 지수 202405 126.88 -> 202505 123.93, 전년동월비 -2.325%로 주장 -2.3%와 일치","석유류 지수 202405 126.88 -> 202505 123.93, 전년동월비 -2.325%로 주장 -2.3%와 일치"
13,물가,층화표본:수준값재검토,수준값재검토,재검토필요_수준값불일치,C15308,2010,돼지고기·계란 고공행진에 축산물 물가 3년래 최고,2025-06-04,https://www.chosun.com/economy/economy_general/2025/06/04/ZXZNKUNMVBB23IAKVMXPXYQYHQ,농·축·수산물 물가도 0.1% 오르는 데 그쳤다.,비율·증감률,101,DT_1J22003,T10,,T,Y,LEVEL,0.1,2025,2024,116.61,불일치,,소비자물가지수 후보 선택. 지역/품목 코드 확인 필요 | obj_l1/itm_id 자동 후보 입력,,
14,물가,기존 정확시점 불일치 22건 포함,정확시점22,재검토필요_정확시점불일치,C15315,2010,돼지고기·계란 고공행진에 축산물 물가 3년래 최고,2025-06-04,https://www.chosun.com/economy/economy_general/2025/06/04/ZXZNKUNMVBB23IAKVMXPXYQYHQ,외식 물가도 전달에 이어 3.2% 올랐다.,비율·증감률,101,DT_1J22042,0,,T03,Y,CHANGE_RATE,3.2,202606,202605,3.2258064516129057,일치,,소비자물가 등락률 후보 선택. 지역/품목/월별 코드 확인 필요 | obj_l1/itm_id 자동 후보 입력,,
15,물가,층화표본:증감률재검토,증감률재검토,재검토필요_증감률불일치,C16718,2203,한은 “체감 물가가 소비자물가보다 더 뛰어… 소비 위축시켜”,2025-06-19,https://www.chosun.com/economy/economy_general/2025/06/19/FI33P26UAFDJVPWRSHBEIUK3AQ,"18일 한국은행이 발표한 ‘최근 가공식품 등 생활 물가 흐름과 수준에 대한 평가’ 보고서에 따르면, 코로나 유행기였던 2020년부터 올해 5월까지 소비자물가가 15.9% 오르는 동안 생활 물가는 19.1% 상승했다.",물가지표,101,DT_1J22042,1,,T03,M,CHANGE_RATE,19.1,202505,202504,-4.1666666666666705,불일치,,소비자물가 등락률 후보 선택. 지역/품목/월별 코드 확인 필요 | obj_l1/itm_id 자동 후보 입력,,
16,물가,기존 수동확정 근거 앵커,확정근거,검증완료_수동확정일치,C18109,2375,가공식품 물가 4.6%↑ 새 정부 출범에도 고공행진,2025-07-02,https://www.chosun.com/economy/economy_general/2025/07/02/XGWZFYDANBHY5F4B2ZSPFDBPCQ,"소비 빈도가 높은 식료품과 외식, 생활용품 물가를 집계한 생활물가지수 상승률은 지난달 2.5%로 전달(2.3%)보다 오름폭이 0.2%포인트 커졌다.",물가지표,101,DT_1J22042,1,,T03,M,POINT_CHANGE,0.2,202506,202505,0.20000000000000018,일치,,소비자물가 등락률 후보 선택. 지역/품목/월별 코드 확인 필요 | obj_l1/itm_id 자동 후보 입력,"202505 2.3% -> 202506 2.5%, 상승폭 0.2%p로 주장과 일치",
17,물가,기존 정확시점 불일치 22건 포함,정확시점22,재검토필요_정확시점불일치,C19718,2603,9월 소비자물가 상승률 2.1%… 두 달 만에 다시 2%대 (종합),2025-10-02,https://biz.chosun.com/policy/policy_sub/2025/10/02/YB7FNXZNQZFM3NPRM33AMSWXYE/,가공식품 물가는 4.2% 뛰며 전체 물가를 0.36%p 끌어올렸다.,비율·증감률,101,DT_1J22042,0,,T03,Y,POINT_CHANGE,0.36,202606,202605,0.10000000000000009,일치,,소비자물가 등락률 후보 선택. 지역/품목/월별 코드 확인 필요 | obj_l1/itm_id 자동 후보 입력,,
18,물가,기존 정확시점 불일치 22건 포함,정확시점22,재검토필요_정확시점불일치,C20252,2679,"다 비싸졌다… 월세 상승률 10년래 최고, 물가도 껑충",2025-11-04,https://www.chosun.com/economy/economy_general/2025/11/04/LTSPY3AKDFGO3PYENJYCXAAWAU/,"특히 축산물(5.4%), 수산물(6.4%), 가공식품(4.2%), 외식(3.4%) 등 먹거리 가격이 소비자물가보다 상승률이 더 높았다.",물가지표,101,DT_1J22042,0,,T03,Y,CHANGE_RATE,3.4,202606,202605,3.2258064516129057,일치,,소비자물가 등락률 후보 선택. 지역/품목/월별 코드 확인 필요 | obj_l1/itm_id 자동 후보 입력,,
19,물가,기존 정확시점 불일치 22건 포함,정확시점22,재검토필요_정확시점불일치,C20277,2681,"10월 소비자물가, 2.4% 올랐다… 15개월 만에 최대 상승폭(종합)",2025-11-04,https://biz.chosun.com/policy/policy_sub/2025/11/04/ANKBQTEEQ5CPPE7DIX7SMKCLWE/,"소비자물가 상승률 중 농축수산물의 기여도는 0.25%p로 다른 항목에 비해 낮았으나, 개별 품목은 크게 올랐다.",물가지표,101,DT_1J22042,0,,T03,Y,POINT_CHANGE,0.25,202606,202605,0.10000000000000009,일치,,소비자물가 등락률 후보 선택. 지역/품목/월별 코드 확인 필요 | obj_l1/itm_id 자동 후보 입력,,
20,물가,기존 정확시점 불일치 22건 포함,정확시점22,재검토필요_정확시점불일치,C20278,2681,"10월 소비자물가, 2.4% 올랐다… 15개월 만에 최대 상승폭(종합)",2025-11-04,https://biz.chosun.com/policy/policy_sub/2025/11/04/ANKBQTEEQ5CPPE7DIX7SMKCLWE/,이 탓에 농축수산물 가격의 상승률은 3.1%를 기록했다.,비율·증감률,101,DT_1J22042,0,,T03,Y,CHANGE_RATE,3.1,202606,202605,3.2258064516129057,일치,,소비자물가 등락률 후보 선택. 지역/품목/월별 코드 확인 필요 | obj_l1/itm_id 자동 후보 입력,,
21,고용,층화표본:증감률재검토,증감률재검토,재검토필요_증감률불일치,C00962,134,美고용 25만6000개 증가… 예상치 크게 웃돌아,2025-01-11,https://www.chosun.com/economy/economy_general/2025/01/11/HGADIHJ5VZEDHA6GB7LDMFJZBA,실업률은 전월(4.2%)보다 소폭(0.1% 포인트) 떨어진 4.1%를 기록했다.,고용지표,101,DT_1DA7001S,0,,T80,M,POINT_CHANGE,4.1,202412,202411,1.5999999999999996,불일치,,경제활동인구 총괄 후보 선택. 실업률/실업자 항목 확인 필요 | obj_l1/itm_id 자동 후보 입력,,
22,고용,층화표본:수준값재검토,수준값재검토,재검토필요_수준값불일치,C01478,202,고용 한파… 청년이라 더 추운 겨울,2025-01-16,https://www.chosun.com/economy/economy_general/2025/01/16/IYBVLBS7D5AJ3ENSN7WNDOJX2Y,"지난달 실업률은 3.8%로 2022년 1월(4.1%) 이후 가장 높았고, 청년 실업률은 5.9%로 6%에 육박했다.",고용지표,101,DT_1DA7001S,0,,T80,M,LEVEL,6.0,202401,202312,3.7,불일치,,경제활동인구 총괄 후보 선택. 실업률/실업자 항목 확인 필요 | obj_l1/itm_id 자동 후보 입력,,
23,고용,층화표본:판단불가,판단불가,판단불가_API조회실패,C01848,253,崔 대행 “핵심 일자리 사업 예산 상반기 중 70% 이상 집행할 것”,2025-01-20,https://www.chosun.com/economy/economy_general/2025/01/20/EGM2O7ATF5DJPLD6HCFX5KCC7M,0 최상목 권한대행 부총리 겸 기획재정부 장관이 “고용장려금·직업훈련 등 일자리를 찾는 국민들께 직접적인 도움이 될 수 있는 핵심 일자리 사업 예산을 상반기 중 70% 이상 집행하도록 집중 관리하겠다”고 말했다.,고용지표,101,DT_1DA7001S,0,,T30,H,LEVEL,70.0,,,,판단불가,데이터 없음(응답은 성공했으나 매칭 실패),경제활동인구 총괄 취업자 후보 선택. 성별/취업자 항목 확인 필요 | obj_l1/itm_id 자동 후보 입력,,
24,고용,기존 수동확정 근거 앵커,확정근거,검증완료_수동확정일치,C02892,368,내수 부진에 계엄·탄핵 ‘겹악재’...청년 고용률 43개월 만에 최저,2025-01-29,https://www.chosun.com/economy/economy_general/2025/01/29/K4EFBRTSPNCKPIDHOQOSPUXDTM,청년 고용률이 45% 아래로 떨어진 건 코로나가 한창 기승하던 2021년 5월(44.4%) 이후 43개월 만이다.,고용지표,101,DT_1DA7002S,75,,T90,M,LEVEL,44.4,202105,202104,44.4,일치,,연령별 경제활동인구 총괄 후보 선택. 연령/고용률 항목 확인 필요 | obj_l1/itm_id 자동 후보 입력,202105 청년 고용률 44.4%로 주장 44.4%와 일치,
25,고용,층화표본:증감률재검토,증감률재검토,재검토필요_증감률불일치,C04584,579,1월 취업자 13.5만명 늘어...노인 일자리 신속 집행에 일시 호조,2025-02-14,https://www.chosun.com/economy/economy_general/2025/02/14/CMQ2GGIF6NFVFOK7NS472SUCSM,"청년층 고용률은 지난해 5월(-0.7%포인트) 이후 9개월째 감소하고 있는데, 코로나가 시작된 2020년 3월~2021년 2월 이후 최장 기간 감소세가 유지되는 상황이다.",고용지표,101,DT_1DA7002S,75,,T90,M,POINT_CHANGE,-0.7,202402,202401,-0.29999999999999716,불일치,,연령별 경제활동인구 총괄 후보 선택. 연령/고용률 항목 확인 필요 | obj_l1/itm_id 자동 후보 입력,,
26,고용,층화표본:증감률재검토,증감률재검토,재검토필요_증감률불일치,C05072,645,美 금리 안 내린대도… 각국 “경기 방어 우선” 속속 인하,2025-02-19,https://www.chosun.com/economy/economy_general/2025/02/19/EG54RI24PVA6PPINNPFJCXTYMM,"뉴질랜드는 지난해 2~3분기 연속 성장률이 마이너스(-)를 기록했고, 4분기 실업률은 5%를 넘는 등 성장이 둔화하고 실업률이 오르고 있기 때문이다.",고용지표,101,DT_1DA7001S,0,,T80,Q,CHANGE_RATE,5.0,202403,202402,-24.13793103448275,불일치,,경제활동인구 총괄 후보 선택. 실업률/실업자 항목 확인 필요 | obj_l1/itm_id 자동 후보 입력,,
27,고용,층화표본:판단불가,판단불가,판단불가_API조회실패,C05876,747,대기업 10곳 중 6곳 “올 상반기 신규 채용 안하거나 미정”,2025-02-27,https://www.chosun.com/economy/economy_general/2025/02/27/BFFXVPEDCRFRBHRFPYJDCVV23M,조사 결과 응답 기업의 61.1%가 상반기 신규 채용 계획을 수립하지 못했거나 채용하지 않을 것이라고 밝혔다.,고용지표,101,DT_1DA7001S,0,,T30,H,LEVEL,61.1,,,,판단불가,데이터 없음(응답은 성공했으나 매칭 실패),경제활동인구 총괄 취업자 후보 선택. 성별/취업자 항목 확인 필요 | obj_l1/itm_id 자동 후보 입력,,
28,고용,층화표본:수준값재검토,수준값재검토,재검토필요_수준값불일치,C05892,747,대기업 10곳 중 6곳 “올 상반기 신규 채용 안하거나 미정”,2025-02-27,https://www.chosun.com/economy/economy_general/2025/02/27/BFFXVPEDCRFRBHRFPYJDCVV23M,"신규 채용을 늘리겠다고 응답한 기업들은 경기 상황과 관계없이 미래 인재 확보 차원(83.3%), 회사가 속한 업종의 경기 상황 호전(16.7%) 등을 주된 이유로 꼽았다.",고용지표,101,DT_1DA7001S,0,,T30,Y,LEVEL,16.7,2025,2024,28768.9,불일치,,경제활동인구 총괄 취업자 후보 선택. 성별/취업자 항목 확인 필요 | obj_l1/itm_id 자동 후보 입력,,
29,고용,층화표본:판단불가,판단불가,판단불가_증감계산값없음,C07324,922,‘쉬었음’ 청년 50만명 넘어서... 청년 고용률 49개월 만에 최대 낙폭,2025-03-12,https://www.chosun.com/economy/economy_general/2025/03/12/RYNZ7HLF3JCOJKSPPE4VJMSTEE,기획재정부 관계자는 “예전에는 대학을 졸업하거나 구직을 희망하기 시작한 시기부터 대략 8~9개월 정도면 평균적으로 취업에 성공했지만 요즘은 1년 가까이 구직 기간이 늘었다”고 했다.,고용지표,101,DT_1DA7002S,75,,T90,Y,CHANGE_RATE,,2025,2024,-2.386117136659439,판단불가,,연령별 경제활동인구 총괄 후보 선택. 연령/고용률 항목 확인 필요 | obj_l1/itm_id 자동 후보 입력,,
30,고용,층화표본:판단불가,판단불가,판단불가_전망문장,C09229,1193,“작년 역대 최고 고용 달성? 외국인·노인 고용 늘어난 통계적인 착시에 불과”,2025-04-02,https://www.chosun.com/economy/economy_general/2025/04/02/NE2LONUUMBEZVI5DDJRPBMDR7U,"1일 예산정책처는 ‘경제 전망’ 보고서에서 작년 연간 취업자가 전년 대비 15만9000명 늘어나면서 15세 이상 고용률이 62.7%로 역대 최대를 기록했지만, 늘어난 일자리의 대부분을 외국인과 노인이 차지했다는 분석 결과를 밝혔다.",고용지표,101,DT_1DA7001S,0,,T90,Y,ABS_TO_ABS,62.7,2024,2023,62.7,일치,,경제활동인구 총괄 후보 선택. 성별/고용률 항목 확인 필요 | obj_l1/itm_id 자동 후보 입력,,
31,고용,기존 수동확정 근거 앵커,확정근거,검증완료_수동확정일치,C09952,1285,3월 청년 실업률 7.5%... 코로나 이후 최고,2025-04-09,https://www.chosun.com/economy/economy_general/2025/04/09/S5F7BYR5GJDQZFTEJM6L2KWREQ,지난달 청년층 실업률은 전체 연령대 실업률(3.1%)의 2.4배에 달한다.,고용지표,101,DT_1DA7001S,0,,T80,M,LEVEL,3.1,202503,202502,3.1,일치,,경제활동인구 총괄 후보 선택. 실업률/실업자 항목 확인 필요 | obj_l1/itm_id 자동 후보 입력,202503 전체 실업률 3.1%로 주장 3.1%와 일치,
32,고용,층화표본:수준값재검토,수준값재검토,재검토필요_수준값불일치,C09996,1292,3월 청년 실업률 7.5%… 4년 만에 최대치 기록,2025-04-10,https://www.chosun.com/economy/economy_general/2025/04/10/6WLSW5D3JFC3XHV6BX4GAXERTU,9일 통계청은 ‘3월 고용 동향’에서 지난달 15~29세 청년 실업자는 28만9000명으로 전년 동월 대비 2만6000명 늘었다고 밝혔다.,인원수,101,DT_1DA7001S,0,,T80,M,ABS_TO_ABS,6000.0,202403,202303,3.0,불일치,,경제활동인구 총괄 후보 선택. 실업률/실업자 항목 확인 필요 | obj_l1/itm_id 자동 후보 입력,,
33,고용,층화표본:수준값재검토,수준값재검토,재검토필요_수준값불일치,C14392,1897,"자체 한국어 시험, 식당엔 스리라차… K조선소 ‘다문화 용광로’ 변신",2025-05-26,https://www.chosun.com/economy/industry-company/2025/05/26/HRLHD3WEMRDOVDOYQMCGEETZJU,"특히 최근 새로 채용되는 인력의 80%가 외국인이라, 비율은 더 가파르게 늘 전망이다.",고용지표,101,DT_1DA7001S,0,,T30,Y,LEVEL,80.0,2025,2024,28768.9,불일치,,경제활동인구 총괄 취업자 후보 선택. 성별/취업자 항목 확인 필요 | obj_l1/itm_id 자동 후보 입력,,
34,고용,층화표본:증감률재검토,증감률재검토,재검토필요_증감률불일치,C14427,1903,노인 고용률 OECD 1위지만...65세 근로자 3명 중 1명은 ‘단순 노무직’,2025-05-27,https://www.chosun.com/economy/economy_general/2025/05/27/NE3J4GIGIREKTLPROKLTL2NF3M,이 비율은 70세 재취업자의 경우 59.6%까지 증가했다.,고용지표,101,DT_1DA7001S,0,,T90,Y,CHANGE_RATE,59.6,2025,2024,0.3189792663476806,불일치,,경제활동인구 총괄 후보 선택. 성별/고용률 항목 확인 필요 | obj_l1/itm_id 자동 후보 입력,,
35,고용,층화표본:증감률재검토,증감률재검토,재검토필요_증감률불일치,C15966,2096,내수 부진에 숙박·음식업 취업자 3년 반 만에 최대폭 감소,2025-06-11,https://www.chosun.com/economy/economy_general/2025/06/11/3665622P5ZDKJBVBGNZMUIVGTQ,"11일 통계청의 ‘2025년 5월 고용동향’에 따르면, 지난달 취업자는 2916만명으로 전년 동월 대비 24만5000명 증가했다.",고용지표,101,DT_1DA7001S,0,,T30,M,CHANGE_RATE,2916.0,202405,202305,0.2760514926201259,불일치,,경제활동인구 총괄 취업자 후보 선택. 성별/취업자 항목 확인 필요 | obj_l1/itm_id 자동 후보 입력,,
36,고용,기존 수동확정 근거 앵커,확정근거,검증완료_수동확정일치,C15980,2096,내수 부진에 숙박·음식업 취업자 3년 반 만에 최대폭 감소,2025-06-11,https://www.chosun.com/economy/economy_general/2025/06/11/3665622P5ZDKJBVBGNZMUIVGTQ,실업률은 2.8%로 집계됐다.,고용지표,101,DT_1DA7001S,0,,T80,M,LEVEL,2.8,202505,,2.8,일치,,경제활동인구 총괄 후보 선택. 실업률/실업자 항목 확인 필요 | obj_l1/itm_id 자동 후보 입력,202505 전체 실업률 2.8%로 주장 2.8%와 일치,
37,고용,층화표본:증감률재검토,증감률재검토,재검토필요_증감률불일치,C15981,2096,내수 부진에 숙박·음식업 취업자 3년 반 만에 최대폭 감소,2025-06-11,https://www.chosun.com/economy/economy_general/2025/06/11/3665622P5ZDKJBVBGNZMUIVGTQ,"일도, 구직 활동도 하지 않은 채 그냥 시간을 보냈다는 ‘쉬었음’ 인구는 지난달 239만명으로 전년 동월 대비 5만6000명 증가했다.",고용지표,101,DT_1DA7001S,0,,T30,M,CHANGE_RATE,239.0,202405,202305,0.2760514926201259,불일치,,경제활동인구 총괄 취업자 후보 선택. 성별/취업자 항목 확인 필요 | obj_l1/itm_id 자동 후보 입력,,
38,고용,층화표본:수준값재검토,수준값재검토,재검토필요_수준값불일치,C19439,2558,제조업 취업자 1년째 내리막에...‘쉬었음’ 20대 5년 만 최대,2025-07-16,https://www.chosun.com/economy/economy_general/2025/07/16/JJGWFZ2EF5BPZPOLN4O4NQHNLU,국제 비교 기준인 15~64세 고용률은 70.3%로 마찬가지로 6월 기준 역대 최대치를 보였다.,고용지표,101,DT_1DA7002S,20,,T90,M,LEVEL,70.3,202605,202604,59.4,불일치,,연령별 경제활동인구 총괄 후보 선택. 연령/고용률 항목 확인 필요 | obj_l1/itm_id 자동 후보 입력,,
39,고용,층화표본:판단불가,판단불가,판단불가_파라미터미확정,C19540,2569,"“그냥 쉬었다”는 20대, 5년 새 가장 많아",2025-07-17,https://www.chosun.com/economy/economy_general/2025/07/17/NDNGACBI4RAZJBDEMRKGKVA5KY,특히 20대 쉬었음 인구는 39만6000명으로 전년 동월 대비 2000명 늘었다.,인구지표,101,DT_1DA7300AS,,,T00,M,CHANGE_RATE,2000.0,,,,판단불가,obj_l1/itm_id 미확정으로 API 조회 보류,청년층 고용보조지표 후보 선택. 쉬었음 항목 포함 여부 확인 필요 | 고용보조지표 세부항목 코드 직접 확인 필요,,
40,고용,기존 수동확정 근거 앵커,확정근거,검증완료_재매핑확정일치,C19960,2638,한국서 희망 못 찾는 20대… 취업자 2년 11개월째 감소,2025-10-18,https://www.chosun.com/economy/economy_general/2025/10/18/GSSQHOVG2FAW7LHONSQ4KIKFEY/,20대 고용률은 지난해 9월(-0.2%포인트) 이후 13개월 연속 오르지 못하고 있다.,고용지표,101,DT_1DA7002S,20,,T90,M,POINT_CHANGE,-0.2,202509,202409,-0.2,일치,,경제활동인구 총괄 후보 선택. 성별/고용률 항목 확인 필요 | obj_l1/itm_id 자동 후보 입력,"20대 고용률 202409 60.9% -> 202509 60.7%, 전년동월 대비 -0.2%p로 주장과 일치","20대 고용률 202409 60.9% -> 202509 60.7%, 전년동월 대비 -0.2%p로 주장과 일치"
41,무역,기존 정확시점 불일치 22건 포함,정확시점22,재검토필요_정확시점불일치,C00078,6,"2024년 수출, 6838억달러로 ‘역대 최대’ 경신",2025-01-01,https://www.chosun.com/economy/industry-company/2025/01/01/2UPTGREAPRAWRG4XUBRMLONSKY,24 한국의 2024년 수출이 6838억 달러를 기록해 역대 최대실적을 달성했다고 1일 산업통상자원부가 밝혔다.,무역지표,360,DT_1R11001_FRM101,13102112831A.A,,13103112831T1,Y,LEVEL,6838.0,2024,2023,6836.09488,일치,,품목별 수출입 후보 선택. 품목/수출입/시점 코드 확인 필요 | obj_l1/itm_id 자동 후보 입력,,
42,무역,기존 수동확정 근거 앵커,확정근거,검증완료_수동확정일치,C00090,6,"2024년 수출, 6838억달러로 ‘역대 최대’ 경신",2025-01-01,https://www.chosun.com/economy/industry-company/2025/01/01/2UPTGREAPRAWRG4XUBRMLONSKY,◇12월 수출 6.6% 늘어난 614억달러...수출 증가율 5개월 만에 반등 한편 이날 동시에 발표된 지난 12월 수출액은 614억달러로 전년 동월 대비 6.6% 증가했다.,무역지표,360,DT_1R11001_FRM101,13102112831A.A,,13103112831T1,M,CHANGE_RATE,6.6,202412,202312,6.576076126262444,일치,,품목별 수출입 후보 선택. 품목/수출입/시점 코드 확인 필요 | obj_l1/itm_id 자동 후보 입력,"202312 57,573,193 -> 202412 61,359,250천달러, 전년동월비 6.576%로 주장 6.6%와 일치",
43,무역,층화표본:증감률재검토,증감률재검토,재검토필요_증감률불일치,C00515,57,"“보험사, 올해 경기 불확실성 확대로 인한 유동성 모니터링 강화해야”",2025-01-05,https://www.chosun.com/economy/money/2025/01/05/4RQQJHQPRSPR4FCEJPVQ2FVIJE,연구원은 올해 내수가 완만히 개선되는 가운데 수출 증가세가 둔화하면서 경제성장률은 작년에 비해 다소 하락한 2% 수준이 될 것으로 예상했다.,무역지표,360,DT_1R11001_FRM101,13102112831A.A,,13103112831T1,Y,CHANGE_RATE,2.0,2024,2023,8.127422520469521,불일치,,품목별 수출입 후보 선택. 품목/수출입/시점 코드 확인 필요 | obj_l1/itm_id 자동 후보 입력,,
44,무역,층화표본:판단불가,판단불가,판단불가_정확시점조회실패,C01375,191,“트럼프 2기 출범 후 일괄 관세 부과하면 한국 수출 큰 타격”,2025-01-15,https://www.chosun.com/economy/economy_general/2025/01/15/NGXOCXC67ZDMXJGBKFCDZHY77Q,한국의 수출 증가율(전년 동월 대비)은 지난해 7월 13.5%를 기록한 이후 계속해서 떨어져 지난 11월에는 1.4%로 둔화됐다.,무역지표,360,DT_1R11001_FRM101,13102112831A.A,,13103112831T1,M,CHANGE_RATE,1.4,202411,202311,1.3094397536117452,일치,,품목별 수출입 후보 선택. 품목/수출입/시점 코드 확인 필요 | obj_l1/itm_id 자동 후보 입력,,
45,무역,층화표본:판단불가,판단불가,판단불가_API조회실패,C01491,204,환율 급등에… 지난달 수입 물가 1년 새 7% 올라,2025-01-16,https://www.chosun.com/economy/economy_general/2025/01/16/KFNWNIFDPZF53CYGWMZQWEYAJU,세부 품목 중에선 원산지인 브라질과 베트남의 가뭄 때문에 커피(95.4%) 수입 가격이 1년 전보다 크게 뛰기도 했다.,무역지표,301,DT_401Y015,13102134643ACC_CD.*AA,,13103134643999,Y,LEVEL,95.4,,,,판단불가,데이터 없음(응답은 성공했으나 매칭 실패),수입물가지수 후보 선택. 기본분류/통화 기준 항목 확인 필요 | obj_l1/itm_id 자동 후보 입력,,
46,무역,기존 정확시점 불일치 22건 포함,정확시점22,재검토필요_정확시점불일치,C01924,268,새해 첫 20일 수출 5.1%↓ 엿새 설 연휴로 1월 전체 수출 감소 가능성,2025-01-21,https://www.chosun.com/economy/economy_general/2025/01/21/I6KIDJTHINBDZJKIJQNJX7YJ5Q,"그 결과 작년 한 해 전체 수출액은 6838억달러로 1년 전 대비 8.2% 증가했고, 기존 역대 최대 규모였던 2022년 기록(6836억달러)을 깨고 역대 최대 수출 실적을 달성했다.",무역지표,360,DT_1R11001_FRM101,13102112831A.A,,13103112831T1,Y,CHANGE_RATE,8.2,2024,2023,8.127422520469521,일치,,품목별 수출입 후보 선택. 품목/수출입/시점 코드 확인 필요 | obj_l1/itm_id 자동 후보 입력,,
47,무역,층화표본:수준값재검토,수준값재검토,재검토필요_수준값불일치,C02176,298,"저조한 내수에 계엄, 탄핵, 여객기 사고 여파까지…4분기 성장 0.1%",2025-01-23,https://www.chosun.com/economy/economy_general/2025/01/23/X67EMVNMCNF3PIODGNPUZMAQHU,"이에 따라 성장기여도는 순수출(수출-수입)이 -0.8%포인트에서 0.1%포인트로 올라간 반면, 내수의 성장기여도는 0.8%포인트에서 0%포인트로 떨어졌다.",무역지표,360,DT_1R11001_FRM101,13102112831A.A,,13103112831T1,Y,ABS_TO_ABS,0.0,2025,2024,709330045.0,불일치,,품목별 수출입 후보 선택. 품목/수출입/시점 코드 확인 필요 | obj_l1/itm_id 자동 후보 입력,,
48,무역,기존 정확시점 불일치 22건 포함,정확시점22,재검토필요_정확시점불일치,C03779,478,"작년 경상수지 흑자 990억달러...전년보다 3배로↑,역대 두번째 규모",2025-02-06,https://www.chosun.com/economy/economy_general/2025/02/06/RO32ISHXHREYLO3V4B2GJHWXEI,작년 12월 수출은 전년보다 6.6% 늘어난 633억달러를 기록했다.,무역지표,360,DT_1R11001_FRM101,13102112831A.A,,13103112831T1,M,LEVEL,633.0,202412,202411,613.5925,일치,,품목별 수출입 후보 선택. 품목/수출입/시점 코드 확인 필요 | obj_l1/itm_id 자동 후보 입력,,
49,무역,기존 정확시점 불일치 22건 포함,정확시점22,재검토필요_정확시점불일치,C03850,489,경상수지 역대 둘째로 많은 흑자 낸 까닭은,2025-02-07,https://www.chosun.com/economy/economy_general/2025/02/07/JXWFUVYXYRFO3OXEWCPCGJUSGE,"작년 12월 수출은 633억달러로 전달보다 11.1%, 전년 같은 달보다 6.6% 뛰었다.",무역지표,360,DT_1R11001_FRM101,13102112831A.A,,13103112831T1,M,LEVEL,633.0,202412,202411,613.5925,일치,,품목별 수출입 후보 선택. 품목/수출입/시점 코드 확인 필요 | obj_l1/itm_id 자동 후보 입력,,
50,무역,층화표본:증감률재검토,증감률재검토,재검토필요_증감률불일치,C04067,513,美 보편관세 부과땐... 작년 한국 수출액의 1.9% 날아간다,2025-02-09,https://www.chosun.com/economy/industry-company/2025/02/09/Q7MADBZN2RG77FHRLLCOZSLZLA,"미국의 수입 상위 30국 중 칠레(-2.26%), 호주(-7.04%), 일본(-7.32%)에 이어 넷째로 적게 감소할 것으로 분석됐다.",무역지표,360,DT_1R11006_FRM101,13102103829E.US,,13103103829T1,Y,CHANGE_RATE,-7.32,2025,2024,-3.843459068703951,불일치,,국가별 수출입 후보 선택. 국가/수출입/시점 코드 확인 필요 | 국가 코드 자동선택: 미국,,
51,무역,기존 수동확정 근거 앵커,확정근거,검증완료_수동확정일치,C04394,555,‘무역 전쟁’ 먹구름… KDI도 성장률 전망 1.6%로 낮췄다,2025-02-12,https://www.chosun.com/economy/economy_general/2025/02/12/ET3EQF2MVBAHFFHKLSQYVTVVTM,지난해 수출은 전년 대비 8.2% 증가하며 역대 최대 실적을 기록했다.,무역지표,360,DT_1R11001_FRM101,13102112831A.A,,13103112831T1,Y,CHANGE_RATE,8.2,2024,2023,8.127422520469521,일치,,품목별 수출입 후보 선택. 품목/수출입/시점 코드 확인 필요 | obj_l1/itm_id 자동 후보 입력,"2023 632,225,824 -> 2024 683,609,488천달러, 8.127% 증가로 주장 8.2%와 일치",
52,무역,층화표본:수준값재검토,수준값재검토,재검토필요_수준값불일치,C05519,706,트럼프 관세 위협에 벤츠·GM 美생산 확대 검토,2025-02-24,https://www.chosun.com/economy/auto/2025/02/24/SCJ4LVAVYFCW5BFH2DJMY2OKDI,"5 도널드 트럼프 미국 대통령이 최근 자동차 관세율을 25%로 예고한 가운데, 글로벌 자동차 업체들이 대응책 마련에 나서고 있다.",무역지표,360,DT_1R11006_FRM101,13102103829E.US,,13103103829T1,Y,LEVEL,25.0,2025,2024,122850915.0,불일치,,국가별 수출입 후보 선택. 국가/수출입/시점 코드 확인 필요 | 국가 코드 자동선택: 미국,,
53,무역,층화표본:증감률재검토,증감률재검토,재검토필요_증감률불일치,C07664,970,지난달 IT 수출액 늘었지만… 對中 반도체 수출은 30% ‘뚝’,2025-03-16,https://www.chosun.com/economy/industry-company/2025/03/16/YTIMRXZ7Z5EUFFJHJSX6EFBY3U,"지역별로는 미국(11.5%), 베트남(15.6%), 대만(124.3%), 인도(54.9%) 등에서 ICT 수출이 증가했지만 중국(-19.6%), 유럽연합(-7.6%), 일본(-5.7%) 등에서는 감소했다.",무역지표,360,DT_1R11006_FRM101,13102103829E.US,,13103103829T1,Y,CHANGE_RATE,-5.7,2025,2024,-3.843459068703951,불일치,,국가별 수출입 후보 선택. 국가/수출입/시점 코드 확인 필요 | 국가 코드 자동선택: 미국,,
54,무역,기존 정확시점 불일치 22건 포함,정확시점22,재검토필요_정확시점불일치,C08645,1120,"대미 수출의 27%, 車가 흔들린다… GM의 한국 공장 최대 타격",2025-03-28,https://www.chosun.com/economy/auto/2025/03/28/7PKR6UAHUZCMZOYVHUBNJ76PNU,"한국무역협회에 따르면, 지난해 대미 자동차 수출액은 347억달러(약 51조원)를 웃돌며 미국으로 향한 전체 수출(1278억달러)의 27.1%를 차지했다.",무역지표,360,DT_1R11006_FRM101,13102103829E.US,,13103103829T1,Y,LEVEL,1278.0,2024,2023,1277.61371,일치,,국가별 수출입 후보 선택. 국가/수출입/시점 코드 확인 필요 | 국가 코드 자동선택: 미국,,
55,무역,기존 정확시점 불일치 22건 포함,정확시점22,재검토필요_정확시점불일치,C10172,1313,대기업 의존하던 中企… 이젠 K뷰티·첨단 장비 ‘독자 수출’,2025-04-11,https://www.chosun.com/economy/industry-company/2025/04/11/LZREOYA2CZCXVDFDG6FBQEH56A,"◇화장품, K중기 글로벌 진출의 ‘간판’ 작년 우리 중소기업의 화장품 수출액은 약 68억달러(약 9조9200억원)로, 국내 화장품 전체 수출(102억달러) 중 67%를 차지한다.",무역지표,360,DT_1R11001_FRM101,13102112831A.553,,13103112831T1,Y,LEVEL,102.0,2024,2023,98.29853,일치,,품목별 수출입 후보 선택. 품목/수출입/시점 코드 확인 필요 | 품목 세부 코드 필요: 총액 코드로 확정하지 않음 | 품목 코드 자동 후보: 향수 및 화장품,,
56,무역,층화표본:수준값재검토,수준값재검토,재검토필요_수준값불일치,C10228,1318,美 소비자심리지수 4달째 급락… ‘인플레 우려’ 1981년 이후 최고치,2025-04-12,https://www.chosun.com/economy/industry-company/2025/04/12/PDKJXD54YJF6BF6LBD3WPDRYDQ,"트럼프 대통령은 중국산에 대해 총 145%의 관세를 부과하자, 중국은 미국산 수입품 관세를 125% 올려 대응했다.",무역지표,360,DT_1R11006_FRM101,13102103829E.US,,13103103829T2,Y,LEVEL,125.0,2025,2024,73366048.0,불일치,,국가별 수출입 후보 선택. 국가/수출입/시점 코드 확인 필요 | 국가 코드 자동선택: 미국,,
57,무역,층화표본:판단불가,판단불가,판단불가_API조회실패,C11172,1439,내달 제조업 경기 전망 30개월 만에 최저 기록,2025-04-21,https://www.chosun.com/economy/economy_general/2025/04/21/QNISFLMHSZFOFBXQI62EAJUKJ4,제조업 경기 전망 지수가 급격히 떨어진 주요 원인은 지난 2일(현지 시각) 발표된 트럼프발 상호 관세 폭풍 여파로 인해 생산과 수출 전망 모두 크게 나빠졌기 때문이다.,무역지표,360,DT_1R11001_FRM101,13102112831A.A,,13103112831T1,Y,LEVEL,,2025,2024,709330045.0,판단불가,,품목별 수출입 후보 선택. 품목/수출입/시점 코드 확인 필요 | obj_l1/itm_id 자동 후보 입력,,
58,무역,층화표본:수준값재검토,수준값재검토,재검토필요_수준값불일치,C18644,2442,트럼프 ‘관세 편지’ 막아라… 여한구 “올코트 프레싱”,2025-07-07,https://www.chosun.com/economy/industry-company/2025/07/07/HZCBGWGDLBALHLMVOALK74ZYJY,트럼프 대통령은 그 전날에도 기자들과 만난 자리에서 “관세율은 10~20%에서 60~70%까지 다양할 것”이라면서 새로운 관세율이 적용되는 시점으로는 “8월 1일”을 제시했다.,무역지표,360,DT_1R11001_FRM101,13102112831A.A,,13103112831T1,M,ABS_TO_ABS,70.0,202605,202604,87821386.0,불일치,,품목별 수출입 후보 선택. 품목/수출입/시점 코드 확인 필요 | obj_l1/itm_id 자동 후보 입력,,
59,무역,층화표본:판단불가,판단불가,판단불가_증감계산값없음,C19610,2584,6월 자동차 수출액 역대 최대… 시장 다각화 효과,2025-07-18,https://www.chosun.com/economy/industry-company/2025/07/18/C7ULQI2PJZHQFLSGFVXGFOJZBI,"2 지난달 한국의 대미(對美) 자동차 수출액은 지난해 6월보다 감소했으며, 4개월 연속 전년 동기 대비 마이너스였다.",무역지표,360,DT_1R11006_FRM101,13102103829E.00,,13103103829T1,M,CHANGE_RATE,,202406,202306,5.605904067413175,판단불가,,국가별 수출입 후보 선택. 국가/수출입/시점 코드 확인 필요 | obj_l1/itm_id 자동 후보 입력,,
60,무역,층화표본:증감률재검토,증감률재검토,재검토필요_증감률불일치,C20480,2705,3분기 수출 역대 최대… 美 관세 폭탄에도 반도체·지역 다변화로 선방,2025-11-10,https://biz.chosun.com/policy/policy_sub/2025/11/10/FJZFOVSDGBEVDPIJJYVIHAC63E/,"전기전자, 운송장비 부문에서 수출이 늘면서, 광·제조업 수출액은 전년도 3분기 대비 8% 증가했다.",무역지표,360,DT_1R11001_FRM101,13102112831A.7763,,13103112831T1,Q,CHANGE_RATE,8.0,202403,202402,3.8317872430658957,불일치,,품목별 수출입 후보 선택. 품목/수출입/시점 코드 확인 필요 | 품목 세부 코드 필요: 총액 코드로 확정하지 않음 | 품목 코드 자동 후보: 반도체 디바이스,,
61,인구,층화표본:수준값재검토,수준값재검토,재검토필요_수준값불일치,C02004,279,작년 11월 출생아 14.6% 증가...2010년 이후 최대폭,2025-01-22,https://www.chosun.com/economy/economy_general/2025/01/22/HAHTAVPQ75BJXM4GWC4SNRKAZA,작년 1월부터 11월까지 출생아 수 22만94명으로 전년에 비해 3% 늘어났다.,인구지표,101,INH_1B8000F_01,11,,T1,M,LEVEL,3.0,2024,2023,238317.0,불일치,,출생아수/합계출산율 후보 선택. 기본항목/시점 코드 확인 필요 | obj_l1/itm_id 자동 후보 입력,,
62,인구,기존 정확시점 불일치 22건 포함,정확시점22,재검토필요_정확시점불일치,C02005,279,작년 11월 출생아 14.6% 증가...2010년 이후 최대폭,2025-01-22,https://www.chosun.com/economy/economy_general/2025/01/22/HAHTAVPQ75BJXM4GWC4SNRKAZA,출생아 수는 2015년 0.7% 증가했다가 2016년(-7.3%)부터 2023년(-7.7%)까지 8년 연속 감소했었다.,인구지표,101,INH_1B8000F_01,11,,T1,Y,CHANGE_RATE,-7.7,2023,2022,-7.68823288627772,일치,,출생아수/합계출산율 후보 선택. 기본항목/시점 코드 확인 필요 | obj_l1/itm_id 자동 후보 입력,,
63,인구,층화표본:증감률재검토,증감률재검토,재검토필요_증감률불일치,C02109,292,11월 출생아 수 증가율 14.6%… 14년 만에 최고,2025-01-23,https://www.chosun.com/economy/economy_general/2025/01/23/JUAXRZRN6NBLFGZUGXBFXGPKOU,월별 출생아 수는 작년 7월(7.9%)부터 11월까지 5개월 연속으로 늘었다.,인구지표,101,INH_1B8000F_01,11,,T1,M,CHANGE_RATE,7.9,2024,2023,3.6034743596431738,불일치,,출생아수/합계출산율 후보 선택. 기본항목/시점 코드 확인 필요 | obj_l1/itm_id 자동 후보 입력,,
64,인구,기존 정확시점 불일치 22건 포함,정확시점22,재검토필요_정확시점불일치,C02110,292,11월 출생아 수 증가율 14.6%… 14년 만에 최고,2025-01-23,https://www.chosun.com/economy/economy_general/2025/01/23/JUAXRZRN6NBLFGZUGXBFXGPKOU,연간 출생아 수는 2015년 0.7% 증가한 것을 마지막으로 2016년(-7.3%)부터 2023년(-7.7%)까지 8년 연속 감소했다.,인구지표,101,INH_1B8000F_01,11,,T1,Y,CHANGE_RATE,-7.7,2023,2022,-7.68823288627772,일치,,출생아수/합계출산율 후보 선택. 기본항목/시점 코드 확인 필요 | obj_l1/itm_id 자동 후보 입력,,
65,인구,층화표본:수준값재검토,수준값재검토,재검토필요_수준값불일치,C02115,292,11월 출생아 수 증가율 14.6%… 14년 만에 최고,2025-01-23,https://www.chosun.com/economy/economy_general/2025/01/23/JUAXRZRN6NBLFGZUGXBFXGPKOU,혼인 건수는 작년 4월(24.6%)부터 8개월째 늘고 있다.,비율·증감률,101,INH_1B8000F_01,11,,T1,M,LEVEL,24.6,2024,2023,238317.0,불일치,,출생아수/합계출산율 후보 선택. 기본항목/시점 코드 확인 필요 | obj_l1/itm_id 자동 후보 입력,,
66,인구,기존 수동확정 근거 앵커,확정근거,검증완료_수동확정일치,C05780,736,작년 출생아 수 9년 만에 추락 멈췄다... 전년 대비 3.6% 늘어,2025-02-26,https://www.chosun.com/economy/economy_general/2025/02/26/5GBKUCD4IZBE7PA33W2SH2256A,54 지난해 출생아 수가 전년 대비 3.6% 늘어나며 9년 만에 반등한 것으로 나타났다.,인구지표,101,INH_1B8000F_01,11,,T1,Y,CHANGE_RATE,3.6,2024,2023,3.6034743596431738,일치,,출생아수/합계출산율 후보 선택. 기본항목/시점 코드 확인 필요 | obj_l1/itm_id 자동 후보 입력,"2023 230,028명 -> 2024 238,317명, 3.603% 증가로 주장 3.6%와 일치",
67,인구,층화표본:판단불가,판단불가,판단불가_API조회실패,C05830,740,작년 혼인 건수 15% 늘어...증가율 1970년 집계 이래 최고,2025-02-26,https://www.chosun.com/economy/economy_general/2025/02/26/GSSMZGGYMBGKXLHSR4WOOWUCQ4,작년 4월부터 12월까지 9달 연속으로 혼인이 늘면서 한해 결혼 건수가 15%가량 늘어났다.,비율·증감률,101,DT_1B8000F,13,,T1,M,LEVEL,15.0,,,,판단불가,데이터 없음(응답은 성공했으나 매칭 실패),인구동태 후보 선택. 출생/사망/혼인/이혼 항목 확인 필요 | obj_l1/itm_id 자동 후보 입력,,
68,인구,층화표본:증감률재검토,증감률재검토,재검토필요_증감률불일치,C05915,749,출산율 9년 만에 반등… “앞으로 7년이 골든타임”,2025-02-27,https://www.chosun.com/economy/economy_general/2025/02/27/JSTSHA6HNJHELOV3RULNHTIZBI,그는 또 작년 혼인 건수 증가율이 14.9%에 달했다는 점을 들며 “혼인 증가는 시차를 두고 출산으로 이어진다는 점에서 향후 강한 반등 흐름을 기대하게 하는 매우 고무적인 결과”라고 했다.,비율·증감률,101,INH_1B8000F_01,30,,T1,Y,CHANGE_RATE,14.9,2024,2023,3.7447988904299616,불일치,,출생아수/합계출산율 후보 선택. 기본항목/시점 코드 확인 필요 | obj_l1/itm_id 자동 후보 입력,,
69,인구,층화표본:수준값재검토,수준값재검토,재검토필요_수준값불일치,C06389,803,베트남 보다 못한 한국 여성 인권? [사이공모닝],2025-03-03,https://www.chosun.com/economy/market_trend/2025/03/03/2UOZGHNYNRATZH3YP5CQCWSJQU,베트남 역시 작년 합계 출산율이 1.91명으로 동남아 최하위권에 속하면서 범정부적인 대책을 촉구하는 목소리가 높아지고 있지요.,인구지표,101,INH_1B8000F_01,30,,T1,Y,LEVEL,1.91,2024,2023,0.748,불일치,,출생아수/합계출산율 후보 선택. 기본항목/시점 코드 확인 필요 | obj_l1/itm_id 자동 후보 입력,,
70,인구,층화표본:증감률재검토,증감률재검토,재검토필요_증감률불일치,C08572,1111,"1월 출생아 2만4000명, 증가 폭 사상 최대",2025-03-27,https://www.chosun.com/economy/economy_general/2025/03/27/Q5A5W36TFJB7FKFW5P5B6LKYYI,"증가 폭은 다소 둔화됐지만, 지난해 1월 혼인 건수가 11.6%가량 크게 늘어났던 점을 감안하면 증가세가 계속 이어지고 있다는 분석이다.",비율·증감률,101,INH_1B8000F_01,11,,T1,M,CHANGE_RATE,11.6,2024,2023,3.6034743596431738,불일치,,출생아수/합계출산율 후보 선택. 기본항목/시점 코드 확인 필요 | obj_l1/itm_id 자동 후보 입력,,
71,인구,층화표본:수준값재검토,수준값재검토,재검토필요_수준값불일치,C08708,1125,"女 대졸 이상 비율, 80년대생부터 男 앞서",2025-03-28,https://www.chosun.com/economy/economy_general/2025/03/28/FV56ZTW6QJB45D7N322ZPHFHYU,1978년 2.64명에 달했던 합계 출산율(여성 한 명이 낳을 것으로 예상되는 아이 수)은 1984년 1.74명으로 1명대로 떨어졌다.,인구지표,101,INH_1B8000F_01,30,,T1,Y,LEVEL,1.0,1984,1983,1.74,불일치,,출생아수/합계출산율 후보 선택. 기본항목/시점 코드 확인 필요 | obj_l1/itm_id 자동 후보 입력,,
72,인구,층화표본:판단불가,판단불가,판단불가_증감계산값없음,C09699,1254,대전이 혼인율 1위… ‘9년 1위’ 세종 제친 비결은,2025-04-07,https://www.chosun.com/economy/economy_general/2025/04/07/LBO7UL4UXNHUJJNR6MHPXL4W2M,작년 대전의 혼인 건수는 7986건으로 1년 전보다 53.2% 급증했다.,비율·증감률,101,DT_1B8000F,13,,T1,Y,CHANGE_RATE,53.2,,,,판단불가,데이터 없음(응답은 성공했으나 매칭 실패),인구동태 후보 선택. 출생/사망/혼인/이혼 항목 확인 필요 | obj_l1/itm_id 자동 후보 입력,,
73,인구,층화표본:증감률재검토,증감률재검토,재검토필요_증감률불일치,C14590,1924,"결혼 늘고 정책 먹혔다... 1분기 합계출산율, 2년 만에 0.8명대 복귀",2025-05-28,https://www.chosun.com/economy/economy_general/2025/05/28/YCG67WTAFRH2JCK555W6H46K7Y,"작년 연간 합계출산율이 0.75명을 기록하며 2023년(0.72명) 대비 증가세를 보였는데, 올해 들어 첫 분기부터 긍정적인 흐름을 이어가고 있는 것이다.",인구지표,101,INH_1B8000F_01,30,,T1,Q,CHANGE_RATE,0.72,2024,2023,3.7447988904299616,불일치,,출생아수/합계출산율 후보 선택. 기본항목/시점 코드 확인 필요 | obj_l1/itm_id 자동 후보 입력,,
74,인구,기존 정확시점 불일치 22건 포함,정확시점22,재검토필요_정확시점불일치,C14609,1927,90년대생 결혼 늘자 출산율 다시 0.8명대,2025-05-29,https://www.chosun.com/economy/economy_general/2025/05/29/4U6B4YZJFFBRFFDJZFYTZWWI5A,0 올해 1분기 합계출산율(여성 한 명이 평생 낳을 것으로 기대되는 아이 수)이 2년 만에 0.8명대로 올라섰다.,인구지표,101,INH_1B8000F_01,30,,T1,Q,LEVEL,0.8,2025,2024,0.8,일치,,출생아수/합계출산율 후보 선택. 기본항목/시점 코드 확인 필요 | obj_l1/itm_id 자동 후보 입력,,
75,인구,층화표본:수준값재검토,수준값재검토,재검토필요_수준값불일치,C14615,1927,90년대생 결혼 늘자 출산율 다시 0.8명대,2025-05-29,https://www.chosun.com/economy/economy_general/2025/05/29/4U6B4YZJFFBRFFDJZFYTZWWI5A,분기 기준으로 합계출산율이 0.8명대를 기록한 것은 지난 2023년 1분기(0.82명) 이후 2년 만이다.,인구지표,101,INH_1B8000F_01,30,,T1,Q,LEVEL,0.82,2023,2022,0.721,불일치,,출생아수/합계출산율 후보 선택. 기본항목/시점 코드 확인 필요 | obj_l1/itm_id 자동 후보 입력,,
76,인구,층화표본:증감률재검토,증감률재검토,재검토필요_증감률불일치,C20157,2665,"8월 출생아 수, 전년 동월 대비 3.8% ↑… 증가 폭은 주춤",2025-10-29,https://biz.chosun.com/policy/policy_sub/2025/10/29/VFRFUY4DDZH4TNR3FPDRDKHHII/,같은 달 이혼 건수는 7196건으로 전년 동월 대비 420건(5.5%) 줄었다.,비율·증감률,101,INH_1B8000F_01,11,,T1,M,CHANGE_RATE,5.5,2024,2012,-50.81684036735115,불일치,,출생아수/합계출산율 후보 선택. 기본항목/시점 코드 확인 필요 | obj_l1/itm_id 자동 후보 입력,,
77,인구,층화표본:증감률재검토,증감률재검토,재검토필요_증감률불일치,C20159,2665,"8월 출생아 수, 전년 동월 대비 3.8% ↑… 증가 폭은 주춤",2025-10-29,https://biz.chosun.com/policy/policy_sub/2025/10/29/VFRFUY4DDZH4TNR3FPDRDKHHII/,한편 이날 함께 발표된 '9월 국내 인구 이동 통계'에 따르면 지난달 거주지를 이동한 이동자 수는 49만4000명으로 전년 동월 대비 6.5%(3만명) 증가했다.,인구지표,101,INH_1B8000F_01,11,,T1,M,CHANGE_RATE,6.5,2024,2012,-50.81684036735115,불일치,,출생아수/합계출산율 후보 선택. 기본항목/시점 코드 확인 필요 | obj_l1/itm_id 자동 후보 입력,,
78,인구,층화표본:판단불가,판단불가,판단불가_증감계산값없음,C20346,2694,"다문화 혼인 5% 증가, 전체 혼인 10건 중 1건은 다문화 결혼",2025-11-06,https://www.chosun.com/economy/economy_general/2025/11/06/ICMO6ZPTDVFSNKDVKFZJT2F77U/,"6일 국가데이터처가 발표한 ’2024년 다문화 인구동태 통계결과’에 따르면, 전체 혼인 중 다문화 혼인 비중은 9.6%로 전년 대비 1.0%포인트 감소했다.",인구지표,101,DT_1B8000F,13,,T1,Y,POINT_CHANGE,1.0,,,,판단불가,데이터 없음(응답은 성공했으나 매칭 실패),인구동태 후보 선택. 출생/사망/혼인/이혼 항목 확인 필요 | obj_l1/itm_id 자동 후보 입력,,
79,인구,층화표본:판단불가,판단불가,판단불가_증감계산값없음,C20348,2694,"다문화 혼인 5% 증가, 전체 혼인 10건 중 1건은 다문화 결혼",2025-11-06,https://www.chosun.com/economy/economy_general/2025/11/06/ICMO6ZPTDVFSNKDVKFZJT2F77U/,"전년 대비 외국인 아내, 외국인 남편과의 혼인 비중이 각각 1.4%포인트, 0.3%포인트 증가했다.",비율·증감률,101,DT_1B8000F,13,,T1,Y,POINT_CHANGE,0.3,,,,판단불가,데이터 없음(응답은 성공했으나 매칭 실패),인구동태 후보 선택. 출생/사망/혼인/이혼 항목 확인 필요 | obj_l1/itm_id 자동 후보 입력,,
80,인구,층화표본:판단불가,판단불가,판단불가_증감계산값없음,C20353,2694,"다문화 혼인 5% 증가, 전체 혼인 10건 중 1건은 다문화 결혼",2025-11-06,https://www.chosun.com/economy/economy_general/2025/11/06/ICMO6ZPTDVFSNKDVKFZJT2F77U/,다문화 출생(1만3416명)은 전년 대비 10.4%(1266명) 증가했다.,비율·증감률,101,DT_1B8000F,13,,T1,Y,CHANGE_RATE,10.4,,,,판단불가,데이터 없음(응답은 성공했으나 매칭 실패),인구동태 후보 선택. 출생/사망/혼인/이혼 항목 확인 필요 | obj_l1/itm_id 자동 후보 입력,,
81,소매,층화표본:수준값재검토,수준값재검토,재검토필요_수준값불일치,C00234,23,정부 “올해 경제성장률 1.8%”… 한은 전망보다 더 낮췄다,2025-01-02,https://www.chosun.com/economy/economy_general/2025/01/02/FWT5PD42TZED7JTIXYCIECCFRE,다만 11월 소매판매는 전년 동월과 비교하면 1.9% 줄어 부진한 흐름을 이어갔다.,비율·증감률,101,DT_1K41012,G0,,T2,M,LEVEL,1.9,202411,202311,105.1,불일치,,전국/지역 미상 소매판매 claim이라 전국 소매판매액지수 표로 변경 | 상품군 obj_l1 직접 확인 필요 | 상품군 코드 자동 후보: 총지수(G0),,
82,소매,층화표본:수준값재검토,수준값재검토,재검토필요_수준값불일치,C00510,56,고물가에 설선물 벅차다면…사전예약‧묶음판매 그나마 싸다,2025-01-05,https://www.chosun.com/economy/market_trend/2025/01/05/GAQ4BB4HOJEWNP5GGCUHQTHY7M,올해 생산량이 늘어난 샤인머스캣 역시 지난 설 대비 약 30% 저렴하다.,판매·생산량,101,DT_1J22003,T10,,T,Y,LEVEL,30.0,2025,2024,116.61,불일치,,소비자물가지수 후보 선택. 지역/품목 코드 확인 필요 | obj_l1/itm_id 자동 후보 입력,,
83,소매,층화표본:판단불가,판단불가,판단불가_API조회실패,C02244,304,김값은 金값인데 산지 물김은 폭락…3000t 버려졌다,2025-01-24,https://www.chosun.com/economy/economy_general/2025/01/24/2KMYIYIKNZFNTBAH6SIVSRIBAQ,24일 농수산식품유통공사에 따르면 마른김(중품) 10장 평균 소매 가격은 전날 기준 1467원이었다.,금액,101,DT_1EW0001,0,,T01,Y,LEVEL,1467.0,,,,판단불가,데이터 없음(응답은 성공했으나 매칭 실패),어업생산동향 후보 선택. 어업/판매형태/지역 코드 확인 필요 | obj_l1/itm_id 자동 후보 입력,,
84,소매,층화표본:증감률재검토,증감률재검토,재검토필요_증감률불일치,C03489,440,작년 소매판매 2.2% 줄어... 21년 만에 최대 감소폭,2025-02-03,https://www.chosun.com/economy/economy_general/2025/02/03/Y7UQBA7SO5AJTKSOUUK52DYR34,0 작년 물품 소비에 해당하는 소매 판매가 전년 대비 2.2% 줄어들면서 21년 만에 최대 감소 폭을 기록했다.,비율·증감률,101,DT_1K41012,G12,,T2,Y,CHANGE_RATE,2.2,2024,2023,-4.226918798665196,불일치,,전국/지역 미상 소매판매 claim이라 전국 소매판매액지수 표로 변경 | 상품군 obj_l1 직접 확인 필요 | 상품군 코드 자동 후보: 가전제품(G12),,
85,소매,기존 정확시점 불일치 22건 포함,정확시점22,재검토필요_정확시점불일치,C03495,440,작년 소매판매 2.2% 줄어... 21년 만에 최대 감소폭,2025-02-03,https://www.chosun.com/economy/economy_general/2025/02/03/Y7UQBA7SO5AJTKSOUUK52DYR34,소매 판매 감소는 지난 2022년(-0.3%)과 2023년(-1.5%)에 이어 3년 연속이다.,비율·증감률,101,DT_1K41012,G0,,T2,Y,CHANGE_RATE,-1.5,2023,2022,-1.327014218009484,일치,,전국/지역 미상 소매판매 claim이라 전국 소매판매액지수 표로 변경 | 상품군 obj_l1 직접 확인 필요 | 상품군 코드 자동 후보: 총지수(G0),,
86,소매,기존 수동확정 근거 앵커,확정근거,검증완료_수동확정일치,C03497,440,작년 소매판매 2.2% 줄어... 21년 만에 최대 감소폭,2025-02-03,https://www.chosun.com/economy/economy_general/2025/02/03/Y7UQBA7SO5AJTKSOUUK52DYR34,감소 폭은 지난 2003년(-3.2%) 이후 21년 만에 가장 크다.,비율·증감률,101,DT_1K41012,G0,,T2,Y,CHANGE_RATE,-3.2,2003,2002,-3.2,일치,,전국/지역 미상 소매판매 claim이라 전국 소매판매액지수 표로 변경 | 상품군 obj_l1 직접 확인 필요 | 상품군 코드 자동 후보: 총지수(G0),"2002 62.5 -> 2003 60.5, 감소율 -3.2%로 주장 -3.2%와 일치",
87,소매,층화표본:증감률재검토,증감률재검토,재검토필요_증감률불일치,C03498,440,작년 소매판매 2.2% 줄어... 21년 만에 최대 감소폭,2025-02-03,https://www.chosun.com/economy/economy_general/2025/02/03/Y7UQBA7SO5AJTKSOUUK52DYR34,"의복 등 준내구재(-3.7%)와 승용차 등 내구재(-3.1%), 음·식료품 등 비내구재(-1.4%)가 일제히 감소했다.",비율·증감률,101,DT_1K41012,G11,,T2,Y,CHANGE_RATE,-1.4,2025,2024,10.965794768611662,불일치,,전국/지역 미상 소매판매 claim이라 전국 소매판매액지수 표로 변경 | 상품군 obj_l1 직접 확인 필요 | 상품군 코드 자동 후보: 승용차(G11),,
88,소매,층화표본:수준값재검토,수준값재검토,재검토필요_수준값불일치,C03562,448,끝이 안 보이는 내수 부진… 소매 판매 21년 만에 최대 감소,2025-02-04,https://www.chosun.com/economy/economy_general/2025/02/04/54YXZORW2RA5FHIRI552AGTUY4,작년 1월 대비 11.8% 줄어든 수치다.,비율·증감률,101,DT_1K41012,G0,,T2,M,LEVEL,11.8,202401,202312,100.6,불일치,,전국/지역 미상 소매판매 claim이라 전국 소매판매액지수 표로 변경 | 상품군 obj_l1 직접 확인 필요 | 상품군 코드 자동 후보: 총지수(G0),,
89,소매,층화표본:증감률재검토,증감률재검토,재검토필요_증감률불일치,C03563,448,끝이 안 보이는 내수 부진… 소매 판매 21년 만에 최대 감소,2025-02-04,https://www.chosun.com/economy/economy_general/2025/02/04/54YXZORW2RA5FHIRI552AGTUY4,"특히 캐스퍼(-69.2%), 레이(-6.2%) 등 경차와 포터(-32.3%), 봉고(-21.3%) 등 상용차 판매 감소가 두드러졌다.",비율·증감률,101,DT_1K41012,G0,,T2,Y,CHANGE_RATE,-21.3,2025,2024,0.29382957884428146,불일치,,전국/지역 미상 소매판매 claim이라 전국 소매판매액지수 표로 변경 | 상품군 obj_l1 직접 확인 필요 | 상품군 코드 자동 후보: 총지수(G0),,
90,소매,기존 정확시점 불일치 22건 포함,정확시점22,재검토필요_정확시점불일치,C05090,647,작년 전국 17시도서 소매 판매 모두 감소,2025-02-19,https://www.chosun.com/economy/economy_general/2025/02/19/RJYMVJUXSVDMLGCBFOUI5AVBXE,"2022년(-0.3%), 2023년(-1.5%)에 이어 3년 연속 감소해 1995년 관련 통계 집계 시작 이후 최장 기간 감소세를 기록했다.",비율·증감률,101,DT_1K41012,G0,,T2,Y,CHANGE_RATE,-1.5,2023,2022,-1.327014218009484,일치,,전국/지역 미상 소매판매 claim이라 전국 소매판매액지수 표로 변경 | 상품군 obj_l1 직접 확인 필요 | 상품군 코드 자동 후보: 총지수(G0),,
91,소매,층화표본:판단불가,판단불가,판단불가_증감계산값없음,C05091,647,작년 전국 17시도서 소매 판매 모두 감소,2025-02-19,https://www.chosun.com/economy/economy_general/2025/02/19/RJYMVJUXSVDMLGCBFOUI5AVBXE,"지역별로 보면, 울산(–6.6%)과 경기(-5.7%), 강원(-5.3%), 인천(-5%), 서울(-4.4%) 등 전국 17시도에서 모두 소매 판매가 감소했다.",비율·증감률,101,DT_1K41018,11,,T2,Y,CHANGE_RATE,-4.4,,,,판단불가,데이터 없음(응답은 성공했으나 매칭 실패),시도별 소매판매액지수 후보 선택. 지역/상품군 코드 확인 필요 | 업종별 objL2는 총지수(A0) 필요 가능성 있음 | 지역 코드 자동 후보 입력; 업종별 objL2 후보=A0(총지수),,
92,소매,층화표본:증감률재검토,증감률재검토,재검토필요_증감률불일치,C05093,647,작년 전국 17시도서 소매 판매 모두 감소,2025-02-19,https://www.chosun.com/economy/economy_general/2025/02/19/RJYMVJUXSVDMLGCBFOUI5AVBXE,"한편 통계청은 이날 작년 서비스업 생산이 전년보다 1.4% 증가했지만, 폭이 2023년(3.2%)의 절반 이하로 꺾였다고 밝혔다.",비율·증감률,101,DT_1K41012,G0,,T2,Y,CHANGE_RATE,3.2,2024,2023,-1.921229586935639,불일치,,전국/지역 미상 소매판매 claim이라 전국 소매판매액지수 표로 변경 | 상품군 obj_l1 직접 확인 필요 | 상품군 코드 자동 후보: 총지수(G0),,
93,소매,층화표본:판단불가,판단불가,판단불가_증감계산값없음,C09020,1164,생산·소비·투자 2달 만에 ‘트리플 증가’...설 연휴로 연초 경기 등락 커,2025-03-31,https://www.chosun.com/economy/economy_general/2025/03/31/7OFBJ6XSYZAL3MWER6FBINVWN4,1월 소매판매는 0.7% 감소했었다.,비율·증감률,101,DT_1K41018,31,,T2,M,CHANGE_RATE,0.7,,,,판단불가,데이터 없음(응답은 성공했으나 매칭 실패),시도별 소매판매액지수 후보 선택. 지역/상품군 코드 확인 필요 | 업종별 objL2는 총지수(A0) 필요 가능성 있음 | 지역 코드 자동 후보 입력; 업종별 objL2 후보=A0(총지수),,
94,소매,층화표본:증감률재검토,증감률재검토,재검토필요_증감률불일치,C14809,1944,3개월만에 생산·소비·투자 ‘트리플 감소’...다시 고개 든 경기 부진,2025-05-30,https://www.chosun.com/economy/economy_general/2025/05/30/DA5UIPBNGBANNJUP4OGVELDMBA,"서비스 소비를 나타내는 서비스업 생산은 도소매 등에서 늘었지만, 전문·과학·기술, 금융·보험 등에서 줄면서 전월보다 0.1% 감소했다.",비율·증감률,101,DT_1KC2020,T,,T1,M,CHANGE_RATE,0.1,202504,202503,-1.9047619047619007,불일치,,서비스업생산지수 후보 선택. 산업/시점 코드 확인 필요 | obj_l1/itm_id 자동 후보 입력,,
95,소매,층화표본:판단불가,판단불가,판단불가_증감계산값없음,C16772,2207,정부 작년 쌀 너무 많이 사들여… 가격 19개월來 최고,2025-06-19,https://www.chosun.com/economy/economy_general/2025/06/19/OFPRME6OBVHBTOWNXMX52M3TVI,"한국농수산식품유통공사(aT)에 따르면, 지난 17일 기준 쌀 20㎏ 소매 가격은 5만8386원으로 전년 동월 대비 8.7% 올랐다.",비율·증감률,101,DT_1EW0001,0,,T01,M,CHANGE_RATE,8.7,,,,판단불가,데이터 없음(응답은 성공했으나 매칭 실패),어업생산동향 후보 선택. 어업/판매형태/지역 코드 확인 필요 | obj_l1/itm_id 자동 후보 입력,,
96,소매,층화표본:판단불가,판단불가,판단불가_API조회실패,C18903,2479,때이른 역대급 폭염에… 농수산물 줄줄이 올라 ‘비상’,2025-07-10,https://www.chosun.com/economy/economy_general/2025/07/10/NXE3Y4QH2RB6XIIY7EH3S3CJXI,"◇수박 한 통 가격 26% 올라 9일 한국농수산식품유통공사(aT)에 따르면, 지난 8일 수박 1통의 소매 가격은 2만6091원으로 집계됐다.",비율·증감률,101,DT_1EW0001,0,,T01,Y,LEVEL,6091.0,,,,판단불가,데이터 없음(응답은 성공했으나 매칭 실패),어업생산동향 후보 선택. 어업/판매형태/지역 코드 확인 필요 | obj_l1/itm_id 자동 후보 입력,,
97,소매,층화표본:수준값재검토,수준값재검토,재검토필요_수준값불일치,C19700,2601,KDI “소비쿠폰 지급 후 매출 5% 늘어”..8월소매판매 통계와 상반된 결과,2025-10-01,https://www.chosun.com/economy/economy_general/2025/10/01/RWJASCUOGVGHBKEHKQCJIVYCEI/,전체 소비쿠폰 사용액 약 5조원의 42.5%가 기존 사용처가 아닌 새로 생겨난 소비라는 뜻이다.,비율·증감률,101,DT_1K41012,G32,,T2,Y,LEVEL,5.0,2025,2024,138.9,불일치,,전국/지역 미상 소매판매 claim이라 전국 소매판매액지수 표로 변경 | 상품군 obj_l1 직접 확인 필요 | 상품군 코드 자동 후보: 의약품(G32),,
98,소매,층화표본:증감률재검토,증감률재검토,재검토필요_증감률불일치,C19703,2601,KDI “소비쿠폰 지급 후 매출 5% 늘어”..8월소매판매 통계와 상반된 결과,2025-10-01,https://www.chosun.com/economy/economy_general/2025/10/01/RWJASCUOGVGHBKEHKQCJIVYCEI/,"실제로 국가데이터처가 지난달 30일 발표한 ‘8월 산업활동동향’에 따르면, 1인당 15만~45만원의 1차 민생회복 소비쿠폰이 본격적으로 지급된 8월 소매판매액은 전월 대비 2.4% 감소했다.",비율·증감률,101,DT_1K41012,G0,,T2,M,CHANGE_RATE,2.4,202508,202507,-3.779069767441866,불일치,,전국/지역 미상 소매판매 claim이라 전국 소매판매액지수 표로 변경 | 상품군 obj_l1 직접 확인 필요 | 상품군 코드 자동 후보: 총지수(G0),,
99,소매,층화표본:수준값재검토,수준값재검토,재검토필요_수준값불일치,C19768,2609,"밥상 물가 비상… 쌀 소매가 27만원 돌파, 전년比 30% 증가",2025-10-04,https://biz.chosun.com/distribution/food/2025/10/04/HZHJBLXLJJBYDEGLBFTUK7VMCM/,쌀 소매가격이 지난해보다 30% 가까이 급등해 한 가마에 27만원을 넘었다.,비율·증감률,101,DT_1J22003,T10,,T,Y,LEVEL,27.0,2024,2023,114.18,불일치,,소비자물가지수 후보 선택. 지역/품목 코드 확인 필요 | obj_l1/itm_id 자동 후보 입력,,
100,소매,층화표본:수준값재검토,수준값재검토,재검토필요_수준값불일치,C20212,2672,"‘반도체 효과’에 투자는 급증, 생산은 한 달 만에 반등… 소비 쿠폰 효과 단기에 끝난 소매 판매는 두 달째 ‘뒷걸음’",2025-10-31,https://www.chosun.com/economy/economy_general/2025/10/31/CUFPGSG2FJGXFEGSSNASWN7IVY/,당초 0.9% 전망에서 상향 조정 가능성을 시사한 것이다.,비율·증감률,101,DT_1K41012,G0,,T2,Y,LEVEL,0.9,2025,2024,102.4,불일치,,전국/지역 미상 소매판매 claim이라 전국 소매판매액지수 표로 변경 | 상품군 obj_l1 직접 확인 필요 | 상품군 코드 자동 후보: 총지수(G0),,
