claim_id,claim_measurement_id,indicator,metric_domain,industry_or_item,value,unit,raw_unit,unit_dimension,semantic_type,entity_type,value_type,measurement_role,measurement_usage,period,prd_se,change_base,comparison_period,candidate_rank,candidate_score,candidate_runner_up_score,candidate_status,candidate_status_code,candidate_status_reason,candidate_hits,retrieval_backend,lexical_score,lexical_eligible,semantic_score,reranker_score,fusion_score,org_id,tbl_id,tbl_name,stat_id,category_path,meta_candidates,selected_itm_id,selected_itm_name,selected_itm_unit,selected_itm_score,selected_obj_l1_axis_id,selected_obj_l1_axis_name,selected_obj_l1,selected_obj_l1_name,selected_obj_l1_score,selected_code_status,mapping_type,unit_compatibility_reason,claim_text
A0006-C009,A0006-C009-m1,반도체 수출 증감률,무역,반도체,43.9,%,%,rate,rate_change,vehicle,증감률,증감률,KOSIS_VALUE,2024,Y,전년,2023,1,519,491,TABLE_ONLY,META_NOT_LOADED,통계표 메타 조회 전 후보,"품목별,수출액,수출,수입,무역",hybrid+reranker,484,Y,,0.5529320240020752,0.5,360,DT_1R11001_FRM101,"품목별 수출액, 수입액",1976045,SITC에의한무역통계,meta_index 없음 또는 코드명 매칭 없음,,,,,,,,,,meta 없음,,,"◇반도체, 자동차가 이끌고 바이오, 농수산, 화장품 등도 고르게 증가 품목별로는 최대 수출품목인 반도체가 43.9% 증가한 1419억 달러를 기록, 2023년 11월 이후 14개월 연속 증가 흐름을 이어가면서 기존 최대 실적인 2022년 1292억 달러를 2년 만에 경신했다."
A0006-C009,A0006-C009-m1,반도체 수출 증감률,무역,반도체,43.9,%,%,rate,rate_change,vehicle,증감률,증감률,KOSIS_VALUE,2024,Y,전년,2023,2,491,,ALTERNATE,NOT_TOP_TABLE,후순위 통계표 후보,"품목별,수출,수입,무역",hybrid+reranker,168,Y,,0.49045678973197937,0.4919354838709677,134,DT_134006_N001,품목별 수입·수출현황,2017044,기업무역활동통계,meta_index 없음 또는 코드명 매칭 없음,,,,,,,,,,meta 없음,,,"◇반도체, 자동차가 이끌고 바이오, 농수산, 화장품 등도 고르게 증가 품목별로는 최대 수출품목인 반도체가 43.9% 증가한 1419억 달러를 기록, 2023년 11월 이후 14개월 연속 증가 흐름을 이어가면서 기존 최대 실적인 2022년 1292억 달러를 2년 만에 경신했다."
A0006-C009,A0006-C009-m1,반도체 수출 증감률,무역,반도체,43.9,%,%,rate,rate_change,vehicle,증감률,증감률,KOSIS_VALUE,2024,Y,전년,2023,3,482,,ALTERNATE,NOT_TOP_TABLE,후순위 통계표 후보,"품목별,수출",hybrid+reranker,152,Y,,0.5561283826828003,0.44202898550724634,434,DT_434_STBL_1028694,영화・사진 품목별 수출입 실적,2016058,문화체육관광산업통계 > 수출입 실적 현황,meta_index 없음 또는 코드명 매칭 없음,,,,,,,,,,meta 없음,,,"◇반도체, 자동차가 이끌고 바이오, 농수산, 화장품 등도 고르게 증가 품목별로는 최대 수출품목인 반도체가 43.9% 증가한 1419억 달러를 기록, 2023년 11월 이후 14개월 연속 증가 흐름을 이어가면서 기존 최대 실적인 2022년 1292억 달러를 2년 만에 경신했다."
A0006-C009,A0006-C009-m1,반도체 수출 증감률,무역,반도체,43.9,%,%,rate,rate_change,vehicle,증감률,증감률,KOSIS_VALUE,2024,Y,전년,2023,4,475,,ALTERNATE,NOT_TOP_TABLE,후순위 통계표 후보,"품목별,수출",hybrid+reranker,152,Y,,0.581303060054779,0.41780821917808214,434,DT_434_STBL_1028686,출판 품목별 수출입 실적,2016058,문화체육관광산업통계 > 수출입 실적 현황,meta_index 없음 또는 코드명 매칭 없음,,,,,,,,,,meta 없음,,,"◇반도체, 자동차가 이끌고 바이오, 농수산, 화장품 등도 고르게 증가 품목별로는 최대 수출품목인 반도체가 43.9% 증가한 1419억 달러를 기록, 2023년 11월 이후 14개월 연속 증가 흐름을 이어가면서 기존 최대 실적인 2022년 1292억 달러를 2년 만에 경신했다."
A0006-C009,A0006-C009-m1,반도체 수출 증감률,무역,반도체,43.9,%,%,rate,rate_change,vehicle,증감률,증감률,KOSIS_VALUE,2024,Y,전년,2023,5,474,,ALTERNATE,NOT_TOP_TABLE,후순위 통계표 후보,"품목별,수출",hybrid+reranker,152,Y,,0.4691402018070221,0.4765625,434,DT_434_STBL_1028682,공예품 품목별 수출입 실적,2016058,문화체육관광산업통계 > 수출입 실적 현황,meta_index 없음 또는 코드명 매칭 없음,,,,,,,,,,meta 없음,,,"◇반도체, 자동차가 이끌고 바이오, 농수산, 화장품 등도 고르게 증가 품목별로는 최대 수출품목인 반도체가 43.9% 증가한 1419억 달러를 기록, 2023년 11월 이후 14개월 연속 증가 흐름을 이어가면서 기존 최대 실적인 2022년 1292억 달러를 2년 만에 경신했다."
A0006-C009,A0006-C009-m2,반도체 수출액,무역,반도체,141900000000,달러,달러,currency,amount,vehicle,수준값,현재값,KOSIS_VALUE,2024,Y,전년,,1,634,612,TABLE_ONLY,META_NOT_LOADED,통계표 메타 조회 전 후보,"수출액,품목별,수입,수출,무역",hybrid+reranker,476,Y,,0.8838388919830322,0.5,360,DT_1R11001_FRM101,"품목별 수출액, 수입액",1976045,SITC에의한무역통계,meta_index 없음 또는 코드명 매칭 없음,,,,,,,,,,meta 없음,,,"◇반도체, 자동차가 이끌고 바이오, 농수산, 화장품 등도 고르게 증가 품목별로는 최대 수출품목인 반도체가 43.9% 증가한 1419억 달러를 기록, 2023년 11월 이후 14개월 연속 증가 흐름을 이어가면서 기존 최대 실적인 2022년 1292억 달러를 2년 만에 경신했다."
A0006-C009,A0006-C009-m2,반도체 수출액,무역,반도체,141900000000,달러,달러,currency,amount,vehicle,수준값,현재값,KOSIS_VALUE,2024,Y,전년,,2,612,,ALTERNATE,NOT_TOP_TABLE,후순위 통계표 후보,"품목별,수출,무역",hybrid+reranker,144,Y,,0.87716144323349,0.46923076923076923,134,DT_134006_N012,품목별 고성장·가젤기업 수출현황,2017044,기업무역활동통계,meta_index 없음 또는 코드명 매칭 없음,,,,,,,,,,meta 없음,,,"◇반도체, 자동차가 이끌고 바이오, 농수산, 화장품 등도 고르게 증가 품목별로는 최대 수출품목인 반도체가 43.9% 증가한 1419억 달러를 기록, 2023년 11월 이후 14개월 연속 증가 흐름을 이어가면서 기존 최대 실적인 2022년 1292억 달러를 2년 만에 경신했다."
A0006-C009,A0006-C009-m2,반도체 수출액,무역,반도체,141900000000,달러,달러,currency,amount,vehicle,수준값,현재값,KOSIS_VALUE,2024,Y,전년,,3,605,,ALTERNATE,NOT_TOP_TABLE,후순위 통계표 후보,"품목별,수입,수출,무역",hybrid+reranker,160,Y,,0.814643383026123,0.4919354838709677,134,DT_134006_N001,품목별 수입·수출현황,2017044,기업무역활동통계,meta_index 없음 또는 코드명 매칭 없음,,,,,,,,,,meta 없음,,,"◇반도체, 자동차가 이끌고 바이오, 농수산, 화장품 등도 고르게 증가 품목별로는 최대 수출품목인 반도체가 43.9% 증가한 1419억 달러를 기록, 2023년 11월 이후 14개월 연속 증가 흐름을 이어가면서 기존 최대 실적인 2022년 1292억 달러를 2년 만에 경신했다."
A0006-C009,A0006-C009-m2,반도체 수출액,무역,반도체,141900000000,달러,달러,currency,amount,vehicle,수준값,현재값,KOSIS_VALUE,2024,Y,전년,,4,602,,ALTERNATE,NOT_TOP_TABLE,후순위 통계표 후보,"품목별,수입,2023년",hybrid+reranker,142,Y,,0.8614217042922974,0.4621212121212121,101,DT_1FP1116B,"임가공품목별 사업체수 및 수입액(10명 이상, 2023년)",1968005,광업제조업조사 > 등록기반 > 품목편 > 11차 산업분류 개정,meta_index 없음 또는 코드명 매칭 없음,,,,,,,,,,meta 없음,,,"◇반도체, 자동차가 이끌고 바이오, 농수산, 화장품 등도 고르게 증가 품목별로는 최대 수출품목인 반도체가 43.9% 증가한 1419억 달러를 기록, 2023년 11월 이후 14개월 연속 증가 흐름을 이어가면서 기존 최대 실적인 2022년 1292억 달러를 2년 만에 경신했다."
A0006-C009,A0006-C009-m2,반도체 수출액,무역,반도체,141900000000,달러,달러,currency,amount,vehicle,수준값,현재값,KOSIS_VALUE,2024,Y,전년,,5,561,,ALTERNATE,NOT_TOP_TABLE,후순위 통계표 후보,"품목별,수출,무역",hybrid+reranker,144,Y,,0.7169128060340881,0.4765625,134,DT_13405_003,품목별 FTA 수출활용률,2014013,FTA특혜무역활용통계,meta_index 없음 또는 코드명 매칭 없음,,,,,,,,,,meta 없음,,,"◇반도체, 자동차가 이끌고 바이오, 농수산, 화장품 등도 고르게 증가 품목별로는 최대 수출품목인 반도체가 43.9% 증가한 1419억 달러를 기록, 2023년 11월 이후 14개월 연속 증가 흐름을 이어가면서 기존 최대 실적인 2022년 1292억 달러를 2년 만에 경신했다."
A0006-C013,A0006-C013-m1,석유화학 수출,무역,-,48000000000,달러,달러,currency,amount,unspecified,수준값,현재값,KOSIS_VALUE,2024,Y,전년,,1,669,663,TABLE_ONLY,META_NOT_LOADED,통계표 메타 조회 전 후보,"품목별,수출액,수출,수입,무역",hybrid+reranker,484,Y,,0.9829546809196472,0.5,360,DT_1R11001_FRM101,"품목별 수출액, 수입액",1976045,SITC에의한무역통계,meta_index 없음 또는 코드명 매칭 없음,,,,,,,,,,meta 없음,,,"석유화학 수출은 480억 달러로, 하반기 유가 하락에 따른 수출단가 하락에도 불구하고 수출물량이 확대되면서 5% 증가했다."
A0006-C013,A0006-C013-m1,석유화학 수출,무역,-,48000000000,달러,달러,currency,amount,unspecified,수준값,현재값,KOSIS_VALUE,2024,Y,전년,,2,663,,ALTERNATE,NOT_TOP_TABLE,후순위 통계표 후보,"품목별,수출,수입,무역",hybrid+reranker,168,Y,,0.9820137619972229,0.4919354838709677,134,DT_134006_N001,품목별 수입·수출현황,2017044,기업무역활동통계,meta_index 없음 또는 코드명 매칭 없음,,,,,,,,,,meta 없음,,,"석유화학 수출은 480억 달러로, 하반기 유가 하락에 따른 수출단가 하락에도 불구하고 수출물량이 확대되면서 5% 증가했다."
A0006-C013,A0006-C013-m1,석유화학 수출,무역,-,48000000000,달러,달러,currency,amount,unspecified,수준값,현재값,KOSIS_VALUE,2024,Y,전년,,3,636,,ALTERNATE,NOT_TOP_TABLE,후순위 통계표 후보,"품목별,수출",hybrid+reranker,152,Y,,0.9333093762397766,0.4765625,434,DT_434_STBL_1028682,공예품 품목별 수출입 실적,2016058,문화체육관광산업통계 > 수출입 실적 현황,meta_index 없음 또는 코드명 매칭 없음,,,,,,,,,,meta 없음,,,"석유화학 수출은 480억 달러로, 하반기 유가 하락에 따른 수출단가 하락에도 불구하고 수출물량이 확대되면서 5% 증가했다."
A0006-C013,A0006-C013-m1,석유화학 수출,무역,-,48000000000,달러,달러,currency,amount,unspecified,수준값,현재값,KOSIS_VALUE,2024,Y,전년,,4,617,,ALTERNATE,NOT_TOP_TABLE,후순위 통계표 후보,"품목별,수출",hybrid+reranker,152,Y,,0.9300780892372131,0.44852941176470584,434,DT_434_STBL_1028684,악기 품목별 수출입 실적,2016058,문화체육관광산업통계 > 수출입 실적 현황,meta_index 없음 또는 코드명 매칭 없음,,,,,,,,,,meta 없음,,,"석유화학 수출은 480억 달러로, 하반기 유가 하락에 따른 수출단가 하락에도 불구하고 수출물량이 확대되면서 5% 증가했다."
A0006-C013,A0006-C013-m1,석유화학 수출,무역,-,48000000000,달러,달러,currency,amount,unspecified,수준값,현재값,KOSIS_VALUE,2024,Y,전년,,5,612,,ALTERNATE,NOT_TOP_TABLE,후순위 통계표 후보,"품목별,수출",hybrid+reranker,152,Y,,0.8759993314743042,0.46923076923076923,434,DT_434_STBL_1028678,레저용품 품목별 수출입 실적,2016058,문화체육관광산업통계 > 수출입 실적 현황,meta_index 없음 또는 코드명 매칭 없음,,,,,,,,,,meta 없음,,,"석유화학 수출은 480억 달러로, 하반기 유가 하락에 따른 수출단가 하락에도 불구하고 수출물량이 확대되면서 5% 증가했다."
A0006-C013,A0006-C013-m2,석유화학 수출 증가율,무역,-,5,%,%,rate,rate_change,unspecified,증감률,증감률,KOSIS_VALUE,2024,Y,전년,2023,1,672,666,TABLE_ONLY,META_NOT_LOADED,통계표 메타 조회 전 후보,"품목별,수출액,수출,수입,무역",hybrid+reranker,484,Y,,0.9919067621231079,0.5,360,DT_1R11001_FRM101,"품목별 수출액, 수입액",1976045,SITC에의한무역통계,meta_index 없음 또는 코드명 매칭 없음,,,,,,,,,,meta 없음,,,"석유화학 수출은 480억 달러로, 하반기 유가 하락에 따른 수출단가 하락에도 불구하고 수출물량이 확대되면서 5% 증가했다."
A0006-C013,A0006-C013-m2,석유화학 수출 증가율,무역,-,5,%,%,rate,rate_change,unspecified,증감률,증감률,KOSIS_VALUE,2024,Y,전년,2023,2,666,,ALTERNATE,NOT_TOP_TABLE,후순위 통계표 후보,"품목별,수출,수입,무역",hybrid+reranker,168,Y,,0.9902538657188416,0.4919354838709677,134,DT_134006_N001,품목별 수입·수출현황,2017044,기업무역활동통계,meta_index 없음 또는 코드명 매칭 없음,,,,,,,,,,meta 없음,,,"석유화학 수출은 480억 달러로, 하반기 유가 하락에 따른 수출단가 하락에도 불구하고 수출물량이 확대되면서 5% 증가했다."
A0006-C013,A0006-C013-m2,석유화학 수출 증가율,무역,-,5,%,%,rate,rate_change,unspecified,증감률,증감률,KOSIS_VALUE,2024,Y,전년,2023,3,650,,ALTERNATE,NOT_TOP_TABLE,후순위 통계표 후보,"품목별,수출",hybrid+reranker,152,Y,,0.9723097085952759,0.4765625,434,DT_434_STBL_1028682,공예품 품목별 수출입 실적,2016058,문화체육관광산업통계 > 수출입 실적 현황,meta_index 없음 또는 코드명 매칭 없음,,,,,,,,,,meta 없음,,,"석유화학 수출은 480억 달러로, 하반기 유가 하락에 따른 수출단가 하락에도 불구하고 수출물량이 확대되면서 5% 증가했다."
A0006-C013,A0006-C013-m2,석유화학 수출 증가율,무역,-,5,%,%,rate,rate_change,unspecified,증감률,증감률,KOSIS_VALUE,2024,Y,전년,2023,4,641,,ALTERNATE,NOT_TOP_TABLE,후순위 통계표 후보,"품목별,수출",hybrid+reranker,152,Y,,0.9590777158737183,0.46923076923076923,434,DT_434_STBL_1028678,레저용품 품목별 수출입 실적,2016058,문화체육관광산업통계 > 수출입 실적 현황,meta_index 없음 또는 코드명 매칭 없음,,,,,,,,,,meta 없음,,,"석유화학 수출은 480억 달러로, 하반기 유가 하락에 따른 수출단가 하락에도 불구하고 수출물량이 확대되면서 5% 증가했다."
A0006-C013,A0006-C013-m2,석유화학 수출 증가율,무역,-,5,%,%,rate,rate_change,unspecified,증감률,증감률,KOSIS_VALUE,2024,Y,전년,2023,5,639,,ALTERNATE,NOT_TOP_TABLE,후순위 통계표 후보,"품목별,수출",hybrid+reranker,152,Y,,0.9265698790550232,0.4841269841269841,434,DT_434_STBL_1028692,게임기기 품목별 수출입 실적,2016058,문화체육관광산업통계 > 수출입 실적 현황,meta_index 없음 또는 코드명 매칭 없음,,,,,,,,,,meta 없음,,,"석유화학 수출은 480억 달러로, 하반기 유가 하락에 따른 수출단가 하락에도 불구하고 수출물량이 확대되면서 5% 증가했다."
A0006-C014,A0006-C014-m1,바이오헬스 수출증가율,무역,바이오헬스,13.1,%,%,rate,rate_change,item,증감률,증감률,KOSIS_VALUE,2024,Y,전년,2023,1,785,671,TABLE_ONLY,META_NOT_LOADED,통계표 메타 조회 전 후보,"의약품,무역,수출,수입",hybrid+reranker,112,Y,0.605440080165863,0.9931495785713196,0.672659714730912,145,DT_145009_026,"국내 의약품 생산·수출·수입액, 무역수지, 시장규모",2016008,의약품생산및수출수입실적 > 수출입 현황,meta_index 없음 또는 코드명 매칭 없음,,,,,,,,,,meta 없음,,,"바이오헬스 수출은 바이오시밀러 등 의약품을 중심으로 전년 대비 13.1% 증가한 151억 달러를 기록했으며, 전 세계적으로 K푸드, K뷰티 선호가 확대되면서 농수산식품 수출은 117억 달러(7.6%), 화장품 수출(102억 달러, +20.6%)은 처음으로 100억 달러를 돌파하면서 역대 최대 수출실적을 경신했다."
A0006-C014,A0006-C014-m1,바이오헬스 수출증가율,무역,바이오헬스,13.1,%,%,rate,rate_change,item,증감률,증감률,KOSIS_VALUE,2024,Y,전년,2023,2,671,,ALTERNATE,NOT_TOP_TABLE,후순위 통계표 후보,"품목별,수출액,수출,수입,무역",hybrid+reranker,480,Y,,0.9886244535446167,0.5,360,DT_1R11001_FRM101,"품목별 수출액, 수입액",1976045,SITC에의한무역통계,meta_index 없음 또는 코드명 매칭 없음,,,,,,,,,,meta 없음,,,"바이오헬스 수출은 바이오시밀러 등 의약품을 중심으로 전년 대비 13.1% 증가한 151억 달러를 기록했으며, 전 세계적으로 K푸드, K뷰티 선호가 확대되면서 농수산식품 수출은 117억 달러(7.6%), 화장품 수출(102억 달러, +20.6%)은 처음으로 100억 달러를 돌파하면서 역대 최대 수출실적을 경신했다."
A0006-C014,A0006-C014-m1,바이오헬스 수출증가율,무역,바이오헬스,13.1,%,%,rate,rate_change,item,증감률,증감률,KOSIS_VALUE,2024,Y,전년,2023,3,666,,ALTERNATE,NOT_TOP_TABLE,후순위 통계표 후보,"품목별,수출,수입,무역",hybrid+reranker,164,Y,,0.9893885254859924,0.4919354838709677,134,DT_134006_N001,품목별 수입·수출현황,2017044,기업무역활동통계,meta_index 없음 또는 코드명 매칭 없음,,,,,,,,,,meta 없음,,,"바이오헬스 수출은 바이오시밀러 등 의약품을 중심으로 전년 대비 13.1% 증가한 151억 달러를 기록했으며, 전 세계적으로 K푸드, K뷰티 선호가 확대되면서 농수산식품 수출은 117억 달러(7.6%), 화장품 수출(102억 달러, +20.6%)은 처음으로 100억 달러를 돌파하면서 역대 최대 수출실적을 경신했다."
A0006-C014,A0006-C014-m1,바이오헬스 수출증가율,무역,바이오헬스,13.1,%,%,rate,rate_change,item,증감률,증감률,KOSIS_VALUE,2024,Y,전년,2023,4,660,,ALTERNATE,NOT_TOP_TABLE,후순위 통계표 후보,"품목별,수출,무역",hybrid+reranker,148,Y,,0.9867772459983826,0.4841269841269841,134,DT_13405_003,품목별 FTA 수출활용률,2014013,FTA특혜무역활용통계,meta_index 없음 또는 코드명 매칭 없음,,,,,,,,,,meta 없음,,,"바이오헬스 수출은 바이오시밀러 등 의약품을 중심으로 전년 대비 13.1% 증가한 151억 달러를 기록했으며, 전 세계적으로 K푸드, K뷰티 선호가 확대되면서 농수산식품 수출은 117억 달러(7.6%), 화장품 수출(102억 달러, +20.6%)은 처음으로 100억 달러를 돌파하면서 역대 최대 수출실적을 경신했다."
A0006-C014,A0006-C014-m1,바이오헬스 수출증가율,무역,바이오헬스,13.1,%,%,rate,rate_change,item,증감률,증감률,KOSIS_VALUE,2024,Y,전년,2023,5,656,,ALTERNATE,NOT_TOP_TABLE,후순위 통계표 후보,"품목별,수출,무역",hybrid+reranker,148,Y,,0.9900636076927185,0.4765625,134,DT_134006_N012,품목별 고성장·가젤기업 수출현황,2017044,기업무역활동통계,meta_index 없음 또는 코드명 매칭 없음,,,,,,,,,,meta 없음,,,"바이오헬스 수출은 바이오시밀러 등 의약품을 중심으로 전년 대비 13.1% 증가한 151억 달러를 기록했으며, 전 세계적으로 K푸드, K뷰티 선호가 확대되면서 농수산식품 수출은 117억 달러(7.6%), 화장품 수출(102억 달러, +20.6%)은 처음으로 100억 달러를 돌파하면서 역대 최대 수출실적을 경신했다."
A0006-C014,A0006-C014-m2,바이오헬스 수출액,무역,바이오헬스,15100000000,달러,달러,currency,amount,item,수준값,현재값,KOSIS_VALUE,2024,Y,전년,,1,785,672,TABLE_ONLY,META_NOT_LOADED,통계표 메타 조회 전 후보,"의약품,무역,수출,수입",hybrid+reranker,112,Y,0.601905345916748,0.9930152893066406,0.672659714730912,145,DT_145009_026,"국내 의약품 생산·수출·수입액, 무역수지, 시장규모",2016008,의약품생산및수출수입실적 > 수출입 현황,meta_index 없음 또는 코드명 매칭 없음,,,,,,,,,,meta 없음,,,"바이오헬스 수출은 바이오시밀러 등 의약품을 중심으로 전년 대비 13.1% 증가한 151억 달러를 기록했으며, 전 세계적으로 K푸드, K뷰티 선호가 확대되면서 농수산식품 수출은 117억 달러(7.6%), 화장품 수출(102억 달러, +20.6%)은 처음으로 100억 달러를 돌파하면서 역대 최대 수출실적을 경신했다."
A0006-C014,A0006-C014-m2,바이오헬스 수출액,무역,바이오헬스,15100000000,달러,달러,currency,amount,item,수준값,현재값,KOSIS_VALUE,2024,Y,전년,,2,672,,ALTERNATE,NOT_TOP_TABLE,후순위 통계표 후보,"수출액,품목별,수출,수입,무역",hybrid+reranker,480,Y,,0.9910492897033691,0.5,360,DT_1R11001_FRM101,"품목별 수출액, 수입액",1976045,SITC에의한무역통계,meta_index 없음 또는 코드명 매칭 없음,,,,,,,,,,meta 없음,,,"바이오헬스 수출은 바이오시밀러 등 의약품을 중심으로 전년 대비 13.1% 증가한 151억 달러를 기록했으며, 전 세계적으로 K푸드, K뷰티 선호가 확대되면서 농수산식품 수출은 117억 달러(7.6%), 화장품 수출(102억 달러, +20.6%)은 처음으로 100억 달러를 돌파하면서 역대 최대 수출실적을 경신했다."
A0006-C014,A0006-C014-m2,바이오헬스 수출액,무역,바이오헬스,15100000000,달러,달러,currency,amount,item,수준값,현재값,KOSIS_VALUE,2024,Y,전년,,3,665,,ALTERNATE,NOT_TOP_TABLE,후순위 통계표 후보,"품목별,수출,수입,무역",hybrid+reranker,164,Y,,0.9855521321296692,0.4919354838709677,134,DT_134006_N001,품목별 수입·수출현황,2017044,기업무역활동통계,meta_index 없음 또는 코드명 매칭 없음,,,,,,,,,,meta 없음,,,"바이오헬스 수출은 바이오시밀러 등 의약품을 중심으로 전년 대비 13.1% 증가한 151억 달러를 기록했으며, 전 세계적으로 K푸드, K뷰티 선호가 확대되면서 농수산식품 수출은 117억 달러(7.6%), 화장품 수출(102억 달러, +20.6%)은 처음으로 100억 달러를 돌파하면서 역대 최대 수출실적을 경신했다."
A0006-C014,A0006-C014-m2,바이오헬스 수출액,무역,바이오헬스,15100000000,달러,달러,currency,amount,item,수준값,현재값,KOSIS_VALUE,2024,Y,전년,,4,657,,ALTERNATE,NOT_TOP_TABLE,후순위 통계표 후보,"품목별,수출,무역",hybrid+reranker,148,Y,,0.9792352318763733,0.4841269841269841,134,DT_13405_003,품목별 FTA 수출활용률,2014013,FTA특혜무역활용통계,meta_index 없음 또는 코드명 매칭 없음,,,,,,,,,,meta 없음,,,"바이오헬스 수출은 바이오시밀러 등 의약품을 중심으로 전년 대비 13.1% 증가한 151억 달러를 기록했으며, 전 세계적으로 K푸드, K뷰티 선호가 확대되면서 농수산식품 수출은 117억 달러(7.6%), 화장품 수출(102억 달러, +20.6%)은 처음으로 100억 달러를 돌파하면서 역대 최대 수출실적을 경신했다."
A0006-C014,A0006-C014-m2,바이오헬스 수출액,무역,바이오헬스,15100000000,달러,달러,currency,amount,item,수준값,현재값,KOSIS_VALUE,2024,Y,전년,,5,656,,ALTERNATE,NOT_TOP_TABLE,후순위 통계표 후보,"품목별,수출,무역",hybrid+reranker,148,Y,,0.9893474578857422,0.4765625,134,DT_134006_N012,품목별 고성장·가젤기업 수출현황,2017044,기업무역활동통계,meta_index 없음 또는 코드명 매칭 없음,,,,,,,,,,meta 없음,,,"바이오헬스 수출은 바이오시밀러 등 의약품을 중심으로 전년 대비 13.1% 증가한 151억 달러를 기록했으며, 전 세계적으로 K푸드, K뷰티 선호가 확대되면서 농수산식품 수출은 117억 달러(7.6%), 화장품 수출(102억 달러, +20.6%)은 처음으로 100억 달러를 돌파하면서 역대 최대 수출실적을 경신했다."
A0006-C014,A0006-C014-m3,농수산식품 수출증가율,무역,농수산식품,7.6,%,%,rate,rate_change,item,증감률,증감률,KOSIS_VALUE,2024,Y,전년,2023,1,650,632,TABLE_ONLY,META_NOT_LOADED,통계표 메타 조회 전 후보,"품목별,수출액,수출,수입,무역",hybrid+reranker,480,Y,,0.9286680221557617,0.5,360,DT_1R11001_FRM101,"품목별 수출액, 수입액",1976045,SITC에의한무역통계,meta_index 없음 또는 코드명 매칭 없음,,,,,,,,,,meta 없음,,,"바이오헬스 수출은 바이오시밀러 등 의약품을 중심으로 전년 대비 13.1% 증가한 151억 달러를 기록했으며, 전 세계적으로 K푸드, K뷰티 선호가 확대되면서 농수산식품 수출은 117억 달러(7.6%), 화장품 수출(102억 달러, +20.6%)은 처음으로 100억 달러를 돌파하면서 역대 최대 수출실적을 경신했다."
A0006-C014,A0006-C014-m3,농수산식품 수출증가율,무역,농수산식품,7.6,%,%,rate,rate_change,item,증감률,증감률,KOSIS_VALUE,2024,Y,전년,2023,2,632,,ALTERNATE,NOT_TOP_TABLE,후순위 통계표 후보,"품목별,식품,수입",hybrid+reranker,294,Y,,0.9469902515411377,0.4621212121212121,145,TX_145_2009_H1029,기구 또는 용기·포장 국가 및 품목별(중량순),2006066,수입식품현황 > 수입식품등 국가 및 품목별 검사현황,meta_index 없음 또는 코드명 매칭 없음,,,,,,,,,,meta 없음,,,"바이오헬스 수출은 바이오시밀러 등 의약품을 중심으로 전년 대비 13.1% 증가한 151억 달러를 기록했으며, 전 세계적으로 K푸드, K뷰티 선호가 확대되면서 농수산식품 수출은 117억 달러(7.6%), 화장품 수출(102억 달러, +20.6%)은 처음으로 100억 달러를 돌파하면서 역대 최대 수출실적을 경신했다."
A0006-C014,A0006-C014-m3,농수산식품 수출증가율,무역,농수산식품,7.6,%,%,rate,rate_change,item,증감률,증감률,KOSIS_VALUE,2024,Y,전년,2023,3,625,,ALTERNATE,NOT_TOP_TABLE,후순위 통계표 후보,"품목별,수출액,수출,식품",hybrid+reranker,324,Y,,0.8707072734832764,0.4919354838709677,466,DT_446001_A027,쌀가루 생산판매 현황 : 품목별 수출액 - 총계,2024007,쌀가공식품제조업실태조사 > 쌀가공식품제조업,meta_index 없음 또는 코드명 매칭 없음,,,,,,,,,,meta 없음,,,"바이오헬스 수출은 바이오시밀러 등 의약품을 중심으로 전년 대비 13.1% 증가한 151억 달러를 기록했으며, 전 세계적으로 K푸드, K뷰티 선호가 확대되면서 농수산식품 수출은 117억 달러(7.6%), 화장품 수출(102억 달러, +20.6%)은 처음으로 100억 달러를 돌파하면서 역대 최대 수출실적을 경신했다."
A0006-C014,A0006-C014-m3,농수산식품 수출증가율,무역,농수산식품,7.6,%,%,rate,rate_change,item,증감률,증감률,KOSIS_VALUE,2024,Y,전년,2023,4,624,,ALTERNATE,NOT_TOP_TABLE,후순위 통계표 후보,"품목별,식품,수입",hybrid+reranker,294,Y,,0.9368651509284973,0.4552238805970149,145,TX_145_2009_H1025,농·임산물 국가 및 품목별(중량순),2006066,수입식품현황 > 수입식품등 국가 및 품목별 검사현황,meta_index 없음 또는 코드명 매칭 없음,,,,,,,,,,meta 없음,,,"바이오헬스 수출은 바이오시밀러 등 의약품을 중심으로 전년 대비 13.1% 증가한 151억 달러를 기록했으며, 전 세계적으로 K푸드, K뷰티 선호가 확대되면서 농수산식품 수출은 117억 달러(7.6%), 화장품 수출(102억 달러, +20.6%)은 처음으로 100억 달러를 돌파하면서 역대 최대 수출실적을 경신했다."
A0006-C014,A0006-C014-m3,농수산식품 수출증가율,무역,농수산식품,7.6,%,%,rate,rate_change,item,증감률,증감률,KOSIS_VALUE,2024,Y,전년,2023,5,616,,ALTERNATE,NOT_TOP_TABLE,후순위 통계표 후보,"식품,품목별,수입",hybrid+reranker,318,Y,,0.8614217042922974,0.4841269841269841,145,TX_145_2009_H1026,가공식품 국가 및 품목별(중량순),2006066,수입식품현황 > 수입식품등 국가 및 품목별 검사현황,meta_index 없음 또는 코드명 매칭 없음,,,,,,,,,,meta 없음,,,"바이오헬스 수출은 바이오시밀러 등 의약품을 중심으로 전년 대비 13.1% 증가한 151억 달러를 기록했으며, 전 세계적으로 K푸드, K뷰티 선호가 확대되면서 농수산식품 수출은 117억 달러(7.6%), 화장품 수출(102억 달러, +20.6%)은 처음으로 100억 달러를 돌파하면서 역대 최대 수출실적을 경신했다."
A0006-C014,A0006-C014-m4,농수산식품 수출액,무역,농수산식품,11700000000,달러,달러,currency,amount,item,수준값,현재값,KOSIS_VALUE,2024,Y,전년,,1,647,633,TABLE_ONLY,META_NOT_LOADED,통계표 메타 조회 전 후보,"수출액,품목별,수출,수입,무역",hybrid+reranker,480,Y,,0.9202179908752441,0.5,360,DT_1R11001_FRM101,"품목별 수출액, 수입액",1976045,SITC에의한무역통계,meta_index 없음 또는 코드명 매칭 없음,,,,,,,,,,meta 없음,,,"바이오헬스 수출은 바이오시밀러 등 의약품을 중심으로 전년 대비 13.1% 증가한 151억 달러를 기록했으며, 전 세계적으로 K푸드, K뷰티 선호가 확대되면서 농수산식품 수출은 117억 달러(7.6%), 화장품 수출(102억 달러, +20.6%)은 처음으로 100억 달러를 돌파하면서 역대 최대 수출실적을 경신했다."
A0006-C014,A0006-C014-m4,농수산식품 수출액,무역,농수산식품,11700000000,달러,달러,currency,amount,item,수준값,현재값,KOSIS_VALUE,2024,Y,전년,,2,633,,ALTERNATE,NOT_TOP_TABLE,후순위 통계표 후보,"수출액,품목별,수출,식품",hybrid+reranker,324,Y,,0.8951566815376282,0.4919354838709677,466,DT_446001_A027,쌀가루 생산판매 현황 : 품목별 수출액 - 총계,2024007,쌀가공식품제조업실태조사 > 쌀가공식품제조업,meta_index 없음 또는 코드명 매칭 없음,,,,,,,,,,meta 없음,,,"바이오헬스 수출은 바이오시밀러 등 의약품을 중심으로 전년 대비 13.1% 증가한 151억 달러를 기록했으며, 전 세계적으로 K푸드, K뷰티 선호가 확대되면서 농수산식품 수출은 117억 달러(7.6%), 화장품 수출(102억 달러, +20.6%)은 처음으로 100억 달러를 돌파하면서 역대 최대 수출실적을 경신했다."
A0006-C014,A0006-C014-m4,농수산식품 수출액,무역,농수산식품,11700000000,달러,달러,currency,amount,item,수준값,현재값,KOSIS_VALUE,2024,Y,전년,,3,611,,ALTERNATE,NOT_TOP_TABLE,후순위 통계표 후보,"품목별,식품,수입",hybrid+reranker,294,Y,,0.8870089650154114,0.4621212121212121,145,TX_145_2009_H1029,기구 또는 용기·포장 국가 및 품목별(중량순),2006066,수입식품현황 > 수입식품등 국가 및 품목별 검사현황,meta_index 없음 또는 코드명 매칭 없음,,,,,,,,,,meta 없음,,,"바이오헬스 수출은 바이오시밀러 등 의약품을 중심으로 전년 대비 13.1% 증가한 151억 달러를 기록했으며, 전 세계적으로 K푸드, K뷰티 선호가 확대되면서 농수산식품 수출은 117억 달러(7.6%), 화장품 수출(102억 달러, +20.6%)은 처음으로 100억 달러를 돌파하면서 역대 최대 수출실적을 경신했다."
A0006-C014,A0006-C014-m4,농수산식품 수출액,무역,농수산식품,11700000000,달러,달러,currency,amount,item,수준값,현재값,KOSIS_VALUE,2024,Y,전년,,4,594,,ALTERNATE,NOT_TOP_TABLE,후순위 통계표 후보,"품목별,식품,수입",hybrid+reranker,294,Y,,0.8504685759544373,0.4552238805970149,145,TX_145_2009_H1025,농·임산물 국가 및 품목별(중량순),2006066,수입식품현황 > 수입식품등 국가 및 품목별 검사현황,meta_index 없음 또는 코드명 매칭 없음,,,,,,,,,,meta 없음,,,"바이오헬스 수출은 바이오시밀러 등 의약품을 중심으로 전년 대비 13.1% 증가한 151억 달러를 기록했으며, 전 세계적으로 K푸드, K뷰티 선호가 확대되면서 농수산식품 수출은 117억 달러(7.6%), 화장품 수출(102억 달러, +20.6%)은 처음으로 100억 달러를 돌파하면서 역대 최대 수출실적을 경신했다."
A0006-C014,A0006-C014-m4,농수산식품 수출액,무역,농수산식품,11700000000,달러,달러,currency,amount,item,수준값,현재값,KOSIS_VALUE,2024,Y,전년,,5,584,,ALTERNATE,NOT_TOP_TABLE,후순위 통계표 후보,"식품,품목별,수입",hybrid+reranker,318,Y,,0.7701191902160645,0.4841269841269841,145,TX_145_2009_H1026,가공식품 국가 및 품목별(중량순),2006066,수입식품현황 > 수입식품등 국가 및 품목별 검사현황,meta_index 없음 또는 코드명 매칭 없음,,,,,,,,,,meta 없음,,,"바이오헬스 수출은 바이오시밀러 등 의약품을 중심으로 전년 대비 13.1% 증가한 151억 달러를 기록했으며, 전 세계적으로 K푸드, K뷰티 선호가 확대되면서 농수산식품 수출은 117억 달러(7.6%), 화장품 수출(102억 달러, +20.6%)은 처음으로 100억 달러를 돌파하면서 역대 최대 수출실적을 경신했다."
A0006-C014,A0006-C014-m5,화장품 수출액,무역,화장품,10200000000,달러,달러,currency,amount,item,수준값,현재값,KOSIS_VALUE,2024,Y,전년,,1,909,842,TABLE_ONLY,META_NOT_LOADED,통계표 메타 조회 전 후보,"화장품,수출액,수출,수입",hybrid+reranker,416,Y,0.6396167278289795,0.9483462572097778,0.8880393799748638,145,DT_145011_A006,화장품 수입 및 수출액 현황,2017087,화장품산업현황 > 화장품 수출입 현황,meta_index 없음 또는 코드명 매칭 없음,,,,,,,,,,meta 없음,,,"바이오헬스 수출은 바이오시밀러 등 의약품을 중심으로 전년 대비 13.1% 증가한 151억 달러를 기록했으며, 전 세계적으로 K푸드, K뷰티 선호가 확대되면서 농수산식품 수출은 117억 달러(7.6%), 화장품 수출(102억 달러, +20.6%)은 처음으로 100억 달러를 돌파하면서 역대 최대 수출실적을 경신했다."
A0006-C014,A0006-C014-m5,화장품 수출액,무역,화장품,10200000000,달러,달러,currency,amount,item,수준값,현재값,KOSIS_VALUE,2024,Y,전년,,2,842,,ALTERNATE,NOT_TOP_TABLE,후순위 통계표 후보,"화장품,수출",hybrid+reranker,344,Y,0.6275399923324585,0.9129031896591187,0.8045194892473118,145,DT_145011_A009,국내 화장품산업 현황,2017087,화장품산업현황 > 화장품 수출입 현황,meta_index 없음 또는 코드명 매칭 없음,,,,,,,,,,meta 없음,,,"바이오헬스 수출은 바이오시밀러 등 의약품을 중심으로 전년 대비 13.1% 증가한 151억 달러를 기록했으며, 전 세계적으로 K푸드, K뷰티 선호가 확대되면서 농수산식품 수출은 117억 달러(7.6%), 화장품 수출(102억 달러, +20.6%)은 처음으로 100억 달러를 돌파하면서 역대 최대 수출실적을 경신했다."
A0006-C014,A0006-C014-m5,화장품 수출액,무역,화장품,10200000000,달러,달러,currency,amount,item,수준값,현재값,KOSIS_VALUE,2024,Y,전년,,3,619,,ALTERNATE,NOT_TOP_TABLE,후순위 통계표 후보,"화장품,수입",hybrid+reranker,350,Y,,0.8693822622299194,0.4841269841269841,145,DT_145011_A002,화장품 수입업체 현황,2017087,화장품산업현황 > 업체 현황,meta_index 없음 또는 코드명 매칭 없음,,,,,,,,,,meta 없음,,,"바이오헬스 수출은 바이오시밀러 등 의약품을 중심으로 전년 대비 13.1% 증가한 151억 달러를 기록했으며, 전 세계적으로 K푸드, K뷰티 선호가 확대되면서 농수산식품 수출은 117억 달러(7.6%), 화장품 수출(102억 달러, +20.6%)은 처음으로 100억 달러를 돌파하면서 역대 최대 수출실적을 경신했다."
A0006-C014,A0006-C014-m5,화장품 수출액,무역,화장품,10200000000,달러,달러,currency,amount,item,수준값,현재값,KOSIS_VALUE,2024,Y,전년,,4,614,,ALTERNATE,NOT_TOP_TABLE,후순위 통계표 후보,"화장품,바이오,바이오헬스",hybrid+reranker,134,Y,0.66420978307724,0.8682692646980286,0.4765625,358,DT_358004_007,화장품 부문 유형별 매출액,2021024,바이오헬스산업실태조사,meta_index 없음 또는 코드명 매칭 없음,,,,,,,,,,meta 없음,,,"바이오헬스 수출은 바이오시밀러 등 의약품을 중심으로 전년 대비 13.1% 증가한 151억 달러를 기록했으며, 전 세계적으로 K푸드, K뷰티 선호가 확대되면서 농수산식품 수출은 117억 달러(7.6%), 화장품 수출(102억 달러, +20.6%)은 처음으로 100억 달러를 돌파하면서 역대 최대 수출실적을 경신했다."
A0006-C014,A0006-C014-m5,화장품 수출액,무역,화장품,10200000000,달러,달러,currency,amount,item,수준값,현재값,KOSIS_VALUE,2024,Y,전년,,5,601,,ALTERNATE,NOT_TOP_TABLE,후순위 통계표 후보,"화장품,바이오,바이오헬스",hybrid+reranker,134,Y,0.6621019840240479,0.859663724899292,0.4621212121212121,358,DT_358004_008,화장품 부문 유통채널별 매출액,2021024,바이오헬스산업실태조사,meta_index 없음 또는 코드명 매칭 없음,,,,,,,,,,meta 없음,,,"바이오헬스 수출은 바이오시밀러 등 의약품을 중심으로 전년 대비 13.1% 증가한 151억 달러를 기록했으며, 전 세계적으로 K푸드, K뷰티 선호가 확대되면서 농수산식품 수출은 117억 달러(7.6%), 화장품 수출(102억 달러, +20.6%)은 처음으로 100억 달러를 돌파하면서 역대 최대 수출실적을 경신했다."
A0006-C014,A0006-C014-m6,화장품 수출증가율,무역,화장품,20.6,%,%,rate,rate_change,item,증감률,증감률,KOSIS_VALUE,2024,Y,전년,2023,1,868,844,TABLE_ONLY,META_NOT_LOADED,통계표 메타 조회 전 후보,"화장품,수출액,수출,수입",hybrid+reranker,416,Y,0.6306050419807434,0.9587699174880981,0.8198924731182795,145,DT_145011_A006,화장품 수입 및 수출액 현황,2017087,화장품산업현황 > 화장품 수출입 현황,meta_index 없음 또는 코드명 매칭 없음,,,,,,,,,,meta 없음,,,"바이오헬스 수출은 바이오시밀러 등 의약품을 중심으로 전년 대비 13.1% 증가한 151억 달러를 기록했으며, 전 세계적으로 K푸드, K뷰티 선호가 확대되면서 농수산식품 수출은 117억 달러(7.6%), 화장품 수출(102억 달러, +20.6%)은 처음으로 100억 달러를 돌파하면서 역대 최대 수출실적을 경신했다."
A0006-C014,A0006-C014-m6,화장품 수출증가율,무역,화장품,20.6,%,%,rate,rate_change,item,증감률,증감률,KOSIS_VALUE,2024,Y,전년,2023,2,844,,ALTERNATE,NOT_TOP_TABLE,후순위 통계표 후보,"화장품,수출",hybrid+reranker,344,Y,0.6238122582435608,0.9543930292129517,0.7846433080808081,145,DT_145011_A009,국내 화장품산업 현황,2017087,화장품산업현황 > 화장품 수출입 현황,meta_index 없음 또는 코드명 매칭 없음,,,,,,,,,,meta 없음,,,"바이오헬스 수출은 바이오시밀러 등 의약품을 중심으로 전년 대비 13.1% 증가한 151억 달러를 기록했으며, 전 세계적으로 K푸드, K뷰티 선호가 확대되면서 농수산식품 수출은 117억 달러(7.6%), 화장품 수출(102억 달러, +20.6%)은 처음으로 100억 달러를 돌파하면서 역대 최대 수출실적을 경신했다."
A0006-C014,A0006-C014-m6,화장품 수출증가율,무역,화장품,20.6,%,%,rate,rate_change,item,증감률,증감률,KOSIS_VALUE,2024,Y,전년,2023,3,638,,ALTERNATE,NOT_TOP_TABLE,후순위 통계표 후보,"화장품,수입",hybrid+reranker,350,Y,,0.9238675236701965,0.4841269841269841,145,DT_145011_A002,화장품 수입업체 현황,2017087,화장품산업현황 > 업체 현황,meta_index 없음 또는 코드명 매칭 없음,,,,,,,,,,meta 없음,,,"바이오헬스 수출은 바이오시밀러 등 의약품을 중심으로 전년 대비 13.1% 증가한 151억 달러를 기록했으며, 전 세계적으로 K푸드, K뷰티 선호가 확대되면서 농수산식품 수출은 117억 달러(7.6%), 화장품 수출(102억 달러, +20.6%)은 처음으로 100억 달러를 돌파하면서 역대 최대 수출실적을 경신했다."
A0006-C014,A0006-C014-m6,화장품 수출증가율,무역,화장품,20.6,%,%,rate,rate_change,item,증감률,증감률,KOSIS_VALUE,2024,Y,전년,2023,4,630,,ALTERNATE,NOT_TOP_TABLE,후순위 통계표 후보,"화장품,바이오,바이오헬스",hybrid+reranker,134,Y,0.6663548350334167,0.9017477631568909,0.4841269841269841,358,DT_358004_007,화장품 부문 유형별 매출액,2021024,바이오헬스산업실태조사,meta_index 없음 또는 코드명 매칭 없음,,,,,,,,,,meta 없음,,,"바이오헬스 수출은 바이오시밀러 등 의약품을 중심으로 전년 대비 13.1% 증가한 151억 달러를 기록했으며, 전 세계적으로 K푸드, K뷰티 선호가 확대되면서 농수산식품 수출은 117억 달러(7.6%), 화장품 수출(102억 달러, +20.6%)은 처음으로 100억 달러를 돌파하면서 역대 최대 수출실적을 경신했다."
A0006-C014,A0006-C014-m6,화장품 수출증가율,무역,화장품,20.6,%,%,rate,rate_change,item,증감률,증감률,KOSIS_VALUE,2024,Y,전년,2023,5,622,,ALTERNATE,NOT_TOP_TABLE,후순위 통계표 후보,"품목별,수출액,수출,수입,무역",hybrid+reranker,480,Y,,0.8489722013473511,0.5,360,DT_1R11001_FRM101,"품목별 수출액, 수입액",1976045,SITC에의한무역통계,meta_index 없음 또는 코드명 매칭 없음,,,,,,,,,,meta 없음,,,"바이오헬스 수출은 바이오시밀러 등 의약품을 중심으로 전년 대비 13.1% 증가한 151억 달러를 기록했으며, 전 세계적으로 K푸드, K뷰티 선호가 확대되면서 농수산식품 수출은 117억 달러(7.6%), 화장품 수출(102억 달러, +20.6%)은 처음으로 100억 달러를 돌파하면서 역대 최대 수출실적을 경신했다."
A0004-C048,A0004-C048-m1,로봇화에 뛰어든 기업 수,무역,-,13,%,%,rate,rate_change,organization,증감률,증감률,KOSIS_VALUE,2023,Y,전년,2019,1,975,937,TABLE_ONLY,META_NOT_LOADED,통계표 메타 조회 전 후보,"로봇,기업,제조업",hybrid+reranker,166,Y,0.6797167062759399,0.987375020980835,0.9684979838709676,395,DT_395N_I2021277,디지털 신기술별 도입 여부: 로봇공학,2003024,한국기업혁신조사 > 2022년도 조사(제조업 부문) > 디지털전환 > 디지털 신기술별 도입 여부,meta_index 없음 또는 코드명 매칭 없음,,,,,,,,,,meta 없음,,,한국로봇산업진흥원에 따르면 2023년까지 로봇화에 뛰어든 우리 기업은 2524곳으로 지난 2019년보다 13%가량 증가했다.
A0004-C048,A0004-C048-m1,로봇화에 뛰어든 기업 수,무역,-,13,%,%,rate,rate_change,organization,증감률,증감률,KOSIS_VALUE,2023,Y,전년,2019,2,937,,ALTERNATE,NOT_TOP_TABLE,후순위 통계표 후보,"로봇,기업",hybrid+reranker,160,Y,0.6981543302536011,0.9928231239318848,0.9066666666666666,395,DT_395N_S2022277,디지털 신기술별 도입 여부: 로봇공학,2003024,한국기업혁신조사 > 2023년도 조사(서비스 부문) > 디지털전환 > 디지털 신기술별 도입 여부,meta_index 없음 또는 코드명 매칭 없음,,,,,,,,,,meta 없음,,,한국로봇산업진흥원에 따르면 2023년까지 로봇화에 뛰어든 우리 기업은 2524곳으로 지난 2019년보다 13%가량 증가했다.
A0004-C048,A0004-C048-m1,로봇화에 뛰어든 기업 수,무역,-,13,%,%,rate,rate_change,organization,증감률,증감률,KOSIS_VALUE,2023,Y,전년,2019,3,919,,ALTERNATE,NOT_TOP_TABLE,후순위 통계표 후보,"로봇,기업",hybrid+reranker,160,Y,0.6940408945083618,0.9865716695785522,0.8829611248966087,395,DT_395N_S2024286,디지털 전환(DX) 도입 여부/계획: 로봇,2003024,한국기업혁신조사 > 2025년도 조사(서비스 부문) > 디지털 전환 > 디지털 전환(DX) 도입 여부,meta_index 없음 또는 코드명 매칭 없음,,,,,,,,,,meta 없음,,,한국로봇산업진흥원에 따르면 2023년까지 로봇화에 뛰어든 우리 기업은 2524곳으로 지난 2019년보다 13%가량 증가했다.
A0004-C048,A0004-C048-m1,로봇화에 뛰어든 기업 수,무역,-,13,%,%,rate,rate_change,organization,증감률,증감률,KOSIS_VALUE,2023,Y,전년,2019,4,916,,ALTERNATE,NOT_TOP_TABLE,후순위 통계표 후보,"로봇,기업",hybrid+reranker,160,Y,0.6814013719558716,0.9837850332260132,0.8802308802308801,395,DT_395N_S2024295,디지털 전환(DX) 도입 목적: 로봇,2003024,한국기업혁신조사 > 2025년도 조사(서비스 부문) > 디지털 전환 > 디지털 전환(DX) 도입 목적,meta_index 없음 또는 코드명 매칭 없음,,,,,,,,,,meta 없음,,,한국로봇산업진흥원에 따르면 2023년까지 로봇화에 뛰어든 우리 기업은 2524곳으로 지난 2019년보다 13%가량 증가했다.
A0004-C048,A0004-C048-m1,로봇화에 뛰어든 기업 수,무역,-,13,%,%,rate,rate_change,organization,증감률,증감률,KOSIS_VALUE,2023,Y,전년,2019,5,913,,ALTERNATE,NOT_TOP_TABLE,후순위 통계표 후보,"로봇,기업",hybrid+reranker,160,Y,0.6589798927307129,0.9914886951446533,0.8705465587044534,395,DT_395N_S2022268,디지털 신기술별 중요도: 로봇공학,2003024,한국기업혁신조사 > 2023년도 조사(서비스 부문) > 디지털전환 > 디지털 신기술별 중요도,meta_index 없음 또는 코드명 매칭 없음,,,,,,,,,,meta 없음,,,한국로봇산업진흥원에 따르면 2023년까지 로봇화에 뛰어든 우리 기업은 2524곳으로 지난 2019년보다 13%가량 증가했다.
A0006-C001,A0006-C001-m1,수출액,무역,-,683800000000,달러,달러,currency,amount,unspecified,수준값,현재값,KOSIS_VALUE,2024,Y,전년동기,,1,636,622,TABLE_ONLY,META_NOT_LOADED,통계표 메타 조회 전 후보,"수출액,수출,수입,국가별,무역",hybrid+reranker,100,Y,,0.9029524326324463,0.4919354838709677,360,DT_1R11006_FRM101,"국가별 수출액, 수입액",1976045,SITC에의한무역통계,meta_index 없음 또는 코드명 매칭 없음,,,,,,,,,,meta 없음,,,한국의 2024년 수출이 6838억 달러를 기록해 역대 최대실적을 달성했다고 1일 산업통상자원부가 밝혔다.
A0006-C001,A0006-C001-m1,수출액,무역,-,683800000000,달러,달러,currency,amount,unspecified,수준값,현재값,KOSIS_VALUE,2024,Y,전년동기,,2,622,,ALTERNATE,NOT_TOP_TABLE,후순위 통계표 후보,"수출액,품목별,수출,수입,무역",hybrid+reranker,404,Y,,0.8475897312164307,0.5,360,DT_1R11001_FRM101,"품목별 수출액, 수입액",1976045,SITC에의한무역통계,meta_index 없음 또는 코드명 매칭 없음,,,,,,,,,,meta 없음,,,한국의 2024년 수출이 6838억 달러를 기록해 역대 최대실적을 달성했다고 1일 산업통상자원부가 밝혔다.
A0006-C001,A0006-C001-m1,수출액,무역,-,683800000000,달러,달러,currency,amount,unspecified,수준값,현재값,KOSIS_VALUE,2024,Y,전년동기,,3,493,,ALTERNATE,NOT_TOP_TABLE,후순위 통계표 후보,"수출액,품목별,수출",hybrid+reranker,96,Y,,0.5098634958267212,0.4841269841269841,466,DT_446001_A027,쌀가루 생산판매 현황 : 품목별 수출액 - 총계,2024007,쌀가공식품제조업실태조사 > 쌀가공식품제조업,meta_index 없음 또는 코드명 매칭 없음,,,,,,,,,,meta 없음,,,한국의 2024년 수출이 6838억 달러를 기록해 역대 최대실적을 달성했다고 1일 산업통상자원부가 밝혔다.
A0006-C001,A0006-C001-m1,수출액,무역,-,683800000000,달러,달러,currency,amount,unspecified,수준값,현재값,KOSIS_VALUE,2024,Y,전년동기,,4,450,,ALTERNATE,NOT_TOP_TABLE,후순위 통계표 후보,"품목별,수출,수입,무역",hybrid+reranker,88,Y,,0.5495197772979736,0.3961038961038961,134,DT_134006_N001,품목별 수입·수출현황,2017044,기업무역활동통계,meta_index 없음 또는 코드명 매칭 없음,,,,,,,,,,meta 없음,,,한국의 2024년 수출이 6838억 달러를 기록해 역대 최대실적을 달성했다고 1일 산업통상자원부가 밝혔다.
A0006-C001,A0006-C001-m1,수출액,무역,-,683800000000,달러,달러,currency,amount,unspecified,수준값,현재값,KOSIS_VALUE,2024,Y,전년동기,,5,447,,ALTERNATE,NOT_TOP_TABLE,후순위 통계표 후보,"무역,수출,수입",hybrid+reranker,76,Y,,0.5600721836090088,0.38607594936708856,134,DT_134006_N003,무역규모별 수입·수출현황,2017044,기업무역활동통계,meta_index 없음 또는 코드명 매칭 없음,,,,,,,,,,meta 없음,,,한국의 2024년 수출이 6838억 달러를 기록해 역대 최대실적을 달성했다고 1일 산업통상자원부가 밝혔다.
A0006-C007,A0006-C007-m1,무역수지,무역,-,69700000000,달러,달러,currency,amount,unspecified,수준값,현재값,KOSIS_VALUE,2018,Y,전년,,1,435,430,TABLE_ONLY,META_NOT_LOADED,통계표 메타 조회 전 후보,"수출액,수입액,품목별,수출,수입,무역",hybrid+reranker,508,Y,,0.31447142362594604,0.5,360,DT_1R11001_FRM101,"품목별 수출액, 수입액",1976045,SITC에의한무역통계,meta_index 없음 또는 코드명 매칭 없음,,,,,,,,,,meta 없음,,,이에 2018년(697억 달러 흑자) 이후 최대 흑자를 기록하게 됐다.
A0006-C007,A0006-C007-m1,무역수지,무역,-,69700000000,달러,달러,currency,amount,unspecified,수준값,현재값,KOSIS_VALUE,2018,Y,전년,,2,430,,ALTERNATE,NOT_TOP_TABLE,후순위 통계표 후보,"수출액,수입액,품목별,수출,수입,무역",hybrid+reranker,508,Y,,0.31447142362594604,0.4919354838709677,360,DT_1R11001_FRM101_2019,"품목별 수출액, 수입액",1976045,SITC에의한무역통계,meta_index 없음 또는 코드명 매칭 없음,,,,,,,,,,meta 없음,,,이에 2018년(697억 달러 흑자) 이후 최대 흑자를 기록하게 됐다.
A0006-C007,A0006-C007-m1,무역수지,무역,-,69700000000,달러,달러,currency,amount,unspecified,수준값,현재값,KOSIS_VALUE,2018,Y,전년,,3,430,,ALTERNATE,NOT_TOP_TABLE,후순위 통계표 후보,"무역,무역수지,국가별",hybrid+reranker,260,Y,,0.344112753868103,0.4765625,127,DT_DCA0001_S10502,주요 국가별 산업별 기술무역수지 추이,2003037,기술무역통계 > 기술무역수지현황,meta_index 없음 또는 코드명 매칭 없음,,,,,,,,,,meta 없음,,,이에 2018년(697억 달러 흑자) 이후 최대 흑자를 기록하게 됐다.
A0006-C007,A0006-C007-m1,무역수지,무역,-,69700000000,달러,달러,currency,amount,unspecified,수준값,현재값,KOSIS_VALUE,2018,Y,전년,,4,426,,ALTERNATE,NOT_TOP_TABLE,후순위 통계표 후보,"무역,무역수지",hybrid+reranker,248,Y,,0.3594765365123749,0.4621212121212121,127,DT_DAA0001_S10502,기관유형별 산업별 기술무역수지 추이,2003037,기술무역통계 > 기술무역수지현황,meta_index 없음 또는 코드명 매칭 없음,,,,,,,,,,meta 없음,,,이에 2018년(697억 달러 흑자) 이후 최대 흑자를 기록하게 됐다.
A0006-C007,A0006-C007-m1,무역수지,무역,-,69700000000,달러,달러,currency,amount,unspecified,수준값,현재값,KOSIS_VALUE,2018,Y,전년,,5,417,,ALTERNATE,NOT_TOP_TABLE,후순위 통계표 후보,"무역,무역수지",hybrid+reranker,248,Y,,0.3197582960128784,0.46923076923076923,127,DT_DBA0001_S10502,기관유형별 기술별 기술무역수지 추이,2003037,기술무역통계 > 기술무역수지현황,meta_index 없음 또는 코드명 매칭 없음,,,,,,,,,,meta 없음,,,이에 2018년(697억 달러 흑자) 이후 최대 흑자를 기록하게 됐다.
A0009-C001,A0009-C001-m1,국제선 여객 수,무역,-,47200000,명,명,person_count,count,person,수준값,현재값,KOSIS_VALUE,2023,Y,전년,,1,670,664,TABLE_ONLY,META_NOT_LOADED,통계표 메타 조회 전 후보,"국제선,항공",hybrid+reranker,320,Y,,0.9870296716690063,0.5,381,DT_920005_B005,국제선 지역별 통계,2005006,항공통계,meta_index 없음 또는 코드명 매칭 없음,,,,,,,,,,meta 없음,,,7 2023년 국적기로 국제선을 이용한 여객 4720만여 명 가운데 저비용항공사(LCC) 이용객이 2419만여 명으로 대형항공사(대한항공·아시아나항공) 이용객 2300만여 명을 처음으로 넘어섰다.
A0009-C001,A0009-C001-m1,국제선 여객 수,무역,-,47200000,명,명,person_count,count,person,수준값,현재값,KOSIS_VALUE,2023,Y,전년,,2,664,,ALTERNATE,NOT_TOP_TABLE,후순위 통계표 후보,"여객,교통",hybrid+reranker,288,Y,,0.9842759370803833,0.4919354838709677,116,DT_MLTM_5376,국내·국제여객 연도별 수송수단별,1975011,교통부문수송실적보고,meta_index 없음 또는 코드명 매칭 없음,,,,,,,,,,meta 없음,,,7 2023년 국적기로 국제선을 이용한 여객 4720만여 명 가운데 저비용항공사(LCC) 이용객이 2419만여 명으로 대형항공사(대한항공·아시아나항공) 이용객 2300만여 명을 처음으로 넘어섰다.
A0009-C001,A0009-C001-m1,국제선 여객 수,무역,-,47200000,명,명,person_count,count,person,수준값,현재값,KOSIS_VALUE,2023,Y,전년,,3,659,,ALTERNATE,NOT_TOP_TABLE,후순위 통계표 후보,"여객,교통",hybrid+reranker,288,Y,,0.9827572107315063,0.4841269841269841,116,DT_MLTM_1048,국내·국제여객 월별 수송수단별,1975011,교통부문수송실적보고,meta_index 없음 또는 코드명 매칭 없음,,,,,,,,,,meta 없음,,,7 2023년 국적기로 국제선을 이용한 여객 4720만여 명 가운데 저비용항공사(LCC) 이용객이 2419만여 명으로 대형항공사(대한항공·아시아나항공) 이용객 2300만여 명을 처음으로 넘어섰다.
A0009-C001,A0009-C001-m1,국제선 여객 수,무역,-,47200000,명,명,person_count,count,person,수준값,현재값,KOSIS_VALUE,2023,Y,전년,,4,654,,ALTERNATE,NOT_TOP_TABLE,후순위 통계표 후보,"여객,교통",hybrid+reranker,288,Y,,0.9848109483718872,0.4765625,116,DT_MLTM_1050,국내·국제여객총괄,1975011,교통부문수송실적보고,meta_index 없음 또는 코드명 매칭 없음,,,,,,,,,,meta 없음,,,7 2023년 국적기로 국제선을 이용한 여객 4720만여 명 가운데 저비용항공사(LCC) 이용객이 2419만여 명으로 대형항공사(대한항공·아시아나항공) 이용객 2300만여 명을 처음으로 넘어섰다.
A0009-C001,A0009-C001-m1,국제선 여객 수,무역,-,47200000,명,명,person_count,count,person,수준값,현재값,KOSIS_VALUE,2023,Y,전년,,5,649,,ALTERNATE,NOT_TOP_TABLE,후순위 통계표 후보,항공,hybrid+reranker,272,Y,,0.9832789301872253,0.46923076923076923,381,DT_920005_B008,항공사별 통계,2005006,항공통계,meta_index 없음 또는 코드명 매칭 없음,,,,,,,,,,meta 없음,,,7 2023년 국적기로 국제선을 이용한 여객 4720만여 명 가운데 저비용항공사(LCC) 이용객이 2419만여 명으로 대형항공사(대한항공·아시아나항공) 이용객 2300만여 명을 처음으로 넘어섰다.
A0009-C001,A0009-C001-m2,LCC 이용객 수,무역,-,24190000,명,명,person_count,count,person,수준값,현재값,KOSIS_VALUE,2023,Y,전년,,1,672,666,TABLE_ONLY,META_NOT_LOADED,통계표 메타 조회 전 후보,,hybrid+reranker,480,Y,,0.9904035329818726,0.5,381,DT_920005_B008,항공사별 통계,2005006,항공통계,meta_index 없음 또는 코드명 매칭 없음,,,,,,,,,,meta 없음,,,7 2023년 국적기로 국제선을 이용한 여객 4720만여 명 가운데 저비용항공사(LCC) 이용객이 2419만여 명으로 대형항공사(대한항공·아시아나항공) 이용객 2300만여 명을 처음으로 넘어섰다.
A0009-C001,A0009-C001-m2,LCC 이용객 수,무역,-,24190000,명,명,person_count,count,person,수준값,현재값,KOSIS_VALUE,2023,Y,전년,,2,666,,ALTERNATE,NOT_TOP_TABLE,후순위 통계표 후보,국제선,hybrid+reranker,278,Y,,0.9906600117683411,0.4919354838709677,381,DT_920005_B005,국제선 지역별 통계,2005006,항공통계,meta_index 없음 또는 코드명 매칭 없음,,,,,,,,,,meta 없음,,,7 2023년 국적기로 국제선을 이용한 여객 4720만여 명 가운데 저비용항공사(LCC) 이용객이 2419만여 명으로 대형항공사(대한항공·아시아나항공) 이용객 2300만여 명을 처음으로 넘어섰다.
A0009-C001,A0009-C001-m2,LCC 이용객 수,무역,-,24190000,명,명,person_count,count,person,수준값,현재값,KOSIS_VALUE,2023,Y,전년,,3,661,,ALTERNATE,NOT_TOP_TABLE,후순위 통계표 후보,여객,hybrid+reranker,276,Y,,0.9882676005363464,0.4841269841269841,116,DT_MLTM_5376,국내·국제여객 연도별 수송수단별,1975011,교통부문수송실적보고,meta_index 없음 또는 코드명 매칭 없음,,,,,,,,,,meta 없음,,,7 2023년 국적기로 국제선을 이용한 여객 4720만여 명 가운데 저비용항공사(LCC) 이용객이 2419만여 명으로 대형항공사(대한항공·아시아나항공) 이용객 2300만여 명을 처음으로 넘어섰다.
A0009-C001,A0009-C001-m2,LCC 이용객 수,무역,-,24190000,명,명,person_count,count,person,수준값,현재값,KOSIS_VALUE,2023,Y,전년,,4,656,,ALTERNATE,NOT_TOP_TABLE,후순위 통계표 후보,여객,hybrid+reranker,276,Y,,0.988447368144989,0.4765625,116,DT_MLTM_1048,국내·국제여객 월별 수송수단별,1975011,교통부문수송실적보고,meta_index 없음 또는 코드명 매칭 없음,,,,,,,,,,meta 없음,,,7 2023년 국적기로 국제선을 이용한 여객 4720만여 명 가운데 저비용항공사(LCC) 이용객이 2419만여 명으로 대형항공사(대한항공·아시아나항공) 이용객 2300만여 명을 처음으로 넘어섰다.
A0009-C001,A0009-C001-m2,LCC 이용객 수,무역,-,24190000,명,명,person_count,count,person,수준값,현재값,KOSIS_VALUE,2023,Y,전년,,5,651,,ALTERNATE,NOT_TOP_TABLE,후순위 통계표 후보,여객,hybrid+reranker,276,Y,,0.9891397356987,0.46923076923076923,116,DT_MLTM_1050,국내·국제여객총괄,1975011,교통부문수송실적보고,meta_index 없음 또는 코드명 매칭 없음,,,,,,,,,,meta 없음,,,7 2023년 국적기로 국제선을 이용한 여객 4720만여 명 가운데 저비용항공사(LCC) 이용객이 2419만여 명으로 대형항공사(대한항공·아시아나항공) 이용객 2300만여 명을 처음으로 넘어섰다.
A0009-C001,A0009-C001-m3,대형항공사 이용객 수,무역,-,23000000,명,명,person_count,count,person,수준값,현재값,KOSIS_VALUE,2023,Y,전년,,1,670,664,TABLE_ONLY,META_NOT_LOADED,통계표 메타 조회 전 후보,항공,hybrid+reranker,492,Y,,0.9862577319145203,0.5,381,DT_920005_B008,항공사별 통계,2005006,항공통계,meta_index 없음 또는 코드명 매칭 없음,,,,,,,,,,meta 없음,,,7 2023년 국적기로 국제선을 이용한 여객 4720만여 명 가운데 저비용항공사(LCC) 이용객이 2419만여 명으로 대형항공사(대한항공·아시아나항공) 이용객 2300만여 명을 처음으로 넘어섰다.
A0009-C001,A0009-C001-m3,대형항공사 이용객 수,무역,-,23000000,명,명,person_count,count,person,수준값,현재값,KOSIS_VALUE,2023,Y,전년,,2,664,,ALTERNATE,NOT_TOP_TABLE,후순위 통계표 후보,"여객,교통",hybrid+reranker,288,Y,,0.982624351978302,0.4919354838709677,116,DT_MLTM_5376,국내·국제여객 연도별 수송수단별,1975011,교통부문수송실적보고,meta_index 없음 또는 코드명 매칭 없음,,,,,,,,,,meta 없음,,,7 2023년 국적기로 국제선을 이용한 여객 4720만여 명 가운데 저비용항공사(LCC) 이용객이 2419만여 명으로 대형항공사(대한항공·아시아나항공) 이용객 2300만여 명을 처음으로 넘어섰다.
A0009-C001,A0009-C001-m3,대형항공사 이용객 수,무역,-,23000000,명,명,person_count,count,person,수준값,현재값,KOSIS_VALUE,2023,Y,전년,,3,658,,ALTERNATE,NOT_TOP_TABLE,후순위 통계표 후보,"여객,교통",hybrid+reranker,288,Y,,0.9816655516624451,0.4841269841269841,116,DT_MLTM_1048,국내·국제여객 월별 수송수단별,1975011,교통부문수송실적보고,meta_index 없음 또는 코드명 매칭 없음,,,,,,,,,,meta 없음,,,7 2023년 국적기로 국제선을 이용한 여객 4720만여 명 가운데 저비용항공사(LCC) 이용객이 2419만여 명으로 대형항공사(대한항공·아시아나항공) 이용객 2300만여 명을 처음으로 넘어섰다.
A0009-C001,A0009-C001-m3,대형항공사 이용객 수,무역,-,23000000,명,명,person_count,count,person,수준값,현재값,KOSIS_VALUE,2023,Y,전년,,4,654,,ALTERNATE,NOT_TOP_TABLE,후순위 통계표 후보,"여객,교통",hybrid+reranker,288,Y,,0.9834704995155334,0.4765625,116,DT_MLTM_1050,국내·국제여객총괄,1975011,교통부문수송실적보고,meta_index 없음 또는 코드명 매칭 없음,,,,,,,,,,meta 없음,,,7 2023년 국적기로 국제선을 이용한 여객 4720만여 명 가운데 저비용항공사(LCC) 이용객이 2419만여 명으로 대형항공사(대한항공·아시아나항공) 이용객 2300만여 명을 처음으로 넘어섰다.
A0009-C001,A0009-C001-m3,대형항공사 이용객 수,무역,-,23000000,명,명,person_count,count,person,수준값,현재값,KOSIS_VALUE,2023,Y,전년,,5,649,,ALTERNATE,NOT_TOP_TABLE,후순위 통계표 후보,"국제선,항공",hybrid+reranker,282,Y,,0.9842759370803833,0.46923076923076923,381,DT_920005_B005,국제선 지역별 통계,2005006,항공통계,meta_index 없음 또는 코드명 매칭 없음,,,,,,,,,,meta 없음,,,7 2023년 국적기로 국제선을 이용한 여객 4720만여 명 가운데 저비용항공사(LCC) 이용객이 2419만여 명으로 대형항공사(대한항공·아시아나항공) 이용객 2300만여 명을 처음으로 넘어섰다.
A0009-C009,A0009-C009-m2,정비사 수,고용,항공,5849,명,명,person_count,count,person,수준값,현재값,KOSIS_VALUE,2023년말,Y,-,,1,673,,TABLE_ONLY,META_NOT_LOADED,통계표 메타 조회 전 후보,"항공,항공사",hybrid+reranker,268,Y,,0.9944880604743958,0.5,381,DT_920005_B008,항공사별 통계,2005006,항공통계,meta_index 없음 또는 코드명 매칭 없음,,,,,,,,,,meta 없음,,,"◇급성장한 LCC, 안전 투자는 미흡 국토교통부가 지난해 9월 발표한 ‘2023 항공안전백서’에 따르면, 국내 12개 항공사의 정비사 총 5849명(2023년말 기준) 가운데 대형 항공사인 대한항공, 아시아나항공 등 2사 소속은 4248명이었다."
A0009-C009,A0009-C009-m2,정비사 수,고용,항공,5849,명,명,person_count,count,person,수준값,현재값,KOSIS_VALUE,2023년말,Y,-,,2,671,,ALTERNATE,NOT_TOP_TABLE,후순위 통계표 후보,2023,hybrid+reranker,-372,N,0.6127615571022034,0.9880849719047546,0.5,395,DT_395N_S2024271,회사의 인력규모: 2023년 기준 상시종사자 수,2003024,한국기업혁신조사 > 2025년도 조사(서비스 부문) > 회사의 인력규모,meta_index 없음 또는 코드명 매칭 없음,,,,,,,,,,meta 없음,,,"◇급성장한 LCC, 안전 투자는 미흡 국토교통부가 지난해 9월 발표한 ‘2023 항공안전백서’에 따르면, 국내 12개 항공사의 정비사 총 5849명(2023년말 기준) 가운데 대형 항공사인 대한항공, 아시아나항공 등 2사 소속은 4248명이었다."
A0009-C009,A0009-C009-m2,정비사 수,고용,항공,5849,명,명,person_count,count,person,수준값,현재값,KOSIS_VALUE,2023년말,Y,-,,3,665,,ALTERNATE,NOT_TOP_TABLE,후순위 통계표 후보,2023,hybrid+reranker,-376,N,0.6127464175224304,0.9871788024902344,0.4919354838709677,395,DT_395N_S2022302,회사의 인력규모 : 2021년 기준 상시종사자 수,2003024,한국기업혁신조사 > 2023년도 조사(서비스 부문) > 회사의 인력규모,meta_index 없음 또는 코드명 매칭 없음,,,,,,,,,,meta 없음,,,"◇급성장한 LCC, 안전 투자는 미흡 국토교통부가 지난해 9월 발표한 ‘2023 항공안전백서’에 따르면, 국내 12개 항공사의 정비사 총 5849명(2023년말 기준) 가운데 대형 항공사인 대한항공, 아시아나항공 등 2사 소속은 4248명이었다."
A0009-C009,A0009-C009-m2,정비사 수,고용,항공,5849,명,명,person_count,count,person,수준값,현재값,KOSIS_VALUE,2023년말,Y,-,,4,661,,ALTERNATE,NOT_TOP_TABLE,후순위 통계표 후보,,hybrid+reranker,-680,N,0.6104540228843689,0.9895108342170715,0.4841269841269841,395,DT_395N_S2020310,회사의 인력규모: 2019년 기준 상시종사자 수,2003024,한국기업혁신조사 > 2021년도 조사(서비스 부문) > 회사의 인력규모,meta_index 없음 또는 코드명 매칭 없음,,,,,,,,,,meta 없음,,,"◇급성장한 LCC, 안전 투자는 미흡 국토교통부가 지난해 9월 발표한 ‘2023 항공안전백서’에 따르면, 국내 12개 항공사의 정비사 총 5849명(2023년말 기준) 가운데 대형 항공사인 대한항공, 아시아나항공 등 2사 소속은 4248명이었다."
A0009-C009,A0009-C009-m2,정비사 수,고용,항공,5849,명,명,person_count,count,person,수준값,현재값,KOSIS_VALUE,2023년말,Y,-,,5,657,,ALTERNATE,NOT_TOP_TABLE,후순위 통계표 후보,"고용,항공",hybrid+reranker,-350,N,0.6095291376113892,0.9917163252830505,0.4765625,101,DT_1IA1056,산업 및 종사자 규모별 직종별 피고용자수,1978009,운수업조사 > 조사기반 > 운수업부문 > 회차별 산업분류(~1996) > 운수업조사(1992~1996:6차산업분류기준) > 항공운송업,meta_index 없음 또는 코드명 매칭 없음,,,,,,,,,,meta 없음,,,"◇급성장한 LCC, 안전 투자는 미흡 국토교통부가 지난해 9월 발표한 ‘2023 항공안전백서’에 따르면, 국내 12개 항공사의 정비사 총 5849명(2023년말 기준) 가운데 대형 항공사인 대한항공, 아시아나항공 등 2사 소속은 4248명이었다."
A0009-C009,A0009-C009-m4,정비사 수,고용,대형 항공사,4248,명,명,person_count,count,person,수준값,현재값,KOSIS_VALUE,2023년말,Y,-,,1,674,,TABLE_ONLY,META_NOT_LOADED,통계표 메타 조회 전 후보,항공사,hybrid+reranker,276,Y,,0.9961305856704712,0.5,381,DT_920005_B008,항공사별 통계,2005006,항공통계,meta_index 없음 또는 코드명 매칭 없음,,,,,,,,,,meta 없음,,,"◇급성장한 LCC, 안전 투자는 미흡 국토교통부가 지난해 9월 발표한 ‘2023 항공안전백서’에 따르면, 국내 12개 항공사의 정비사 총 5849명(2023년말 기준) 가운데 대형 항공사인 대한항공, 아시아나항공 등 2사 소속은 4248명이었다."
A0009-C009,A0009-C009-m4,정비사 수,고용,대형 항공사,4248,명,명,person_count,count,person,수준값,현재값,KOSIS_VALUE,2023년말,Y,-,,2,673,,ALTERNATE,NOT_TOP_TABLE,후순위 통계표 후보,2023,hybrid+reranker,-372,N,0.6079853177070618,0.993561863899231,0.5,395,DT_395N_S2024271,회사의 인력규모: 2023년 기준 상시종사자 수,2003024,한국기업혁신조사 > 2025년도 조사(서비스 부문) > 회사의 인력규모,meta_index 없음 또는 코드명 매칭 없음,,,,,,,,,,meta 없음,,,"◇급성장한 LCC, 안전 투자는 미흡 국토교통부가 지난해 9월 발표한 ‘2023 항공안전백서’에 따르면, 국내 12개 항공사의 정비사 총 5849명(2023년말 기준) 가운데 대형 항공사인 대한항공, 아시아나항공 등 2사 소속은 4248명이었다."
A0009-C009,A0009-C009-m4,정비사 수,고용,대형 항공사,4248,명,명,person_count,count,person,수준값,현재값,KOSIS_VALUE,2023년말,Y,-,,3,667,,ALTERNATE,NOT_TOP_TABLE,후순위 통계표 후보,2023,hybrid+reranker,-376,N,0.6079745292663574,0.9932811260223389,0.4919354838709677,395,DT_395N_S2022302,회사의 인력규모 : 2021년 기준 상시종사자 수,2003024,한국기업혁신조사 > 2023년도 조사(서비스 부문) > 회사의 인력규모,meta_index 없음 또는 코드명 매칭 없음,,,,,,,,,,meta 없음,,,"◇급성장한 LCC, 안전 투자는 미흡 국토교통부가 지난해 9월 발표한 ‘2023 항공안전백서’에 따르면, 국내 12개 항공사의 정비사 총 5849명(2023년말 기준) 가운데 대형 항공사인 대한항공, 아시아나항공 등 2사 소속은 4248명이었다."
A0009-C009,A0009-C009-m4,정비사 수,고용,대형 항공사,4248,명,명,person_count,count,person,수준값,현재값,KOSIS_VALUE,2023년말,Y,-,,4,663,,ALTERNATE,NOT_TOP_TABLE,후순위 통계표 후보,고용,hybrid+reranker,-360,N,0.6068282127380371,0.9942250847816467,0.4841269841269841,101,DT_1IA1056,산업 및 종사자 규모별 직종별 피고용자수,1978009,운수업조사 > 조사기반 > 운수업부문 > 회차별 산업분류(~1996) > 운수업조사(1992~1996:6차산업분류기준) > 항공운송업,meta_index 없음 또는 코드명 매칭 없음,,,,,,,,,,meta 없음,,,"◇급성장한 LCC, 안전 투자는 미흡 국토교통부가 지난해 9월 발표한 ‘2023 항공안전백서’에 따르면, 국내 12개 항공사의 정비사 총 5849명(2023년말 기준) 가운데 대형 항공사인 대한항공, 아시아나항공 등 2사 소속은 4248명이었다."
A0009-C009,A0009-C009-m4,정비사 수,고용,대형 항공사,4248,명,명,person_count,count,person,수준값,현재값,KOSIS_VALUE,2023년말,Y,-,,5,658,,ALTERNATE,NOT_TOP_TABLE,후순위 통계표 후보,,hybrid+reranker,-380,N,0.6068236827850342,0.993854820728302,0.4765625,101,DT_1IA3006,산업 및 종업원 규모별 종업원수,1978009,운수업조사 > 조사기반 > 운수업부문 > 회차별 산업분류(~1996) > 운수업조사(1983~1990:5차산업분류기준) > 항공운수업,meta_index 없음 또는 코드명 매칭 없음,,,,,,,,,,meta 없음,,,"◇급성장한 LCC, 안전 투자는 미흡 국토교통부가 지난해 9월 발표한 ‘2023 항공안전백서’에 따르면, 국내 12개 항공사의 정비사 총 5849명(2023년말 기준) 가운데 대형 항공사인 대한항공, 아시아나항공 등 2사 소속은 4248명이었다."
A0009-C010,A0009-C010-m2,정비사 수,고용,LCC,1601,명,명,person_count,count,person,수준값,현재값,KOSIS_VALUE,2023,Y,-,,1,650,,TABLE_ONLY,META_NOT_LOADED,통계표 메타 조회 전 후보,항공사,hybrid+reranker,238,Y,,0.9290551543235779,0.5,381,DT_920005_B008,항공사별 통계,2005006,항공통계,meta_index 없음 또는 코드명 매칭 없음,,,,,,,,,,meta 없음,,,"제주항공·진에어 등 LCC 10사의 정비사는 모두 1601명으로, 대형항공사의 3분의 1 수준(37.7%)에 그쳤다."
A0009-C010,A0009-C010-m2,정비사 수,고용,LCC,1601,명,명,person_count,count,person,수준값,현재값,KOSIS_VALUE,2023,Y,-,,2,654,,ALTERNATE,NOT_TOP_TABLE,후순위 통계표 후보,,hybrid+reranker,-380,N,0.6259032487869263,0.9704086184501648,0.4841269841269841,101,DT_1IA1055,"산업 및 종사자 규모별, 성별, 종사상의 지위별 종사자수",1978009,운수업조사 > 조사기반 > 운수업부문 > 회차별 산업분류(~1996) > 운수업조사(1992~1996:6차산업분류기준) > 항공운송업,meta_index 없음 또는 코드명 매칭 없음,,,,,,,,,,meta 없음,,,"제주항공·진에어 등 LCC 10사의 정비사는 모두 1601명으로, 대형항공사의 3분의 1 수준(37.7%)에 그쳤다."
A0009-C010,A0009-C010-m2,정비사 수,고용,LCC,1601,명,명,person_count,count,person,수준값,현재값,KOSIS_VALUE,2023,Y,-,,3,650,,ALTERNATE,NOT_TOP_TABLE,후순위 통계표 후보,,hybrid+reranker,-680,N,0.6269179582595825,0.9428234100341797,0.4919354838709677,395,DT_395N_S2020310,회사의 인력규모: 2019년 기준 상시종사자 수,2003024,한국기업혁신조사 > 2021년도 조사(서비스 부문) > 회사의 인력규모,meta_index 없음 또는 코드명 매칭 없음,,,,,,,,,,meta 없음,,,"제주항공·진에어 등 LCC 10사의 정비사는 모두 1601명으로, 대형항공사의 3분의 1 수준(37.7%)에 그쳤다."
A0009-C010,A0009-C010-m2,정비사 수,고용,LCC,1601,명,명,person_count,count,person,수준값,현재값,KOSIS_VALUE,2023,Y,-,,4,641,,ALTERNATE,NOT_TOP_TABLE,후순위 통계표 후보,,hybrid+reranker,-680,N,0.6250026226043701,0.9459012746810913,0.4765625,395,DT_395N_S2020309,회사의 인력규모: 2018년 기준 상시종사자 수,2003024,한국기업혁신조사 > 2021년도 조사(서비스 부문) > 회사의 인력규모,meta_index 없음 또는 코드명 매칭 없음,,,,,,,,,,meta 없음,,,"제주항공·진에어 등 LCC 10사의 정비사는 모두 1601명으로, 대형항공사의 3분의 1 수준(37.7%)에 그쳤다."
A0009-C010,A0009-C010-m2,정비사 수,고용,LCC,1601,명,명,person_count,count,person,수준값,현재값,KOSIS_VALUE,2023,Y,-,,5,641,,ALTERNATE,NOT_TOP_TABLE,후순위 통계표 후보,"고용,노동",hybrid+reranker,-366,N,0.6207133531570435,0.9720985889434814,0.4621212121212121,118,DT_118N_DEN052,직종별·규모별(2021년~2023년),1976008,"직종별사업체노동력조사(구. 사업체고용동향특별조사) > 2021년~2023년(산업분류 10차, 종사자 1인 이상) > 현원,구인,채용,미충원,부족,채용계획인원",meta_index 없음 또는 코드명 매칭 없음,,,,,,,,,,meta 없음,,,"제주항공·진에어 등 LCC 10사의 정비사는 모두 1601명으로, 대형항공사의 3분의 1 수준(37.7%)에 그쳤다."
A0009-C010,A0009-C010-m3,정비사 수 비율,고용,LCC,37.7,%,%,rate,rate_level,person,비중,현재값,KOSIS_VALUE,2023,Y,-,,1,640,,TABLE_ONLY,META_NOT_LOADED,통계표 메타 조회 전 후보,항공사,hybrid+reranker,238,Y,,0.9007046222686768,0.5,381,DT_920005_B008,항공사별 통계,2005006,항공통계,meta_index 없음 또는 코드명 매칭 없음,,,,,,,,,,meta 없음,,,"제주항공·진에어 등 LCC 10사의 정비사는 모두 1601명으로, 대형항공사의 3분의 1 수준(37.7%)에 그쳤다."
A0009-C010,A0009-C010-m3,정비사 수 비율,고용,LCC,37.7,%,%,rate,rate_level,person,비중,현재값,KOSIS_VALUE,2023,Y,-,,2,657,,ALTERNATE,NOT_TOP_TABLE,후순위 통계표 후보,,hybrid+reranker,-380,N,0.620629072189331,0.949669361114502,0.5,101,DT_1IA1055,"산업 및 종사자 규모별, 성별, 종사상의 지위별 종사자수",1978009,운수업조사 > 조사기반 > 운수업부문 > 회차별 산업분류(~1996) > 운수업조사(1992~1996:6차산업분류기준) > 항공운송업,meta_index 없음 또는 코드명 매칭 없음,,,,,,,,,,meta 없음,,,"제주항공·진에어 등 LCC 10사의 정비사는 모두 1601명으로, 대형항공사의 3분의 1 수준(37.7%)에 그쳤다."
A0009-C010,A0009-C010-m3,정비사 수 비율,고용,LCC,37.7,%,%,rate,rate_level,person,비중,현재값,KOSIS_VALUE,2023,Y,-,,3,647,,ALTERNATE,NOT_TOP_TABLE,후순위 통계표 후보,,hybrid+reranker,-380,N,0.6118247509002686,0.9343951344490051,0.4919354838709677,101,DT_1IA3006,산업 및 종업원 규모별 종업원수,1978009,운수업조사 > 조사기반 > 운수업부문 > 회차별 산업분류(~1996) > 운수업조사(1983~1990:5차산업분류기준) > 항공운수업,meta_index 없음 또는 코드명 매칭 없음,,,,,,,,,,meta 없음,,,"제주항공·진에어 등 LCC 10사의 정비사는 모두 1601명으로, 대형항공사의 3분의 1 수준(37.7%)에 그쳤다."
A0009-C010,A0009-C010-m3,정비사 수 비율,고용,LCC,37.7,%,%,rate,rate_level,person,비중,현재값,KOSIS_VALUE,2023,Y,-,,4,645,,ALTERNATE,NOT_TOP_TABLE,후순위 통계표 후보,,hybrid+reranker,-380,N,0.6117402911186218,0.9439706206321716,0.4841269841269841,101,DT_1IA1052,산업 및 종사자 규모별 총괄,1978009,운수업조사 > 조사기반 > 운수업부문 > 회차별 산업분류(~1996) > 운수업조사(1992~1996:6차산업분류기준) > 항공운송업,meta_index 없음 또는 코드명 매칭 없음,,,,,,,,,,meta 없음,,,"제주항공·진에어 등 LCC 10사의 정비사는 모두 1601명으로, 대형항공사의 3분의 1 수준(37.7%)에 그쳤다."
A0009-C010,A0009-C010-m3,정비사 수 비율,고용,LCC,37.7,%,%,rate,rate_level,person,비중,현재값,KOSIS_VALUE,2023,Y,-,,5,635,,ALTERNATE,NOT_TOP_TABLE,후순위 통계표 후보,,hybrid+reranker,-380,N,0.6105756759643555,0.9427180886268616,0.46923076923076923,101,DT_1IA2043,산업 및 종업원 규모별 총괄,1978009,운수업조사 > 조사기반 > 운수업부문 > 회차별 산업분류(~1996) > 운수업조사(1991:6차산업분류기준) > 항공운송업,meta_index 없음 또는 코드명 매칭 없음,,,,,,,,,,meta 없음,,,"제주항공·진에어 등 LCC 10사의 정비사는 모두 1601명으로, 대형항공사의 3분의 1 수준(37.7%)에 그쳤다."
A0006-C019,A0006-C019-m1,반도체 수출 증가율,무역,반도체,31.5,%,%,rate,rate_change,item,증감률,증감률,KOSIS_VALUE,202412,M,전년,202312,1,658,649,TABLE_ONLY,META_NOT_LOADED,통계표 메타 조회 전 후보,"품목별,수출액,수출,수입,무역",hybrid+reranker,484,Y,,0.9527502655982971,0.5,360,DT_1R11001_FRM101,"품목별 수출액, 수입액",1976045,SITC에의한무역통계,meta_index 없음 또는 코드명 매칭 없음,,,,,,,,,,meta 없음,,,12월 수출도 한국의 최대 수출 품목인 반도체가 31.5% 증가한 145억 달러를 기록하며 호실적을 이끌었다.
A0006-C019,A0006-C019-m1,반도체 수출 증가율,무역,반도체,31.5,%,%,rate,rate_change,item,증감률,증감률,KOSIS_VALUE,202412,M,전년,202312,2,649,,ALTERNATE,NOT_TOP_TABLE,후순위 통계표 후보,"품목별,수출,수입,무역",hybrid+reranker,168,Y,,0.9411153197288513,0.4919354838709677,134,DT_134006_N001,품목별 수입·수출현황,2017044,기업무역활동통계,meta_index 없음 또는 코드명 매칭 없음,,,,,,,,,,meta 없음,,,12월 수출도 한국의 최대 수출 품목인 반도체가 31.5% 증가한 145억 달러를 기록하며 호실적을 이끌었다.
A0006-C019,A0006-C019-m1,반도체 수출 증가율,무역,반도체,31.5,%,%,rate,rate_change,item,증감률,증감률,KOSIS_VALUE,202412,M,전년,202312,3,592,,ALTERNATE,NOT_TOP_TABLE,후순위 통계표 후보,"품목별,수출,무역",hybrid+reranker,152,Y,,0.9358173608779907,0.4066666666666667,134,DT_134006_N012,품목별 고성장·가젤기업 수출현황,2017044,기업무역활동통계,meta_index 없음 또는 코드명 매칭 없음,,,,,,,,,,meta 없음,,,12월 수출도 한국의 최대 수출 품목인 반도체가 31.5% 증가한 145억 달러를 기록하며 호실적을 이끌었다.
A0006-C019,A0006-C019-m1,반도체 수출 증가율,무역,반도체,31.5,%,%,rate,rate_change,item,증감률,증감률,KOSIS_VALUE,202412,M,전년,202312,4,589,,ALTERNATE,NOT_TOP_TABLE,후순위 통계표 후보,"품목별,수출",hybrid+reranker,152,Y,,0.7988152503967285,0.4765625,434,DT_434_STBL_1028682,공예품 품목별 수출입 실적,2016058,문화체육관광산업통계 > 수출입 실적 현황,meta_index 없음 또는 코드명 매칭 없음,,,,,,,,,,meta 없음,,,12월 수출도 한국의 최대 수출 품목인 반도체가 31.5% 증가한 145억 달러를 기록하며 호실적을 이끌었다.
A0006-C019,A0006-C019-m1,반도체 수출 증가율,무역,반도체,31.5,%,%,rate,rate_change,item,증감률,증감률,KOSIS_VALUE,202412,M,전년,202312,5,589,,ALTERNATE,NOT_TOP_TABLE,후순위 통계표 후보,"품목별,수출",hybrid+reranker,152,Y,,0.8622356653213501,0.44202898550724634,434,DT_434_STBL_1028694,영화・사진 품목별 수출입 실적,2016058,문화체육관광산업통계 > 수출입 실적 현황,meta_index 없음 또는 코드명 매칭 없음,,,,,,,,,,meta 없음,,,12월 수출도 한국의 최대 수출 품목인 반도체가 31.5% 증가한 145억 달러를 기록하며 호실적을 이끌었다.
A0006-C019,A0006-C019-m2,반도체 수출액,무역,반도체,14500000000,달러,달러,currency,amount,item,수준값,현재값,KOSIS_VALUE,202412,M,전년,,1,631,614,TABLE_ONLY,META_NOT_LOADED,통계표 메타 조회 전 후보,"수출액,품목별,수출,수입,무역",hybrid+reranker,484,Y,,0.8743993639945984,0.5,360,DT_1R11001_FRM101,"품목별 수출액, 수입액",1976045,SITC에의한무역통계,meta_index 없음 또는 코드명 매칭 없음,,,,,,,,,,meta 없음,,,12월 수출도 한국의 최대 수출 품목인 반도체가 31.5% 증가한 145억 달러를 기록하며 호실적을 이끌었다.
A0006-C019,A0006-C019-m2,반도체 수출액,무역,반도체,14500000000,달러,달러,currency,amount,item,수준값,현재값,KOSIS_VALUE,202412,M,전년,,2,614,,ALTERNATE,NOT_TOP_TABLE,후순위 통계표 후보,"품목별,수출,수입,무역",hybrid+reranker,168,Y,,0.8401278853416443,0.4919354838709677,134,DT_134006_N001,품목별 수입·수출현황,2017044,기업무역활동통계,meta_index 없음 또는 코드명 매칭 없음,,,,,,,,,,meta 없음,,,12월 수출도 한국의 최대 수출 품목인 반도체가 31.5% 증가한 145억 달러를 기록하며 호실적을 이끌었다.
A0006-C019,A0006-C019-m2,반도체 수출액,무역,반도체,14500000000,달러,달러,currency,amount,item,수준값,현재값,KOSIS_VALUE,202412,M,전년,,3,551,,ALTERNATE,NOT_TOP_TABLE,후순위 통계표 후보,"품목별,수출,무역",hybrid+reranker,152,Y,,0.818881630897522,0.4066666666666667,134,DT_134006_N012,품목별 고성장·가젤기업 수출현황,2017044,기업무역활동통계,meta_index 없음 또는 코드명 매칭 없음,,,,,,,,,,meta 없음,,,12월 수출도 한국의 최대 수출 품목인 반도체가 31.5% 증가한 145억 달러를 기록하며 호실적을 이끌었다.
A0006-C019,A0006-C019-m2,반도체 수출액,무역,반도체,14500000000,달러,달러,currency,amount,item,수준값,현재값,KOSIS_VALUE,202412,M,전년,,4,513,,ALTERNATE,NOT_TOP_TABLE,후순위 통계표 후보,"품목별,수출",hybrid+reranker,152,Y,,0.6888871788978577,0.41780821917808214,434,DT_434_STBL_1028686,출판 품목별 수출입 실적,2016058,문화체육관광산업통계 > 수출입 실적 현황,meta_index 없음 또는 코드명 매칭 없음,,,,,,,,,,meta 없음,,,12월 수출도 한국의 최대 수출 품목인 반도체가 31.5% 증가한 145억 달러를 기록하며 호실적을 이끌었다.
A0006-C019,A0006-C019-m2,반도체 수출액,무역,반도체,14500000000,달러,달러,currency,amount,item,수준값,현재값,KOSIS_VALUE,202412,M,전년,,5,513,,ALTERNATE,NOT_TOP_TABLE,후순위 통계표 후보,"품목별,수출",hybrid+reranker,152,Y,,0.7196792364120483,0.4013157894736842,434,DT_434001_C201,품목별 수출입 실적,2016058,문화체육관광산업통계 > 수출입 실적 현황,meta_index 없음 또는 코드명 매칭 없음,,,,,,,,,,meta 없음,,,12월 수출도 한국의 최대 수출 품목인 반도체가 31.5% 증가한 145억 달러를 기록하며 호실적을 이끌었다.
