claim_id,claim_measurement_id,article_id,title,date,url,claim_text,prev_sentence,next_sentence,claim_domain_scope,is_recurring_series,verifiable_kosis,unverifiable_reason,metric_domain,indicator,keywords,region,age_group,gender,industry_or_item,population_etc,origin_country,destination_country,period,period_end,prd_se,time_resolution_status,measurement_role,value,value_min,value_max,value_approximate,unit,value_type,direction,change_base,evidence_text,extraction_confidence,needs_review,review_reason,extraction_model,prompt_version,extracted_at,org_id,tbl_id,obj_l1,obj_l2,itm_id,mapping_source,actual_value,actual_period,actual_prev_period,verdict,diff,judge_note
C00001,-,1,"9명 가족 잃고, 하염없이 기다리던 푸딩이... 동물단체가 구조",2025-01-01,https://www.chosun.com/national/national_general/2025/01/01/7S62UVQCONDSPA5G4OQF3NYSDI,5 무안국제공항 제주항공 여객기 참사로 일가족 9명을 잃은 반려견 ‘푸딩이’가 구조됐다.,-,동물권보호단체 케어는 지난달 31일 공식 인스타그램을 통해 보호자 없이 마을을 배회하던 푸딩이를 안전하게 보호 중이라고 밝혔다.,-,-,N,정보부족,-,-,-,-,-,-,-,-,-,-,-,-,-,-,-,-,-,-,-,-,-,-,-,-,-,-,-,HCX-007,v1.0-hcx,2026-07-15,,,,,,data/claims/kosis_indicator_codebook.csv,,,,판단불가,,verifiable_kosis=N
C00002,-,1,"9명 가족 잃고, 하염없이 기다리던 푸딩이... 동물단체가 구조",2025-01-01,https://www.chosun.com/national/national_general/2025/01/01/7S62UVQCONDSPA5G4OQF3NYSDI,동물권보호단체 케어는 지난달 31일 공식 인스타그램을 통해 보호자 없이 마을을 배회하던 푸딩이를 안전하게 보호 중이라고 밝혔다.,5 무안국제공항 제주항공 여객기 참사로 일가족 9명을 잃은 반려견 ‘푸딩이’가 구조됐다.,푸딩이는 제주항공 참사 최고령 희생자인 배모(78) 씨 일가족 9명이 키우던 반려견이다.,기타,N,N,정보부족,-,-,"동물권보호단체 케어, 공식 인스타그램, 푸딩이, 보호 중",-,-,-,-,-,-,-,2024M12,-,M,확정,-,-,-,-,-,-,-,-,-,동물권보호단체 케어는 지난달 31일 공식 인스타그램을 통해 보호자 없이 마을을 배회하던 푸딩이를 안전하게 보호 중이라고 밝혔다.,high,N,-,HCX-007,v1.0-hcx,2026-07-15,,,,,,data/claims/kosis_indicator_codebook.csv,,,,판단불가,,verifiable_kosis=N
C00003,-,1,"9명 가족 잃고, 하염없이 기다리던 푸딩이... 동물단체가 구조",2025-01-01,https://www.chosun.com/national/national_general/2025/01/01/7S62UVQCONDSPA5G4OQF3NYSDI,푸딩이는 제주항공 참사 최고령 희생자인 배모(78) 씨 일가족 9명이 키우던 반려견이다.,동물권보호단체 케어는 지난달 31일 공식 인스타그램을 통해 보호자 없이 마을을 배회하던 푸딩이를 안전하게 보호 중이라고 밝혔다.,"케어는 푸딩이가 홀로 남았다는 언론 보도와 제보를 접하고 즉시 전남 영광으로 이동했고, 현장에 도착해 마을회관 밖에서 조용히 앉아있는 푸딩이를 발견했다.",기타,N,N,정보부족,기타,-,"제주항공 참사, 최고령 희생자, 배모씨, 일가족 9명, 반려견 푸딩이",-,-,-,-,-,-,-,2024,-,-,확정,-,-,-,-,-,-,-,-,-,푸딩이는 제주항공 참사 최고령 희생자인 배모(78) 씨 일가족 9명이 키우던 반려견이다.,high,N,-,HCX-007,v1.0-hcx,2026-07-15,,,,,,data/claims/kosis_indicator_codebook.csv,,,,판단불가,,verifiable_kosis=N
C00004,-,1,"9명 가족 잃고, 하염없이 기다리던 푸딩이... 동물단체가 구조",2025-01-01,https://www.chosun.com/national/national_general/2025/01/01/7S62UVQCONDSPA5G4OQF3NYSDI,이들 5명과 작은 딸과 세 자녀까지 모두 9명이 함께 여행을 갔다가 영영 돌아오지 못했다.,광주에서 일하는 큰사위는 주말마다 집을 찾았다고 한다.,"배 씨의 작은 사위는 졸지에 장인·장모, 아내와 세 자녀를 잃었다.",-,-,N,정보부족,-,-,-,-,-,-,-,-,-,-,-,-,-,-,-,-,-,-,-,-,-,-,-,-,-,-,-,HCX-007,v1.0-hcx,2026-07-15,,,,,,data/claims/kosis_indicator_codebook.csv,,,,판단불가,,verifiable_kosis=N
C00005,-,1,"9명 가족 잃고, 하염없이 기다리던 푸딩이... 동물단체가 구조",2025-01-01,https://www.chosun.com/national/national_general/2025/01/01/7S62UVQCONDSPA5G4OQF3NYSDI,31일 오후까지 9명 중 신원 확인이 되지 않은 이들은 3명이다.,"배 씨의 작은 사위는 졸지에 장인·장모, 아내와 세 자녀를 잃었다.","푸딩이의 친구였던 정 양과 배씨의 작은딸, 작은딸의 막내아들의 신원이 확인되지 않아 장례를 치르지 못하고 있다.",기타,N,N,정보부족,기타,-,"신원확인, 9명, 3명",-,-,-,-,-,-,-,2024,-,-,확정,-,-,-,-,-,-,-,-,-,31일 오후까지 9명 중 신원 확인이 되지 않은 이들은 3명이다.,high,N,-,HCX-007,v1.0-hcx,2026-07-15,,,,,,data/claims/kosis_indicator_codebook.csv,,,,판단불가,,verifiable_kosis=N
C11373,-,1472,현대차 역대 최고 1분기 매출...하이브리드차와 美 실적이 이끌었다,2025-04-24,https://www.chosun.com/economy/auto/2025/04/24/CFC3RGIBVJFW3A26KQCUTZMICE,0 현대차가 24일 올 1분기(1~3월) 매출이 전년 동기 대비 9.2% 증가한 44조 4078억원으로 집계됐다고 밝혔다.,-,1분기 기준 역대 최고치다.,개별기업,Y,N,개별기업,소매·소비,올 1분기 매출,"현대차, 1분기, 매출, 전년 동기 대비 증가",-,-,-,자동차,-,-,-,2025Q1,-,Q,확정,-,-,-,-,-,-,-,-,-,현대차가 24일 올 1분기(1~3월) 매출이 전년 동기 대비 9.2% 증가한 44조 4078억원으로 집계됐다고 밝혔다.,high,N,-,HCX-007,v1.0-hcx,2026-07-15,,,,,,data/claims/kosis_indicator_codebook.csv,,,,판단불가,,verifiable_kosis=N
C00388,-,41,치솟는 환율에 식품 물가도 급등,2025-01-04,https://www.chosun.com/economy/economy_general/2025/01/04/7SPGFC4RFZEDLDPFTQHVDM2K2E,스위스 시계 브랜드 롤렉스는 인기 모델인 ‘데이트저스트 오이스터스틸·화이트골드 36㎜’ 국내 판매가를 기존 1292만원에서 1373만원으로 81만원(6.3%) 올렸다.,해외 명품 브랜드도 원자재값 상승과 환율 변동 등을 이유로 수십만원씩 가격을 올리고 있다.,에르메스는 반지 제품인 ‘에버 헤라클레스 웨딩 밴드’를 기존 477만원에서 527만원으로 50만원(10.5%) 인상했다.,개별기업,N,N,개별기업,가격,롤렉스 가격 인상액 및 인상률,"롤렉스, 데이트저스트 오이스터스틸·화이트골드 36㎜, 국내 판매가, 인상액, 인상률",-,-,-,시계,-,-,-,2025,-,-,확정,-,-,-,-,-,-,-,-,-,스위스 시계 브랜드 롤렉스는 인기 모델인 ‘데이트저스트 오이스터스틸·화이트골드 36㎜’ 국내 판매가를 기존 1292만원에서 1373만원으로 81만원(6.3%) 올렸다.,high,N,-,HCX-007,v1.0-hcx,2026-07-15,,,,,,data/claims/kosis_indicator_codebook.csv,,,,판단불가,,verifiable_kosis=N
C08496,-,1103,"미숙한 초보도 운전하기 쉬운 전기차, 보증금 422만원… 수입차 중 최대 수준",2025-03-26,https://www.chosun.com/economy/auto/2025/03/26/WHQQIWW6JFCRPK7YC4N63DGDZM,"ID.4의 판매량을 살펴보면, 30대 87명, 40대 146명, 50대 87명으로 전체 판매량의 85.3%를 3050세대가 구매한 것으로 나타났다.",폴크스바겐의 순수 전기 SUV(스포츠유틸리티차) ID.4는 지난달 375대가 판매되며 유럽산 수입 전기차 1위에 올라섰다.,"지난해 개인 판매량 2417대 중 87.9%도 3050세대였고, 25.5%(616대)는 30대에 몰렸다.",개별기업,N,N,개별기업,소매·소비,ID.4 판매량,"폴크스바겐, 순수 전기 SUV, ID.4, 판매량, 30대, 40대, 50대, 3050세대",-,30대;40대;50대,-,전기 SUV,-,-,-,2025-02,-,M,확정,-,-,-,-,-,-,-,-,-,"ID.4의 판매량을 살펴보면, 30대 87명, 40대 146명, 50대 87명으로 전체 판매량의 85.3%를 3050세대가 구매한 것으로 나타났다.",high,N,-,HCX-007,v1.0-hcx,2026-07-15,,,,,,data/claims/kosis_indicator_codebook.csv,,,,판단불가,,verifiable_kosis=N
C09180,-,1186,"완성차 5사 3월 판매 내수 늘고, 수출 줄어",2025-04-02,https://www.chosun.com/economy/auto/2025/04/02/WGSJKEACLREGNPQWEDWLXBGH2Y,"기아는 지난달 전기차 판매량(6512대)이 1년 전보다 48.7% 늘었고, 현대차가 6년 만에 완전 변경해 출시한 팰리세이드, KG모빌리티의 무쏘 EV 등 신차도 지난달 내수 판매 증가를 이끌었다.","일반적으로 전기차 보조금이 2월에 확정되면 3월부터 전기차 수요가 살아나는데, 올해는 보조금 확정이 한 달 정도 앞당겨지면서 예년보다 전기차 수요가 빠르게 늘었다.","한편, 현대차는 지난달 수출이 작년 동기 대비 2.6% 줄었고, 수출 물량의 90% 안팎이 미국으로 향하는 GM 한국사업장도 같은 기간 수출이 19.3% 급감했다.",개별기업,N,N,개별기업,소매·소비,전기차 판매량,"기아, 전기차, 판매량, 전년 대비 증감률",-,-,-,전기차,-,-,-,2024M03,-,M,확정,-,-,-,-,-,-,-,-,-,기아는 지난달 전기차 판매량(6512대)이 1년 전보다 48.7% 늘었고,high,N,-,HCX-007,v1.0-hcx,2026-07-15,,,,,,data/claims/kosis_indicator_codebook.csv,,,,판단불가,,verifiable_kosis=N
C13731,-,1793,"금융당국, MG손보 현장점검에 노조 반발 지속",2025-05-18,https://www.chosun.com/economy/money/2025/05/18/JUYBOJRIETTLYKPHZ77V4VMBME,"금융위는 가교 보험사가 MG손보에서 이전받은 보험계약을 안정적으로 관리할 수 있도록 필수 인력 중심으로 MG손보의 채용할 계획이라고 밝혔으나, 업계에서는 직원 521명 중 10% 남짓을 제외한 대부분의 인력이 구조조정 대상이 될 것으로 예상하고 있다.",앞으로 MG손보 가교 보험사 설립과 계약 이전 과정에서 관건은 노조의 반발이 꼽힌다.,"노조는 당장 금융당국의 현장점검을 저지하지는 않겠다는 입장이지만, 다음 주 중 직원 설명회와 운영위원회 등을 거쳐 향후 대응 방향과 총파업 여부 등을 결정할 계획이다.",개별기업,N,N,개별기업,고용,구조조정 대상 인력 비율,"MG손보, 가교 보험사, 구조조정, 인력 중심, 직원",-,-,-,보험업,직원,-,-,2025,-,-,확정,-,-,-,-,-,-,-,-,-,업계에서는 직원 521명 중 10% 남짓을 제외한 대부분의 인력이 구조조정 대상이 될 것으로 예상하고 있다.,mid,N,-,HCX-007,v1.0-hcx,2026-07-15,,,,,,data/claims/kosis_indicator_codebook.csv,,,,판단불가,,verifiable_kosis=N
C19939,C19939-m1,2633,심각해지는 고용 연령 양극화..30대·60대 빼곤 일자리 ‘총체적 부실’,2025-10-17,https://www.chosun.com/economy/economy_general/2025/10/17/6GLEDGGJMRC6VEZ6IZJO4V7ZMM/,"실업률은 2.1%로 낮지만, 일자리를 찾는 실업자는 여전히 많다는 의미다.","지난 9월 구직급여 신규 신청자는 8만9000명으로 전년보다 10% 증가했고, 전체 구직급여 지급액은 1조673억원으로 전년 대비 10.9% 늘었다.","한 경제연구원 관계자는 “서비스업 중심 고용 증가와 고령층 일자리 확대만으로는 경제 활력을 되살리기 어렵다”며 “제조업과 건설업 회복, 청년 일자리 창출이 시급하다”고 강조했다.",국내공식통계,Y,Y,-,고용,실업률,실업자,-,-,-,-,-,-,-,2025,-,Y,확정,현재값,2.1,-,-,N,%,수준값,유지,전년,"실업률은 2.1%로 낮지만, 일자리를 찾는 실업자는 여전히 많다",high,N,-,HCX-007,v1.0-hcx,2026-07-15,101,DT_1DA7001S,0,,T80,data/claims/kosis_indicator_codebook.csv,,,,판단불가,,해당 시점 KOSIS 값 없음; actual value 없음; 경제활동인구 총괄 - 전체 실업률
C19459,-,2561,교수 62% “정년 연장할 경우 청년층 신규 채용 감소 우려”,2025-07-16,https://www.chosun.com/economy/industry-company/2025/07/16/3BWCULXU4RCWVPSF4467OCVDSU,"15일 한국경영자총협회는 “국내 4년제 대학 경제·경영·법학교수 210명에게 65세로 법정 정년이 연장될 경우 가장 큰 부정적 효과를 설문한 결과, 응답자의 62.4%(이하 복수 응답)가 ‘청년층 신규 채용 감소’를 꼽았다“고 밝혔다.","65세 정년 연장은 이재명 대통령의 대선 공약 중 하나로, 최근 민주당이 ‘정년 연장 태스크포스(TF)’를 꾸려 본격적으로 논의를 시작한 상황이다.","이어서 ‘낮은 생산성 대비 높은 비용에 따른 비효율’(43.8%), ‘세대 갈등 같은 직장 문화 저해’(23.8%), ‘노동시장 이중구조 심화’(19.5%) 순으로 응답률이 높았다.",여론조사·설문,N,N,여론조사·설문,고용,청년층 신규 채용 감소,"한국경영자총협회, 설문 조사, 응답자 비율",-,15~29세,-,-,대학 교수,-,-,2025,-,-,확정,-,-,-,-,-,-,-,-,-,응답자의 62.4%(이하 복수 응답)가 '청년층 신규 채용 감소'를 꼽았다.,high,N,-,HCX-007,v1.0-hcx,2026-07-15,,,,,,data/claims/kosis_indicator_codebook.csv,,,,판단불가,,verifiable_kosis=N
C16597,C16597-m1,2184,대학 가야 취업 잘 된다? 20대는 고졸이 더 잘 된다,2025-06-17,https://www.chosun.com/economy/economy_general/2025/06/17/Y6ZA43IVONCVNC77CHG4DVAKW4,작년에도 대졸 실업률(5.8%)이 고졸(5.1%)을 웃돌았고 올 들어서도 이런 상황이 이어지고 있다.,"지난 2003년부터 2022년까지 20년간 20대 후반의 실업률은 고졸이 대졸보다 높았는데, 지난 2023년부터 대졸 실업률(6.2%)이 고졸(5.2%)을 넘는 역전 현상이 발생했다.",대졸자를 전문대와 4년제 대학 이상 졸업자로 나눠 분석해도 학력 간 실업률 역전 현상이 확인됐다.,국내공식통계,Y,Y,-,고용,실업률,"대졸 실업률, 고졸 실업률",-,-,-,-,-,-,-,2024,-,Y,확정,현재값,5.8,-,-,N,%,수준값,-,-,작년에도 대졸 실업률(5.8%)이 고졸(5.1%)을 웃돌았고 올 들어서도 이런 상황이 이어지고 있다.,high,N,-,HCX-007,v1.0-hcx,2026-07-15,101,DT_1DA7001S,0,,T80,data/claims/kosis_indicator_codebook.csv,,,,판단불가,,해당 시점 KOSIS 값 없음; actual value 없음; 경제활동인구 총괄 - 전체 실업률
C16597,C16597-m2,2184,대학 가야 취업 잘 된다? 20대는 고졸이 더 잘 된다,2025-06-17,https://www.chosun.com/economy/economy_general/2025/06/17/Y6ZA43IVONCVNC77CHG4DVAKW4,작년에도 대졸 실업률(5.8%)이 고졸(5.1%)을 웃돌았고 올 들어서도 이런 상황이 이어지고 있다.,"지난 2003년부터 2022년까지 20년간 20대 후반의 실업률은 고졸이 대졸보다 높았는데, 지난 2023년부터 대졸 실업률(6.2%)이 고졸(5.2%)을 넘는 역전 현상이 발생했다.",대졸자를 전문대와 4년제 대학 이상 졸업자로 나눠 분석해도 학력 간 실업률 역전 현상이 확인됐다.,국내공식통계,Y,Y,-,고용,실업률,"대졸 실업률, 고졸 실업률",-,-,-,-,-,-,-,2024,-,Y,확정,현재값,5.1,-,-,N,%,수준값,-,-,작년에도 대졸 실업률(5.8%)이 고졸(5.1%)을 웃돌았고 올 들어서도 이런 상황이 이어지고 있다.,high,N,-,HCX-007,v1.0-hcx,2026-07-15,101,DT_1DA7001S,0,,T80,data/claims/kosis_indicator_codebook.csv,,,,판단불가,,해당 시점 KOSIS 값 없음; actual value 없음; 경제활동인구 총괄 - 전체 실업률
C05292,C05292-m1,675,"울릉군, 전국 고용률 1위 83.5%… 2위에는 청송군",2025-02-21,https://www.chosun.com/economy/economy_general/2025/02/21/WTMGCNUZRFBDBEF3XXSEMSPMXA,"20일 통계청은 ‘2024년 하반기 지역별 고용조사’에서 지난해 하반기 울릉군의 고용률은 83.5%로, 전년 동기 대비 1.1%포인트 상승했다고 밝혔다.",울릉군은 2014년 상반기부터 10년간 단 한 차례(2023년 상반기) 경북 청송군에 밀렸던 것을 제외하고 꾸준히 왕좌를 차지했다.,전국 고용률 1위다.,국내공식통계,Y,Y,-,고용,고용률,"울릉군, 2024년 하반기, 지역별 고용조사, 고용률",울릉군,-,-,-,-,-,-,2024Q2,-,Q,확정,현재값,83.5,-,-,N,%,수준값,-,전년동기,"‘2024년 하반기 지역별 고용조사’에서 지난해 하반기 울릉군의 고용률은 83.5%로, 전년 동기 대비 1.1%포인트 상승했다고 밝혔다.",high,N,-,HCX-007,v1.0-hcx,2026-07-15,,,,,,data/claims/kosis_indicator_codebook.csv,,,,판단불가,,지역별고용조사 시군구/반기 코드 필요
C05292,C05292-m2,675,"울릉군, 전국 고용률 1위 83.5%… 2위에는 청송군",2025-02-21,https://www.chosun.com/economy/economy_general/2025/02/21/WTMGCNUZRFBDBEF3XXSEMSPMXA,"20일 통계청은 ‘2024년 하반기 지역별 고용조사’에서 지난해 하반기 울릉군의 고용률은 83.5%로, 전년 동기 대비 1.1%포인트 상승했다고 밝혔다.",울릉군은 2014년 상반기부터 10년간 단 한 차례(2023년 상반기) 경북 청송군에 밀렸던 것을 제외하고 꾸준히 왕좌를 차지했다.,전국 고용률 1위다.,국내공식통계,Y,Y,-,고용,고용률,"울릉군, 2024년 하반기, 지역별 고용조사, 고용률",울릉군,-,-,-,-,-,-,2024Q2,-,Q,확정,증감값,1.1,-,-,N,%포인트,증감값,상승,전년동기,"‘2024년 하반기 지역별 고용조사’에서 지난해 하반기 울릉군의 고용률은 83.5%로, 전년 동기 대비 1.1%포인트 상승했다고 밝혔다.",high,N,-,HCX-007,v1.0-hcx,2026-07-15,,,,,,data/claims/kosis_indicator_codebook.csv,,,,판단불가,,지역별고용조사 시군구/반기 코드 필요
C19866,-,2624,"20대 인구, 70대 이상보다 적다… 통계 작성 이래 처음",2025-10-12,https://biz.chosun.com/policy/policy_sub/2025/10/12/YBXDEQKJIBBF7IS5Y2PJ2PO2BU/,같은 달 20대 실업률은 5.0%를 기록했다.,지난해 8월 이후 12개월 연속 하락 또는 보합세다.,"전년 같은 기간보다 1.0%p 상승했는데, 이는 8월 기준으로 2022년(5.4%) 이후 3년 만에 가장 높은 수준이다.",국내공식통계,N,N,정보부족,고용,20대 실업률,"20대, 실업률",-,20대,-,-,-,-,-,2025-08,-,M,확정,-,-,-,-,-,-,-,-,-,같은 달 20대 실업률은 5.0%를 기록했다.,high,N,-,HCX-007,v1.0-hcx,2026-07-15,,,,,,data/claims/kosis_indicator_codebook.csv,,,,판단불가,,verifiable_kosis=N
C13306,C13306-m1,1737,청년 고용률 1년째 내리막...20대 후반 실업률 45개월만 최대치,2025-05-14,https://www.chosun.com/economy/economy_general/2025/05/14/O2W4JERT4FGXRKVNYQRYWEVEQY,지난달 65세 이상 고용률은 40.4%로 전년 동월 대비 1.2%포인트 올랐다.,"그러나 연령대별로 살펴보면 고령층 취업이 크게 늘었을 뿐, 청년들은 직장을 잡는 데 어려움을 겪는 상황이다.",반면 15~29세 청년층 고용률은 45.3%로 전년 동월 대비 0.9%포인트 감소했다.,국내공식통계,Y,Y,-,고용,고령층 고용률,"고용률, 고령층, 65세 이상",-,65세 이상,-,-,-,-,-,2025M04,-,M,확정,현재값,40.4,-,-,N,%,수준값,증가,전년동월,지난달 65세 이상 고용률은 40.4%로 전년 동월 대비 1.2%포인트 올랐다.,high,N,-,HCX-007,v1.0-hcx,2026-07-15,101,DT_1DA7002S,602,,T90,data/claims/kosis_indicator_codebook.csv,40.4,202504,,일치,0.0,"수준값 actual_value 사용; 절대오차=0.000, 허용=0.3; 연령별 경제활동인구 - 65세 이상 고용률"
C13306,C13306-m2,1737,청년 고용률 1년째 내리막...20대 후반 실업률 45개월만 최대치,2025-05-14,https://www.chosun.com/economy/economy_general/2025/05/14/O2W4JERT4FGXRKVNYQRYWEVEQY,지난달 65세 이상 고용률은 40.4%로 전년 동월 대비 1.2%포인트 올랐다.,"그러나 연령대별로 살펴보면 고령층 취업이 크게 늘었을 뿐, 청년들은 직장을 잡는 데 어려움을 겪는 상황이다.",반면 15~29세 청년층 고용률은 45.3%로 전년 동월 대비 0.9%포인트 감소했다.,국내공식통계,Y,Y,-,고용,고령층 고용률,"고용률, 고령층, 65세 이상",-,65세 이상,-,-,-,-,-,2025M04,-,M,확정,증감값,1.2,-,-,N,%포인트,증감률,증가,전년동월,지난달 65세 이상 고용률은 40.4%로 전년 동월 대비 1.2%포인트 올랐다.,high,N,-,HCX-007,v1.0-hcx,2026-07-15,101,DT_1DA7002S,602,,T90,data/claims/kosis_indicator_codebook.csv,3.061224489795907,202504,202404,불일치,1.8612244897959072,"원자료 전년/전월 대비 증감률 계산; 절대오차=1.861, 허용=0.3; 연령별 경제활동인구 - 65세 이상 고용률"
C19437,C19437-m1,2558,제조업 취업자 1년째 내리막에...‘쉬었음’ 20대 5년 만 최대,2025-07-16,https://www.chosun.com/economy/economy_general/2025/07/16/JJGWFZ2EF5BPZPOLN4O4NQHNLU,"16일 통계청이 발표한 ‘2025년 6월 고용동향’에 따르면, 지난달 15세 이상 취업자는 2909만1000명으로 전년 동월 대비 18만3000명 늘었다.","제조업과 제조업에서 고용이 위축되면서, 일자리를 구하지 않고 ‘그냥 쉰다’는 이들이 늘어나고 있다.","전체 인구 중 취업자 비율을 뜻하는 고용률은 63.6%로 전년 동월 대비 0.1%포인트 증가하며, 지난 1982년 관련 통계 작성 이래 최고치를 새로 썼다.",국내공식통계,Y,Y,-,고용,취업자 수,"고용동향, 15세 이상 취업자",-,15세 이상,-,-,-,-,-,2025-06,-,M,확정,현재값,29091000,-,-,N,명,수준값,-,전년동월,"‘2025년 6월 고용동향’에 따르면, 지난달 15세 이상 취업자는 2909만1000명으로 전년 동월 대비 18만3000명 늘었다.",high,N,-,HCX-007,v1.0-hcx,2026-07-15,101,DT_1DA7001S,0,,T30,data/claims/kosis_indicator_codebook.csv,29090600.0,202506,,일치,1.3750146095302262e-05,"수준값 actual_value 사용; 상대오차=0.000, 허용=0.05; 경제활동인구 총괄 - 전체 취업자"
C19437,C19437-m2,2558,제조업 취업자 1년째 내리막에...‘쉬었음’ 20대 5년 만 최대,2025-07-16,https://www.chosun.com/economy/economy_general/2025/07/16/JJGWFZ2EF5BPZPOLN4O4NQHNLU,"16일 통계청이 발표한 ‘2025년 6월 고용동향’에 따르면, 지난달 15세 이상 취업자는 2909만1000명으로 전년 동월 대비 18만3000명 늘었다.","제조업과 제조업에서 고용이 위축되면서, 일자리를 구하지 않고 ‘그냥 쉰다’는 이들이 늘어나고 있다.","전체 인구 중 취업자 비율을 뜻하는 고용률은 63.6%로 전년 동월 대비 0.1%포인트 증가하며, 지난 1982년 관련 통계 작성 이래 최고치를 새로 썼다.",국내공식통계,Y,Y,-,고용,취업자 수,"고용동향, 15세 이상 취업자",-,15세 이상,-,-,-,-,-,2025-06,-,M,확정,증감값,183000,-,-,N,명,증감량,증가,전년동월,"‘2025년 6월 고용동향’에 따르면, 지난달 15세 이상 취업자는 2909만1000명으로 전년 동월 대비 18만3000명 늘었다.",high,N,-,HCX-007,v1.0-hcx,2026-07-15,101,DT_1DA7001S,0,,T30,data/claims/kosis_indicator_codebook.csv,183400.0,202506,202406,일치,0.0021810250817884407,"원자료 전년/전월 대비 증감량 계산; 상대오차=0.002, 허용=0.05; 경제활동인구 총괄 - 전체 취업자"
C02726,-,354,올해 한국 초고령사회 진입…영수증 누가 지불할 것인가,2025-01-28,https://www.chosun.com/economy/economy_general/2025/01/28/RQTVHZUIN5HRRDBROUKFY5NLFM,우리 아이들이 소득의 50%를 고령 인구 부양을 위해 국가에 헌납해야 한다면 한국에 남아있거나 열심히 일할 이유가 없을 것이다.,현재 상태가 유지된다면 우리 사회를 떠받치는 인재가 가장 먼저 빠져나갈 것이다.,10년 이내에 획기적인 구조 개혁이 없다면 우리는 모두 서서히 가난해질 것이다.,기타,N,N,정보부족,소득·임금,고령 인구 부양 비용,"소득, 50%, 고령 인구, 부양, 국가 헌납",-,-,-,-,-,-,-,2025,-,Y,모호,-,-,-,-,-,-,-,-,-,우리 아이들이 소득의 50%를 고령 인구 부양을 위해 국가에 헌납해야 한다면 한국에 남아있거나 열심히 일할 이유가 없을 것이다.,low,Y,주관적 주장으로서 통계적 근거 부족,HCX-007,v1.0-hcx,2026-07-15,,,,,,data/claims/kosis_indicator_codebook.csv,,,,판단불가,,verifiable_kosis=N
C18398,-,2411,스타벅스 안 되고 다이소는 된다… 15만~55만원 소비쿠폰 사용처 일문일답,2025-07-05,https://www.chosun.com/economy/economy_general/2025/07/05/MVU73TM4KVHPZPUPAU5OY4XWWQ,소득 하위 90%가 대상인 추가 10만원은 9월 22일 지급된다.,89 1인당 15만~55만원의 ‘민생 회복 소비쿠폰’ 가운데 15만~45만원의 전 국민 대상 쿠폰 지급이 오는 21일 시작된다고 행정안전부가 5일 밝혔다.,쿠폰 사용 기한인 11월 30일까지 소비쿠폰을 쓸 수 있는 곳과 쓸 수 없는 곳은 어디인지 행정안전부 보도자료를 토대로 일문일답 형태로 풀어봤다.,기타,N,N,정보부족,-,-,"소득하위90%, 추가10만원, 지급",-,-,-,-,소득하위90%,-,-,2025Q3,-,Q,확정,-,-,-,-,-,-,-,-,-,소득 하위 90%가 대상인 추가 10만원은 9월 22일 지급된다.,high,N,-,HCX-007,v1.0-hcx,2026-07-15,,,,,,data/claims/kosis_indicator_codebook.csv,,,,판단불가,,verifiable_kosis=N
C08305,-,1073,"집 대출 이자·교육비에 등골 휜다...중산층, 여윳돈 70만원 붕괴",2025-03-24,https://www.chosun.com/economy/economy_general/2025/03/24/IIPI6BS4HFCLHJXQFYVTDSGCIM,17 중산층으로 분류되는 소득 상위 40~60% 가구의 여윳돈이 70만원이 채 되지 않는 것으로 나타났다.,-,중산층의 살림살이가 빠듯해지면서 내수에 악재가 될 수 있다는 분석이 나온다.,기타,N,N,정보부족,소득·임금,여윳돈,"중산층, 소득 상위 40~60%",-,-,-,-,가구,-,-,2025,-,-,확정,-,-,-,-,-,-,-,-,-,17 중산층으로 분류되는 소득 상위 40~60% 가구의 여윳돈이 70만원이 채 되지 않는 것으로 나타났다.,mid,N,-,HCX-007,v1.0-hcx,2026-07-15,,,,,,data/claims/kosis_indicator_codebook.csv,,,,판단불가,,verifiable_kosis=N
C07921,-,1015,"한노총·민노총, 연금 개혁 놓고 “국정 공백 틈탄 정치 야합”",2025-03-20,https://www.chosun.com/national/labor/2025/03/20/H7WLJEHIZ5G53A6WZ34NLLDI7A,"이 주장과 달리 보험료율은 4%포인트 올라갔지만, 소득대체율은 3%포인트 밖에 안 올라갔다는 것이다.","양대노총은 소득대체율은 50%, 보험료율 13%로의 단계적 인상을 주장해 왔다.",자신들 주장보다 이번 합의안이 나중에 받는 연금이 적다는 것이다.,개별기업,N,N,개별기업,연금,"보험료율, 소득대체율","양대노총, 소득대체율, 보험료율, 인상",-,-,-,-,-,-,-,2025,-,-,확정,-,-,-,-,-,-,-,-,-,"이 주장과 달리 보험료율은 4%포인트 올라갔지만, 소득대체율은 3%포인트 밖에 안 올라갔다는 것이다.",high,N,-,HCX-007,v1.0-hcx,2026-07-15,,,,,,data/claims/kosis_indicator_codebook.csv,,,,판단불가,,verifiable_kosis=N
C14431,-,1903,노인 고용률 OECD 1위지만...65세 근로자 3명 중 1명은 ‘단순 노무직’,2025-05-27,https://www.chosun.com/economy/economy_general/2025/05/27/NE3J4GIGIREKTLPROKLTL2NF3M,"특히 67세 임금근로자는 단순 노무직 비중이 44.3%로 올랐고, 70세 임금근로자의 경우 단순 노무직 비중이 60.5%까지 치솟았다.","직업 유형별로 보면 65세 임금근로자 가운데 단순 노무직 비중이 35.4%로 가장 높았고, 다음은 기계 조작원(15.0%) 순서였다.",예정처 관계자는 “경력이 단절되는 고령층의 재취업 지원 및 일자리 미스매치 해소 방안을 모색해야 한다”며 “이는 노년기 소득 공백 완화와 더불어 근로자의 인적 자본 활용 차원에서 의미가 있을 것”이라고 지적했다.,국내공식통계,N,N,정보부족,고용,단순 노무직 비중,"65세 임금근로자, 단순 노무직 비중, 67세 임금근로자, 70세 임금근로자",-,"67세, 70세",-,-,임금근로자,-,-,2025,-,-,확정,-,-,-,-,-,-,-,-,-,"특히 67세 임금근로자는 단순 노무직 비중이 44.3%로 올랐고, 70세 임금근로자의 경우 단순 노무직 비중이 60.5%까지 치솟았다.",high,N,-,HCX-007,v1.0-hcx,2026-07-15,,,,,,data/claims/kosis_indicator_codebook.csv,,,,판단불가,,verifiable_kosis=N
C18179,-,2384,대출 ‘이중 규제’ 첫날… 꺾였지만 수요는 여전했다,2025-07-03,https://www.chosun.com/economy/economy_general/2025/07/03/GTPTNKZWEJGWLFDIV4SYU62T5U,"DSR 규제는 대출자가 갚아야 하는 원리금이 대출자 소득의 일정 부분에 미치지 못하게 제한하는 제도로, 현재 40% 규제가 적용된다.",DSR은 전체 금융사에서 받은 대출의 연간 원리금 상환액을 연소득으로 나눈 값을 뜻한다.,빚에 과도하게 허덕이지 않게 갚을 수 있을 만큼만 빌리라는 취지다.,기타,N,N,정보부족,금융·금리,DSR 규제 비율,"DSR, 대출자의 원리금 상환액, 소득, 규제 비율",-,-,-,-,-,-,-,2025,-,-,확정,-,-,-,-,-,-,-,-,-,"DSR 규제는 대출자가 갚아야 하는 원리금이 대출자 소득의 일정 부분에 미치지 못하게 제한하는 제도로, 현재 40% 규제가 적용된다.",high,N,-,HCX-007,v1.0-hcx,2026-07-15,,,,,,data/claims/kosis_indicator_codebook.csv,,,,판단불가,,verifiable_kosis=N
C20307,C20307-m1,2683,"한은 ""소비자 물가 상승률, 연말·연초 2% 내외로 다시 안정""",2025-11-04,https://biz.chosun.com/policy/policy_sub/2025/11/04/M3MCDVGEPFBAJHMJXAPBJNISGI/,"국가데이터처가 이날 발표한 10월 소비자물가 동향에 따르면, 10월 소비자물가지수는 117.42(2020년=100)로, 1년 전과 비교해 2.4% 상승했다.","이날 회의에는 김 부총재보를 포함해 조사국장, 경제통계1국장, 거시전망부장, 물가고용부장 등이 참석했다.",상승률은 지난해 7월(2.6%) 이후 1년 3개월 만에 가장 높았다.,국내공식통계,Y,Y,-,물가,소비자물가지수,"국가데이터처, 10월, 소비자물가 동향, 상승률",-,-,-,-,-,-,-,2025년 10월,-,M,확정,현재값,117.42,-,-,N,-,수준값,-,전년동월,"국가데이터처가 이날 발표한 10월 소비자물가 동향에 따르면, 10월 소비자물가지수는 117.42(2020년=100)로, 1년 전과 비교해 2.4% 상승했다.",high,N,-,HCX-007,v1.0-hcx,2026-07-15,101,DT_1J22003,T10,,T,data/claims/kosis_indicator_codebook.csv,117.42,202510,,일치,0.0,"수준값 actual_value 사용; 상대오차=0.000, 허용=0.05; 소비자물가지수(2020=100) - 전국 총지수"
C20307,C20307-m2,2683,"한은 ""소비자 물가 상승률, 연말·연초 2% 내외로 다시 안정""",2025-11-04,https://biz.chosun.com/policy/policy_sub/2025/11/04/M3MCDVGEPFBAJHMJXAPBJNISGI/,"국가데이터처가 이날 발표한 10월 소비자물가 동향에 따르면, 10월 소비자물가지수는 117.42(2020년=100)로, 1년 전과 비교해 2.4% 상승했다.","이날 회의에는 김 부총재보를 포함해 조사국장, 경제통계1국장, 거시전망부장, 물가고용부장 등이 참석했다.",상승률은 지난해 7월(2.6%) 이후 1년 3개월 만에 가장 높았다.,국내공식통계,Y,Y,-,물가,소비자물가지수,"국가데이터처, 10월, 소비자물가 동향, 상승률",-,-,-,-,-,-,-,2025년 10월,-,M,확정,증감률,2.4,-,-,N,%,증감률,증가,전년동월,"국가데이터처가 이날 발표한 10월 소비자물가 동향에 따르면, 10월 소비자물가지수는 117.42(2020년=100)로, 1년 전과 비교해 2.4% 상승했다.",high,N,-,HCX-007,v1.0-hcx,2026-07-15,101,DT_1J22003,T10,,T,data/claims/kosis_indicator_codebook.csv,2.380329584096263,202510,202410,일치,0.01967041590373686,"원자료 전년/전월 대비 증감률 계산; 절대오차=0.020, 허용=0.3; 소비자물가지수(2020=100) - 전국 총지수"
C19712,C19712-m1,2603,9월 소비자물가 상승률 2.1%… 두 달 만에 다시 2%대 (종합),2025-10-02,https://biz.chosun.com/policy/policy_sub/2025/10/02/YB7FNXZNQZFM3NPRM33AMSWXYE/,물가상승률은 지난 8월 SK텔레콤 해킹 사태에 따른 요금 인하 효과로 1%대로 내려갔다가 다시 반등했다.,"국가데이터처가 2일 발표한 '9월 소비자물가 동향'에 따르면, 지난달 소비자물가지수는 117.06(2020=100)으로 전년 동월 대비 2.1% 상승했다.","농축수산물 가운데 수산물 가격은 전년 동월 대비 6.4%, 축산물은 5.4% 올랐다.",국내공식통계,Y,Y,-,물가,물가상승률,"물가상승률, SK텔레콤 해킹 사태, 요금 인하 효과",-,-,-,-,-,-,-,2025-09,-,M,확정,현재값,2,-,-,N,%,수준값,증가,전월,물가상승률은 지난 8월 SK텔레콤 해킹 사태에 따른 요금 인하 효과로 1%대로 내려갔다가 다시 반등했다.,mid,Y,기사에서 언급한 'SK텔레콤 해킹 사태에 따른 요금 인하 효과'와의 연관성을 명확히 확인할 필요가 있음.,HCX-007,v1.0-hcx,2026-07-15,101,DT_1J22042,0,,T03,data/claims/kosis_indicator_codebook.csv,2.1,202509,,일치,0.10000000000000009,"등락률 표 actual_value 사용; 절대오차=0.100, 허용=0.3; 월별 소비자물가 등락률 - 총지수 전년동월비"
C19712,C19712-m2,2603,9월 소비자물가 상승률 2.1%… 두 달 만에 다시 2%대 (종합),2025-10-02,https://biz.chosun.com/policy/policy_sub/2025/10/02/YB7FNXZNQZFM3NPRM33AMSWXYE/,물가상승률은 지난 8월 SK텔레콤 해킹 사태에 따른 요금 인하 효과로 1%대로 내려갔다가 다시 반등했다.,"국가데이터처가 2일 발표한 '9월 소비자물가 동향'에 따르면, 지난달 소비자물가지수는 117.06(2020=100)으로 전년 동월 대비 2.1% 상승했다.","농축수산물 가운데 수산물 가격은 전년 동월 대비 6.4%, 축산물은 5.4% 올랐다.",국내공식통계,Y,Y,-,물가,물가상승률,"물가상승률, SK텔레콤 해킹 사태, 요금 인하 효과",-,-,-,-,-,-,-,2025-09,-,M,확정,이전값,1,-,-,N,%,수준값,유지,전월,물가상승률은 지난 8월 SK텔레콤 해킹 사태에 따른 요금 인하 효과로 1%대로 내려갔다가 다시 반등했다.,mid,Y,기사에서 언급한 'SK텔레콤 해킹 사태에 따른 요금 인하 효과'와의 연관성을 명확히 확인할 필요가 있음.,HCX-007,v1.0-hcx,2026-07-15,101,DT_1J22042,0,,T03,data/claims/kosis_indicator_codebook.csv,2.1,202509,,불일치,1.1,"등락률 표 actual_value 사용; 절대오차=1.100, 허용=0.3; 월별 소비자물가 등락률 - 총지수 전년동월비"
C16719,C16719-m1,2203,한은 “체감 물가가 소비자물가보다 더 뛰어… 소비 위축시켜”,2025-06-19,https://www.chosun.com/economy/economy_general/2025/06/19/FI33P26UAFDJVPWRSHBEIUK3AQ,생활 물가와 소비자물가 차이는 작년 상반기 0.6%포인트에서 하반기 0.1%포인트로 줄었다가 올해 1~5월 0.4%포인트로 다시 확대되는 추세다.,그만큼 실제 물가 상승률 수치보다 소비자들이 느끼는 물가가 더 올랐다는 의미다.,"보고서는 생활 물가가 오른 이유로 팬데믹 기간 공급망 차질, 러시아와 우크라이나 전쟁, 기상 악화 등으로 식료품과 에너지 물가가 크게 뛴 것을 꼽았다.",국내공식통계,Y,Y,-,물가,생활 물가와 소비자물가 차이,"생활 물가, 소비자물가, 포인트",-,-,-,-,-,-,-,2025M1-2025M5,-,M,확정,현재값,0.4,-,-,N,포인트,수준값,-,전년,생활 물가와 소비자물가 차이는 작년 상반기 0.6%포인트에서 하반기 0.1%포인트로 줄었다가 올해 1~5월 0.4%포인트로 다시 확대되는 추세다.,high,N,-,HCX-007,v1.0-hcx,2026-07-15,,,,,,data/claims/kosis_indicator_codebook.csv,,,,판단불가,,생활물가와 소비자물가 차이는 두 표 값을 별도 계산해야 함
C16719,C16719-m2,2203,한은 “체감 물가가 소비자물가보다 더 뛰어… 소비 위축시켜”,2025-06-19,https://www.chosun.com/economy/economy_general/2025/06/19/FI33P26UAFDJVPWRSHBEIUK3AQ,생활 물가와 소비자물가 차이는 작년 상반기 0.6%포인트에서 하반기 0.1%포인트로 줄었다가 올해 1~5월 0.4%포인트로 다시 확대되는 추세다.,그만큼 실제 물가 상승률 수치보다 소비자들이 느끼는 물가가 더 올랐다는 의미다.,"보고서는 생활 물가가 오른 이유로 팬데믹 기간 공급망 차질, 러시아와 우크라이나 전쟁, 기상 악화 등으로 식료품과 에너지 물가가 크게 뛴 것을 꼽았다.",국내공식통계,Y,Y,-,물가,생활 물가와 소비자물가 차이,"생활 물가, 소비자물가, 포인트",-,-,-,-,-,-,-,2025M1-2025M5,-,M,확정,이전값,0.1,-,-,N,포인트,수준값,증가,작년 하반기 대비,생활 물가와 소비자물가 차이는 작년 상반기 0.6%포인트에서 하반기 0.1%포인트로 줄었다가 올해 1~5월 0.4%포인트로 다시 확대되는 추세다.,high,N,-,HCX-007,v1.0-hcx,2026-07-15,,,,,,data/claims/kosis_indicator_codebook.csv,,,,판단불가,,생활물가와 소비자물가 차이는 두 표 값을 별도 계산해야 함
C19727,C19727-m1,2603,9월 소비자물가 상승률 2.1%… 두 달 만에 다시 2%대 (종합),2025-10-02,https://biz.chosun.com/policy/policy_sub/2025/10/02/YB7FNXZNQZFM3NPRM33AMSWXYE/,구입 빈도와 지출 비중이 높은 144개 품목을 중심으로 한 생활물가지수는 전년 동월 대비 2.5% 올랐다.,"한편, 물가의 기조적 흐름을 보여주는 경제협력개발기구(OECD) 기준 근원물가(식료품·에너지 제외)는 2.0% 상승했다.",-,국내공식통계,Y,Y,-,물가,생활물가지수,"구입 빈도, 지출 비중, 품목",-,-,-,-,-,-,-,2024M10,-,M,확정,현재값,250,-,-,N,%,수준값,증가,전년동월,구입 빈도와 지출 비중이 높은 144개 품목을 중심으로 한 생활물가지수는 전년 동월 대비 2.5% 올랐다.,high,N,-,HCX-007,v1.0-hcx,2026-07-15,101,DT_1J22042,1,,T03,data/claims/kosis_indicator_codebook.csv,1.2,202410,,불일치,248.8,"등락률 표 actual_value 사용; 절대오차=248.800, 허용=0.3; 월별 소비자물가 등락률 - 생활물가지수 전년동월비"
C20252,-,2679,"다 비싸졌다… 월세 상승률 10년래 최고, 물가도 껑충",2025-11-04,https://www.chosun.com/economy/economy_general/2025/11/04/LTSPY3AKDFGO3PYENJYCXAAWAU/,"특히 축산물(5.4%), 수산물(6.4%), 가공식품(4.2%), 외식(3.4%) 등 먹거리 가격이 소비자물가보다 상승률이 더 높았다.",국가데이터처에 따르면 9월 소비자물가는 지난해 같은 달 대비 2.1% 상승했다.,이에 저소득층의 주머니 사정은 갈수록 팍팍해지고 있다.,국내공식통계,N,N,정보부족,물가,"축산물 가격 상승률, 수산물 가격 상승률, 가공식품 가격 상승률, 외식 가격 상승률","축산물, 수산물, 가공식품, 외식",-,-,-,-,-,-,-,2025-09,-,M,확정,-,-,-,-,-,-,-,-,-,"특히 축산물(5.4%), 수산물(6.4%), 가공식품(4.2%), 외식(3.4%) 등 먹거리 가격이 소비자물가보다 상승률이 더 높았다.",high,N,-,HCX-007,v1.0-hcx,2026-07-15,,,,,,data/claims/kosis_indicator_codebook.csv,,,,판단불가,,verifiable_kosis=N
C09330,C09330-m1,1204,최상목 부총리 “상반기 전기·가스·철도 요금 동결”,2025-04-03,https://www.chosun.com/economy/economy_general/2025/04/03/NMEO4455DJAXHP6FKCGHF7CBQM,작년 9~12월 1%대였던 소비자물가 상승률은 올 들어 석 달 연속 2%대를 보이고 있다.,이날 통계청은 ‘3월 소비자물가 동향’에서 지난달 소비자물가가 전년 동월 대비 2.1% 상승했다고 밝혔다.,"특히 가공식품, 외식 등 먹거리 관련 물가 인상이 전체 물가를 끌어올렸다.",국내공식통계,Y,Y,-,물가,소비자물가 상승률,"소비자물가, 상승률, 1%대, 2%대",-,-,-,-,-,-,-,2024Q4|2025Q1,-,Q,확정,이전값,1,0.1,1.9,Y,%,수준값,유지,2024Q4,작년 9~12월 1%대였던 소비자물가 상승률은 올 들어 석 달 연속 2%대를 보이고 있다.,high,N,-,HCX-007,v1.0-hcx,2026-07-15,101,DT_1J22042,0,,T03,data/claims/kosis_indicator_codebook.csv,,,,판단불가,,해당 시점 KOSIS 값 없음; actual value 없음; 월별 소비자물가 등락률 - 총지수 전년동월비
C09330,C09330-m2,1204,최상목 부총리 “상반기 전기·가스·철도 요금 동결”,2025-04-03,https://www.chosun.com/economy/economy_general/2025/04/03/NMEO4455DJAXHP6FKCGHF7CBQM,작년 9~12월 1%대였던 소비자물가 상승률은 올 들어 석 달 연속 2%대를 보이고 있다.,이날 통계청은 ‘3월 소비자물가 동향’에서 지난달 소비자물가가 전년 동월 대비 2.1% 상승했다고 밝혔다.,"특히 가공식품, 외식 등 먹거리 관련 물가 인상이 전체 물가를 끌어올렸다.",국내공식통계,Y,Y,-,물가,소비자물가 상승률,"소비자물가, 상승률, 1%대, 2%대",-,-,-,-,-,-,-,2024Q4|2025Q1,-,Q,확정,현재값,2,1.1,2.9,Y,%,수준값,증가,2025Q1,작년 9~12월 1%대였던 소비자물가 상승률은 올 들어 석 달 연속 2%대를 보이고 있다.,high,N,-,HCX-007,v1.0-hcx,2026-07-15,101,DT_1J22042,0,,T03,data/claims/kosis_indicator_codebook.csv,,,,판단불가,,해당 시점 KOSIS 값 없음; actual value 없음; 월별 소비자물가 등락률 - 총지수 전년동월비
C12455,-,1629,라면·과자값까지 또 일제히 올렸다,2025-05-06,https://www.chosun.com/economy/economy_general/2025/05/06/L2KYU63QXRDO5NCG5CHSMKG24Y,"같은 달 전체 소비자 물가 상승률은 한국은행의 물가 안정 목표치(2%)를 조금 웃도는 2.1%에 그친 반면, 가공식품 물가 상승률은 거의 두 배 수준으로 치솟은 것이다.","5일 통계청에 따르면, 지난달 가공식품 물가는 전년 동월 대비 4.1% 올라 2023년 12월(4.2%) 이후 1년 4개월 만에 가장 높은 상승률을 기록했다.",가공식품 물가 상승률은 작년 11월 1.3%에 그쳤다가 12월(2%)부터 지난달까지 5개월 연속으로 상승 폭이 커졌다.,국내공식통계,N,N,정보부족,물가,소비자 물가 상승률,"한국은행, 물가 안정 목표치, 가공식품 물가 상승률",-,-,-,-,-,-,-,2025-04,-,M,확정,-,-,-,-,-,-,-,-,-,"같은 달 전체 소비자 물가 상승률은 한국은행의 물가 안정 목표치(2%)를 조금 웃도는 2.1%에 그친 반면, 가공식품 물가 상승률은 거의 두 배 수준으로 치솟은 것이다.",high,N,-,HCX-007,v1.0-hcx,2026-07-15,,,,,,data/claims/kosis_indicator_codebook.csv,,,,판단불가,,verifiable_kosis=N
C01659,-,224,"간신히 5% 찍은 中 성장률, 올해는 ‘트럼프 관세’ 먹구름",2025-01-18,https://www.chosun.com/economy/economy_general/2025/01/18/47BFYPJXONF7RIF22SP3KAKCFU,공장 출고가를 의미하는 생산자 물가는 27개월째 전년 대비 마이너스를 기록하고 있다.,반면 소매 판매 증가율은 3.5%로 2023년(7.2%)의 절반에 못 미쳤다.,중국 경제가 디플레이션(경기 침체 속 지속적인 저물가)에 빠져 있다는 분석이 지배적이다.,국내공식통계,Y,Y,-,물가,생산자 물가 상승률,"공장 출고가, 생산자 물가, 마이너스",-,-,-,-,-,-,-,2025-01M,-,M,확정,-,-,-,-,-,-,-,-,-,공장 출고가를 의미하는 생산자 물가는 27개월째 전년 대비 마이너스를 기록하고 있다.,high,Y,-,HCX-007,v1.0-hcx,2026-07-15,301,DT_404Y014,13102134604ACC_CD.*AA,,13103134604999,data/claims/kosis_indicator_codebook.csv,,,,판단불가,,해당 시점 KOSIS 값 없음; target value 없음; 생산자물가지수(기본분류) - 총지수
C14080,-,1853,국제 유가 하락에 4월 생산자물가 전월보다 하락,2025-05-23,https://www.chosun.com/economy/economy_general/2025/05/23/EMZ6BBQZAND4DKNQF5RMMDSQEM,"반대로 축산물(4.8%), 음식료품(0.2%), 음식점 및 숙박(0.6%) 가격은 전월보다 상승했다.","전월 대비 상승폭을 품목별로 보면 농산물(-5.8%), 석탄·석유제품(-2.6%)이 전체 생산자물가를 끌어내렸다.","세부적으로는 양파(-15.8%), 오이(-35.1%), 나프타(-5.8%), 경유(-1.8%) 하락폭이 두드러졌다.",국내공식통계,N,N,정보부족,물가,"축산물가격변화, 음식료품가격변화, 음식점및숙박가격변화","축산물, 음식료품, 음식점 및 숙박, 가격 변화",-,-,-,-,-,-,-,2025M04,-,M,확정,-,-,-,-,-,-,-,-,-,"반대로 축산물(4.8%), 음식료품(0.2%), 음식점 및 숙박(0.6%) 가격은 전월보다 상승했다.",high,N,-,HCX-007,v1.0-hcx,2026-07-15,,,,,,data/claims/kosis_indicator_codebook.csv,,,,판단불가,,verifiable_kosis=N
C05790,-,736,작년 출생아 수 9년 만에 추락 멈췄다... 전년 대비 3.6% 늘어,2025-02-26,https://www.chosun.com/economy/economy_general/2025/02/26/5GBKUCD4IZBE7PA33W2SH2256A,지역별로는 세종과 전남의 합계출산율이 1.03명으로 가장 높았고 경북(0.9명)과 강원(0.89명) 순이었다.,"신생아 특례대출은 신혼집 마련이 최대 고민인 부부들에게 최대 5억원의 주택 자금을 저리(1% 수준)에 대출해주는 것으로, 작년 1~9월 만에 누적 대출액 5조5000억원을 기록했다.",반면 서울(0.58명)과 부산(0.68명)은 상대적으로 출산율이 부진했다.,국내공식통계,N,N,정보부족,인구,합계출산율,"지역별, 합계출산율, 세종, 전남, 경북, 강원, 서울, 부산",-,-,-,-,-,-,-,2024,-,-,확정,-,-,-,-,-,-,-,-,-,지역별로는 세종과 전남의 합계출산율이 1.03명으로 가장 높았고 경북(0.9명)과 강원(0.89명) 순이었다.,high,N,-,HCX-007,v1.0-hcx,2026-07-15,,,,,,data/claims/kosis_indicator_codebook.csv,,,,판단불가,,verifiable_kosis=N
C02002,C02002-m1,279,작년 11월 출생아 14.6% 증가...2010년 이후 최대폭,2025-01-22,https://www.chosun.com/economy/economy_general/2025/01/22/HAHTAVPQ75BJXM4GWC4SNRKAZA,"22일 통계청이 22일 발표한 ‘2024년 11월 인구동향’에 따르면, 작년 11월 출생아 수는 1년 전에 비해 14.6% 늘어난 2만95명으로 집계됐다.","특히 지난해에는 전년 동월 대비 출생아 수가 7월부터 5개월 연속 늘어나고 있는데, 이 같은 추이가 12월까지 이어졌을 경우 연간 출생아 수가 2015년 이후 처음으로 증가 전환할 것으로 보인다.",이는 지난 2010년 11월(17.5%) 이후 가장 높은 증가율이다.,국내공식통계,Y,Y,-,인구,출생아 수,"통계청, 2024년 11월 인구동향, 출생아 수, 증가율",-,-,-,-,-,-,-,2024M11,-,M,확정,현재값,20995,-,-,N,명,수준값,-,전년동월,작년 11월 출생아 수는 1년 전에 비해 14.6% 늘어난 2만95명으로 집계됐다.,high,N,-,HCX-007,v1.0-hcx,2026-07-15,101,DT_1B8000G,00,10,T1,data/claims/kosis_indicator_codebook.csv,20083.0,202411,,일치,0.04541154210028382,"수준값 actual_value 사용; 상대오차=0.045, 허용=0.05; 월.분기.연간 인구동향 - 전국 출생아수"
C02002,C02002-m2,279,작년 11월 출생아 14.6% 증가...2010년 이후 최대폭,2025-01-22,https://www.chosun.com/economy/economy_general/2025/01/22/HAHTAVPQ75BJXM4GWC4SNRKAZA,"22일 통계청이 22일 발표한 ‘2024년 11월 인구동향’에 따르면, 작년 11월 출생아 수는 1년 전에 비해 14.6% 늘어난 2만95명으로 집계됐다.","특히 지난해에는 전년 동월 대비 출생아 수가 7월부터 5개월 연속 늘어나고 있는데, 이 같은 추이가 12월까지 이어졌을 경우 연간 출생아 수가 2015년 이후 처음으로 증가 전환할 것으로 보인다.",이는 지난 2010년 11월(17.5%) 이후 가장 높은 증가율이다.,국내공식통계,Y,Y,-,인구,출생아 수,"통계청, 2024년 11월 인구동향, 출생아 수, 증가율",-,-,-,-,-,-,-,2024M11,-,M,확정,증감률,14.6,-,-,N,%,증감률,증가,전년동월,작년 11월 출생아 수는 1년 전에 비해 14.6% 늘어난 2만95명으로 집계됐다.,high,N,-,HCX-007,v1.0-hcx,2026-07-15,101,DT_1B8000G,00,10,T1,data/claims/kosis_indicator_codebook.csv,14.563605248146036,202411,202311,일치,0.03639475185396357,"원자료 전년/전월 대비 증감률 계산; 절대오차=0.036, 허용=0.3; 월.분기.연간 인구동향 - 전국 출생아수"
C14623,-,1927,90년대생 결혼 늘자 출산율 다시 0.8명대,2025-05-29,https://www.chosun.com/economy/economy_general/2025/05/29/4U6B4YZJFFBRFFDJZFYTZWWI5A,"홍석철 서울대 경제학부 교수는 “통상 신혼 부부들이 결혼 후 3년간 아이를 많이 낳는다는 점을 고려하면, 올해는 계속 출생아가 늘어나면서 연간 합계출산율이 무난히 0.8명을 넘길 수 있을 것”이라고 했다.","1990년대 초반에 태어난 부부가 코로나 사태로 미뤘던 결혼을 지난 2022~2023년에 많이 했고, 지난해부터 본격적으로 아이를 낳기 시작하면서 출생아 수가 증가한 것이다.",청년층의 결혼과 출산 의향이 늘어나고 있다는 점도 출산율 반등에 대한 기대감을 키우고 있다.,전망·목표,N,N,전망·예측,인구,합계출산율,"신혼부부, 아이, 출생아, 출산율",-,-,-,-,-,-,-,2024,-,Y,확정,-,-,-,-,-,-,-,-,-,"홍석철 서울대 경제학부 교수는 “통상 신혼 부부들이 결혼 후 3년간 아이를 많이 낳는다는 점을 고려하면, 올해는 계속 출생아가 늘어나면서 연간 합계출산율이 무난히 0.8명을 넘길 수 있을 것”이라고 했다.",mid,N,-,HCX-007,v1.0-hcx,2026-07-15,,,,,,data/claims/kosis_indicator_codebook.csv,,,,판단불가,,verifiable_kosis=N
C06389,-,803,베트남 보다 못한 한국 여성 인권? [사이공모닝],2025-03-03,https://www.chosun.com/economy/market_trend/2025/03/03/2UOZGHNYNRATZH3YP5CQCWSJQU,베트남 역시 작년 합계 출산율이 1.91명으로 동남아 최하위권에 속하면서 범정부적인 대책을 촉구하는 목소리가 높아지고 있지요.,이미 우리나라의 저출산 문제는 심각한 상황입니다.,오는 8일은 세계 여성의 날.,해외통계·정책,N,N,해외통계,인구,합계 출산율,"베트남, 작년, 합계 출산율, 1.91명, 동남아 최하위권",-,-,-,-,-,-,-,2024,-,Y,확정,-,-,-,-,-,-,-,-,-,베트남 역시 작년 합계 출산율이 1.91명으로 동남아 최하위권에 속하면서 범정부적인 대책을 촉구하는 목소리가 높아지고 있지요.,high,N,-,HCX-007,v1.0-hcx,2026-07-15,,,,,,data/claims/kosis_indicator_codebook.csv,,,,판단불가,,verifiable_kosis=N
C08708,-,1125,"女 대졸 이상 비율, 80년대생부터 男 앞서",2025-03-28,https://www.chosun.com/economy/economy_general/2025/03/28/FV56ZTW6QJB45D7N322ZPHFHYU,1978년 2.64명에 달했던 합계 출산율(여성 한 명이 낳을 것으로 예상되는 아이 수)은 1984년 1.74명으로 1명대로 떨어졌다.,특히 한국은 1960년대 초부터 시작된 산아 제한 운동이 “잘 키운 딸 하나 열 아들 안 부럽다”는 정부의 표어가 나온 1978년부터 본격화됐다.,"외동딸이나 딸·딸, 딸·아들 집안이 늘면서 여성의 교육 기회가 늘어났고 이에 여성의 대학 진학률이 높아졌다는 것이다.",국내공식통계,N,N,정보부족,인구,합계 출산율,"1978년, 1984년, 합계 출산율",-,-,-,-,-,-,-,1984,-,-,확정,-,-,-,-,-,-,-,-,-,1978년 2.64명에 달했던 합계 출산율은 1984년 1.74명으로 1명대로 떨어졌다.,high,N,-,HCX-007,v1.0-hcx,2026-07-15,,,,,,data/claims/kosis_indicator_codebook.csv,,,,판단불가,,verifiable_kosis=N
C05234,-,670,한국 대도시·소도시 집값 격차 3배 ‘OECD 최대’,2025-02-21,https://www.chosun.com/economy/economy_general/2025/02/21/IXS5JNAIDBA5PDDU3A5TSB3TKM,이에 따라 2023년 기준 OECD 회원국의 대도시 집값은 소도시 집값보다 평균 86% 높았다.,이 기간 인구 10만명 미만 소도시는 16% 오르는 데 그쳤다.,그런데 한국은 보고서에서 집계된 OECD 회원국 18국 중 도시 규모에 따른 집값 격차가 가장 컸다.,국제기구발통계,N,N,정보부족,부동산,집값 비율,"OECD 회원국, 대도시, 소도시, 집값",-,-,-,-,-,-,-,2023,-,-,확정,-,-,-,-,-,-,-,-,-,이에 따라 2023년 기준 OECD 회원국의 대도시 집값은 소도시 집값보다 평균 86% 높았다.,high,N,-,HCX-007,v1.0-hcx,2026-07-15,,,,,,data/claims/kosis_indicator_codebook.csv,,,,판단불가,,verifiable_kosis=N
C08670,-,1122,소득 적고 대출 많은 ‘취약 자영업자’ 40만명 넘어,2025-03-28,https://www.chosun.com/economy/economy_general/2025/03/28/57AJHECJ6FAVHERQLFRC6YFWKI,지금 추세로 집값과 금리가 변한다면 올해 말 이 차이가 1.6%포인트로 벌어질 것이란 분석이다.,"빚이 있는 가구 중 소득 대비 갚아야 하는 빚을 뜻하는 총부채원리금상환비율(DSR)이 40%를 넘고, 부채가 자산보다 많은 ‘고위험 가구’ 비율이 작년 말 지방과 수도권에서 각각 5.4%, 4.3%로 추정된다.",-,전망·목표,N,N,전망·예측,부동산,고위험 가구 비율 차이,"집값, 금리, 고위험 가구 비율",-,-,-,-,고위험 가구,-,-,2025년말,-,H,확정,-,-,-,-,-,-,-,-,-,지금 추세로 집값과 금리가 변한다면 올해 말 이 차이가 1.6%포인트로 벌어질 것이란 분석이다.,mid,N,-,HCX-007,v1.0-hcx,2026-07-15,,,,,,data/claims/kosis_indicator_codebook.csv,,,,판단불가,,verifiable_kosis=N
C05235,-,670,한국 대도시·소도시 집값 격차 3배 ‘OECD 최대’,2025-02-21,https://www.chosun.com/economy/economy_general/2025/02/21/IXS5JNAIDBA5PDDU3A5TSB3TKM,"한국 대도시 평균 집값은 전체 평균보다 66.3% 높았지만, 소도시 평균 집값은 전체 평균보다 46.5% 낮았다.",그런데 한국은 보고서에서 집계된 OECD 회원국 18국 중 도시 규모에 따른 집값 격차가 가장 컸다.,이에 한국 대도시 평균 집값은 소도시 평균보다 211% 높은 것으로 추산된다.,국내공식통계,N,N,정보부족,부동산,집값 격차,"한국, 대도시, 평균 집값, 전체 평균, 소도시, 평균 집값",-,-,-,-,-,-,-,2025,-,Y,확정,-,-,-,-,-,-,-,-,-,"한국 대도시 평균 집값은 전체 평균보다 66.3% 높았지만, 소도시 평균 집값은 전체 평균보다 46.5% 낮았다.",high,N,-,HCX-007,v1.0-hcx,2026-07-15,,,,,,data/claims/kosis_indicator_codebook.csv,,,,판단불가,,verifiable_kosis=N
C20162,-,2667,"기재부·국세청 고위직 85%, 토허제 아파트 소유",2025-10-29,https://www.chosun.com/economy/economy_general/2025/10/29/ZI6TO7EFBFHDNOH5LPJLHXMHUI/,"정부가 서울을 비롯해 수도권을 중심으로 급등하는 집값을 잡기 위해 강도 높은 10·15 부동산 대책을 발표한 가운데, 해당 대책을 주관한 기획재정부·국세청 등의 고위 경제 관료 가운데 85%가 토지거래허가구역 내 아파트를 보유한 것으로 나타났다.",-,-,기타,N,N,정보부족,부동산,토지거래허가구역 내 아파트 보유 비율,"기획재정부, 국세청, 고위 경제 관료, 토지거래허가구역, 아파트 보유",-,-,-,-,고위 경제 관료,-,-,2025,-,-,확정,-,-,-,-,-,-,-,-,-,해당 대책을 주관한 기획재정부·국세청 등의 고위 경제 관료 가운데 85%가 토지거래허가구역 내 아파트를 보유한 것으로 나타났다.,mid,N,-,HCX-007,v1.0-hcx,2026-07-15,,,,,,data/claims/kosis_indicator_codebook.csv,,,,판단불가,,verifiable_kosis=N
C16709,-,2201,"12년간 서울 집값 112% 오를 때, 전국은 43% 상승",2025-06-19,https://www.chosun.com/economy/economy_general/2025/06/19/BRIJA23K6RBLHJ4HH6KCFTV7AE,"같은 기간 중국 베이징(65%), 일본 도쿄(65.1%), 캐나다 토론토(116.4%), 호주 시드니(92.4%)의 집값 상승률은 전국 대비 각각 49.8%포인트, 28.1%포인트, 24.5%포인트, 9.8%포인트 높았다.","18일 한국은행의 ‘주택시장 양극화의 경제적 영향’ 보고서에 따르면, 2013년 말 대비 올해 5월 서울 집값이 112.3% 오를 때 전국 집값은 42.9% 올라 그 격차가 69.4%포인트로 조사됐다.","미국 뉴욕(89.4%)과 영국 런던(46.5%) 집값 상승률은 전국 대비 각각 16.3%, 19.1% 낮은 것으로 집계됐다.",해외통계·정책,N,N,해외통계,부동산,집값 상승률,"서울, 중국 베이징, 일본 도쿄, 캐나다 토론토, 호주 시드니",-,-,-,-,-,-,-,2025M5,-,M,확정,-,-,-,-,-,-,-,-,-,"같은 기간 중국 베이징(65%), 일본 도쿄(65.1%), 캐나다 토론토(116.4%), 호주 시드니(92.4%)의 집값 상승률은 전국 대비 각각 49.8%포인트, 28.1%포인트, 24.5%포인트, 9.8%포인트 높았다.",high,N,-,HCX-007,v1.0-hcx,2026-07-15,,,,,,data/claims/kosis_indicator_codebook.csv,,,,판단불가,,verifiable_kosis=N
C14704,-,1935,이창용 총재 “기준금리 인하폭 예상보다 커질 가능성”,2025-05-29,https://www.chosun.com/economy/economy_general/2025/05/29/J2WQUKR4YVFZPLNXDGZ5LA4YEY,"올해 내수의 성장률 기여도는 0.8%포인트, 순수출 성장률 기여도는 0%포인트 정도로 봤다.",또 수출에 대해서도 “비 IT 부문 글로벌 경쟁력 약화 등 구조적 요인과 통상 여건의 악화 등으로 부진을 이어가고 있다”고 설명했다.,"이 총재는 성장률 충격에도 0.5%포인트 인하가 아닌 0.25%포인트 인하를 결정한 배경에는 “유동성을 더 공급할 경우에는 주택 가격, 자산 가격으로 유동성이 흘러 들어와 코로나 때 실수(자산가격 폭등) 반복할 가능성이 크기 때문”이라고 했다.",전망·목표,N,N,전망·예측,성장률,"내수 성장률 기여도, 순수출 성장률 기여도","내수, 성장률 기여도, 순수출",-,-,-,-,-,-,-,2025,-,-,확정,-,-,-,-,-,-,-,-,-,"올해 내수의 성장률 기여도는 0.8%포인트, 순수출 성장률 기여도는 0%포인트 정도로 봤다.",high,N,-,HCX-007,v1.0-hcx,2026-07-15,,,,,,data/claims/kosis_indicator_codebook.csv,,,,판단불가,,verifiable_kosis=N
C11945,-,1554,"한국서 中철사로 만든 와이어, 美는 원산지 어디로 볼까?",2025-04-30,https://www.chosun.com/economy/economy_general/2025/04/30/HJ54JIP4BBBJ3CMLCYITAEYJXE,이 경우 한국 업체는 미국이 중국에 적용하는 145%의 ‘관세 폭탄’을 떠안게 된다.,"미국이 “철사 형태만 바꿨을 뿐, 실질적 변형은 없었다”며 와이어를 ‘중국산’으로 판단할 수 있다는 것이다.","29일 정부에 따르면, 한국원산지정보원과 관세청은 미국의 원산지 규정을 분석하고 실제 원산지 판별 사례들을 수집하고 있다.",기타,N,N,정보부족,금융·금리,관세율,"미국, 중국, 관세 폭탄, 145%",-,-,-,-,-,-,-,2025,-,-,확정,-,-,-,-,-,-,-,-,-,한국 업체는 미국이 중국에 적용하는 145%의 '관세 폭탄'을 떠안게 된다.,high,N,-,HCX-007,v1.0-hcx,2026-07-15,,,,,,data/claims/kosis_indicator_codebook.csv,,,,판단불가,,verifiable_kosis=N
C10308,-,1327,‘반도체 별도 관세’는 14일 발표... “매우 구체적일 것”,2025-04-13,https://www.chosun.com/economy/tech_it/2025/04/13/B43FSC7V7NF3HMMLBAZKXXBMYY,경우에 따라서는 국가별 상호 관세(한국은 25%)와 맞먹는 관세율이 부과될 수도 있다.,"미 무역확장법 232조는 외국산 수입 제품이 국가 안보에 위협이 될 경우, 대통령이 관세 부과 등 긴급하게 조치를 할 수 있는 권한을 부여하고 있다.","하지만 반도체를 미국에 직접 수출하는 경우는 많지 않고, 대부분 중국·대만 등 제3국에 부품 형태로 판매하는 것을 감안하면 반도체 관세 영향이 제한적일 것이라는 전망도 나온다.",기타,N,N,정보부족,무역,관세율,"국가별 상호 관세, 미국, 한국",-,-,-,-,-,-,-,2025,-,-,확정,-,-,-,-,-,-,-,-,-,경우에 따라서는 국가별 상호 관세(한국은 25%)와 맞먹는 관세율이 부과될 수도 있다.,mid,N,-,HCX-007,v1.0-hcx,2026-07-15,,,,,,data/claims/kosis_indicator_codebook.csv,,,,판단불가,,verifiable_kosis=N
C03575,-,450,崔대행 “美 관세 유예 다행이지만...향후 확대 가능성에 총력 대응”,2025-02-04,https://www.chosun.com/economy/economy_general/2025/02/04/67PZSQS3J5AU3MNHSEPYJ3OCBU,앞서 트럼프 미국 대통령은 멕시코·캐나다에 대한 25% 추가 관세 부과 조치를 한 달 연기한다고 말했다.,4일 최 대행은 정부서울청사에서 ‘제6차 대외경제현안 간담회’를 열고 이처럼 밝혔다.,"이날 최 대행은 “앞으로 모든 가능성을 열어두고 ‘대외경제현안간담회’, ‘진출기업간담회’ 등 협의체를 통해 전개 양상을 면밀히 모니터링하고 우리 업계에 미칠 영향을 다각도로 점검하겠다”고 했다.",해외통계·정책,N,N,해외통계,무역,-,"트럼프, 미국 대통령, 멕시코, 캐나다, 추가 관세 부과 조치",-,-,-,-,-,-,-,2025,-,-,확정,-,-,-,-,-,-,-,-,-,앞서 트럼프 미국 대통령은 멕시코·캐나다에 대한 25% 추가 관세 부과 조치를 한 달 연기한다고 말했다.,high,N,-,HCX-007,v1.0-hcx,2026-07-15,,,,,,data/claims/kosis_indicator_codebook.csv,,,,판단불가,,verifiable_kosis=N
C15658,-,2051,美 무역 적자 급감… 19개월 만에 최저,2025-06-07,https://www.chosun.com/economy/industry-company/2025/06/07/PIJYQPGKPZGLLDCM34LPRQ6WJM,캐나다는 자동차 수출이 23% 급감하며 4월 무역 적자가 역대 월간 최대인 71억캐나다달러(약 7조500억원)를 기록했다.,트럼프 대통령 취임 초부터 관세를 두고 미국과 갈등을 빚는 캐나다는 사상 최대 규모의 적자를 냈다.,3월 적자(23억캐나다달러)의 3배를 웃도는 수준이다.,해외통계·정책,N,N,해외통계,무역,무역적자,"캐나다, 자동차 수출, 무역 적자, 4월",캐나다,-,-,자동차,-,-,-,2025M04,-,M,확정,-,-,-,-,-,-,-,-,-,캐나다는 자동차 수출이 23% 급감하며 4월 무역 적자가 역대 월간 최대인 71억캐나다달러(약 7조500억원)를 기록했다.,high,N,-,HCX-007,v1.0-hcx,2026-07-15,,,,,,data/claims/kosis_indicator_codebook.csv,,,,판단불가,,verifiable_kosis=N
C09447,-,1219,"美물가도 관세 충격… “닌텐도 220달러, 車 최대 1만달러 올라”",2025-04-04,https://www.chosun.com/economy/industry-company/2025/04/04/GXY7TMEMLZETFL37ZZ5MWNQTDE,"미국 소비자기술협회(CTA)는 관세 때문에 미국 내 노트북과 태블릿 가격은 최고 68%, 스마트폰 가격은 37%까지 인상될 것이라고 예상했다.",모건스탠리는 관세 조치로 애플의 이익이 연간 78억5000만달러(약 11조5000억원)가 줄어들 것이라고 전망했다.,상호 관세와 별개로 이미 3일부터 관세 25%가 부과된 자동차는 미국 내 신차 가격이 수천 달러 오를 것으로 예상된다.,해외통계·정책,N,N,해외통계,물가,"노트북과 태블릿 가격 상승률, 스마트폰 가격 상승률","미국 소비자기술협회, 관세, 노트북, 태블릿, 스마트폰, 가격 인상",-,-,-,-,-,-,-,2025,-,-,확정,-,-,-,-,-,-,-,-,-,"관세 때문에 미국 내 노트북과 태블릿 가격은 최고 68%, 스마트폰 가격은 37%까지 인상될 것이라고 예상했다.",high,N,-,HCX-007,v1.0-hcx,2026-07-15,,,,,,data/claims/kosis_indicator_codebook.csv,,,,판단불가,,verifiable_kosis=N
C09084,-,1176,의성 마늘·청송 사과… 먹거리 물가도 비상,2025-04-01,https://www.chosun.com/economy/economy_general/2025/04/01/OCXI4WN3PBCMBAAWAGM2HDZ34U,"영덕과 청송 두 곳에서만 전국 송이 생산량의 28%를 담당하는데, 이번 산불로 소나무가 타버리면서 오는 10월 송이 채취는 사실상 물 건너갔다.",울창한 소나무숲 밑에서 자라는 송이버섯은 초토화된 수준이다.,"산림청 관계자는 “이 지역 버섯 농가들은 송이를 채취하는 10월 한 철 장사로 소득의 대부분을 거두는데, 이번 산불로 향후 몇 년간은 소득이 끊길 위기에 처했다”고 했다.",기타,N,N,정보부족,농업,전국 송이 생산량 중 영덕과 청송 비중,"영덕, 청송, 송이 생산량, 산불",-,-,-,송이버섯,-,-,-,2025,-,-,확정,-,-,-,-,-,-,-,-,-,"영덕과 청송 두 곳에서만 전국 송이 생산량의 28%를 담당하는데, 이번 산불로 소나무가 타버리면서 오는 10월 송이 채취는 사실상 물 건너갔다.",high,N,-,HCX-007,v1.0-hcx,2026-07-15,,,,,,data/claims/kosis_indicator_codebook.csv,,,,판단불가,,verifiable_kosis=N
C03628,-,458,수입차 업체 “전기차 보조금 미리 쏴드려요”,2025-02-05,https://www.chosun.com/economy/auto/2025/02/05/RDPWMBCZQVAAVAM6VMD2XFS5NU,같은 기간 국산 승용차 판매량은 3.9% 줄어드는 데 그쳤다.,"자동차 시장조사 업체 카이즈유데이터센터에 따르면, 작년 수입 승용차 판매량은 재작년 대비 7.1% 급감했다.",볼보 코리아는 지난 3일 전기차 ‘EX30’을 국내에 출시하며 사전 계약 때보다 최대 300만원 안팎 가격을 낮췄다.,국내공식통계,N,N,정보부족,소매·소비,국산 승용차 판매량 감소율,"수입 승용차, 국산 승용차, 판매량, 감소율",-,-,-,자동차,-,-,-,2024,-,Y,확정,-,-,-,-,-,-,-,-,-,같은 기간 국산 승용차 판매량은 3.9% 줄어드는 데 그쳤다.,high,N,-,HCX-007,v1.0-hcx,2026-07-15,,,,,,data/claims/kosis_indicator_codebook.csv,,,,판단불가,,verifiable_kosis=N
C13764,C13764-m1,1798,"안 잡힌다는 고등어·오징어, 수출은 왜 늘었을까?",2025-05-19,https://www.chosun.com/economy/economy_general/2025/05/19/AURYAIAY3ZA77FIGY534GIODAY,"수산업관측센터에 따르면, 지난달 연근해 오징어 생산량은 13톤으로 전년 동기(26톤) 대비 50% 급감했다.","지난달 연근해 냉동 오징어 가격은 5987원으로 전년 동월(5833원) 대비 2.6% 올랐고, 이달 들어서는 6085원을 기록하며 3월(6533원) 이후 두 달 만에 다시 6000원대로 올라섰다.","우리나라 연근해에서 잡히는 오징어 품종은 ‘살오징어’로, 볶음이나 무침 등으로 활용한다.",국내공식통계,Y,Y,-,생산·산업,연근해 오징어 생산량,"수산업관측센터, 연근해 오징어 생산량, 전년 동기",-,-,-,-,-,-,-,2025-04,-,M,확정,현재값,13000,-,-,N,톤,수준값,감소,전년동월,"수산업관측센터에 따르면, 지난달 연근해 오징어 생산량은 13톤으로 전년 동기(26톤) 대비 50% 급감했다.",high,N,-,HCX-007,v1.0-hcx,2026-07-15,,,,,,data/claims/kosis_indicator_codebook.csv,,,,판단불가,,현재 자동 검증 코드북 없음 또는 세부 분류 코드 필요
C13764,C13764-m2,1798,"안 잡힌다는 고등어·오징어, 수출은 왜 늘었을까?",2025-05-19,https://www.chosun.com/economy/economy_general/2025/05/19/AURYAIAY3ZA77FIGY534GIODAY,"수산업관측센터에 따르면, 지난달 연근해 오징어 생산량은 13톤으로 전년 동기(26톤) 대비 50% 급감했다.","지난달 연근해 냉동 오징어 가격은 5987원으로 전년 동월(5833원) 대비 2.6% 올랐고, 이달 들어서는 6085원을 기록하며 3월(6533원) 이후 두 달 만에 다시 6000원대로 올라섰다.","우리나라 연근해에서 잡히는 오징어 품종은 ‘살오징어’로, 볶음이나 무침 등으로 활용한다.",국내공식통계,Y,Y,-,생산·산업,연근해 오징어 생산량,"수산업관측센터, 연근해 오징어 생산량, 전년 동기",-,-,-,-,-,-,-,2025-04,-,M,확정,이전값,26000,-,-,N,톤,수준값,-,전년동월,"수산업관측센터에 따르면, 지난달 연근해 오징어 생산량은 13톤으로 전년 동기(26톤) 대비 50% 급감했다.",high,N,-,HCX-007,v1.0-hcx,2026-07-15,,,,,,data/claims/kosis_indicator_codebook.csv,,,,판단불가,,현재 자동 검증 코드북 없음 또는 세부 분류 코드 필요
C18959,-,2485,관세 협상 와중에… 韓·日 동맹국에 거세지는 美 농업 분야 압박,2025-07-11,https://www.chosun.com/economy/economy_general/2025/07/11/BPX33NHQDVE5VLU4Z7WBZQQYAA,"한편 한국은 일정 물량(연간 40만8700t)만 5%의 저율 관세로 들여오고 있어, 한국이 일본 다음으로 쌀 시장 개방 압박을 받게 될 것이란 전망도 나온다.",정부 관계자는 “ITC가 시뮬레이션까지 돌려가며 개별 품목에 대해 분석을 내놓는 것은 이례적”이라며 “쌀 시장 개방이 단순히 협상 카드로 쓰이는 게 아니라는 신호”라고 했다.,-,국내공식통계,N,N,정보부족,무역,저율 관세 적용 물량,"한국, 일본, 쌀 시장 개방, 저율 관세, ITC",전국,-,-,쌀,-,-,-,2025,-,-,확정,-,-,-,-,-,-,-,-,-,"한편 한국은 일정 물량(연간 40만8700t)만 5%의 저율 관세로 들여오고 있어,",high,N,-,HCX-007,v1.0-hcx,2026-07-15,,,,,,data/claims/kosis_indicator_codebook.csv,,,,판단불가,,verifiable_kosis=N
C04067,-,513,美 보편관세 부과땐... 작년 한국 수출액의 1.9% 날아간다,2025-02-09,https://www.chosun.com/economy/industry-company/2025/02/09/Q7MADBZN2RG77FHRLLCOZSLZLA,"미국의 수입 상위 30국 중 칠레(-2.26%), 호주(-7.04%), 일본(-7.32%)에 이어 넷째로 적게 감소할 것으로 분석됐다.",다만 이 같은 경우에도 우리나라의 대미 수출 감소 폭은 다른 국가와 비교하면 그리 크지 않을 것으로 전망됐다.,한국무역협회 양지원 수석연구원은 “현재까지 언급된 트럼프 2기 행정부의 특정국 관세 조치가 우리 수출에 미치는 영향은 대체로 제한적이고 아직까지는 보편관세에 대한 구체적인 움직임은 나타나지 않고 있다”고 했다.,국제무역,N,N,정보부족,무역,대미 수출 감소율,"미국, 수입 상위 30국, 칠레, 호주, 일본, 한국",-,-,-,-,-,-,미국,2025,-,-,확정,-,-,-,-,-,-,-,-,-,"미국의 수입 상위 30국 중 칠레(-2.26%), 호주(-7.04%), 일본(-7.32%)에 이어 넷째로 적게 감소할 것으로 분석됐다.",high,N,-,HCX-007,v1.0-hcx,2026-07-15,,,,,,data/claims/kosis_indicator_codebook.csv,,,,판단불가,,verifiable_kosis=N
C07443,-,940,"2000달러 넘은 지 5년도 안 됐는데, 국제 금값 3000달러 돌파",2025-03-14,https://www.chosun.com/economy/economy_general/2025/03/14/2I352RUEAZBIDBRAQHUB5THIIU,"미국이 12일 철강·알루미늄에 25% 관세를 부과하기 시작하자, 유럽연합(EU)은 미국 버번 위스키 등에 대한 관세 보복 계획을 발표했다.",최근 도널드 트럼프 미 대통령이 점화한 글로벌 관세 전쟁이 격화하는 조짐을 보이고 있다.,트럼프 대통령은 13일 이를 비난하며 샴페인 등 EU산 주류에 200% 관세 부과를 경고했다.,국제무역,N,N,정보부족,무역,-,"미국, 철강, 알루미늄, 관세, 유럽연합, EU, 버번 위스키, 관세 보복 계획",-,-,-,"철강, 알루미늄, 버번 위스키",-,미국,유럽연합,2025,-,-,확정,-,-,-,-,-,-,-,-,-,"미국이 12일 철강·알루미늄에 25% 관세를 부과하기 시작하자, 유럽연합(EU)은 미국 버번 위스키 등에 대한 관세 보복 계획을 발표했다.",high,N,-,HCX-007,v1.0-hcx,2026-07-15,,,,,,data/claims/kosis_indicator_codebook.csv,,,,판단불가,,verifiable_kosis=N
C06021,-,761,미국 개인소비지출 물가 2.5% 상승... 금리 동결 가능성 높여,2025-02-28,https://www.chosun.com/economy/economy_general/2025/02/28/75QTB6FPENCFRFP4MGNPZMTSQA,"연준 기준금리를 전망하는 시카고 상품거래소의 페드워치툴에 따르면 연준이 3월 회의에서 금리를 동결할 확률이 94.5%에 달하며, 상반기 내내 기준 금리를 그대로 유지할 가능성도 30%를 넘는다.",연준이 오는 3월 19일 기준금리를 결정하는 연방공개시장위원회에서 금리를 동결할 가능성이 더 높아졌다고 CNBC는 전했다.,-,전망·목표,N,N,전망·예측,금융·금리,금리 동결 확률,"페드워치툴, 금리 동결, 가능성",-,-,-,-,-,-,-,2025M3,-,M,확정,-,-,-,-,-,-,-,-,-,"연준 기준금리를 전망하는 시카고 상품거래소의 페드워치툴에 따르면 연준이 3월 회의에서 금리를 동결할 확률이 94.5%에 달하며, 상반기 내내 기준 금리를 그대로 유지할 가능성도 30%를 넘는다.",high,N,-,HCX-007,v1.0-hcx,2026-07-15,,,,,,data/claims/kosis_indicator_codebook.csv,,,,판단불가,,verifiable_kosis=N
C15157,-,1993,“관세 10% 높아지면 美물가 0.3%p 오를 것… 그 영향은 일시적”,2025-06-03,https://www.chosun.com/economy/economy_general/2025/06/03/5PQFJXPLEFAZ5AU5OA7OH4XR4A,연준은 지난해 12월 기준금리를 연 4.25~4.5%로 인하한 뒤 동결을 이어가고 있다.,연준의 대표적 매파(통화 긴축 선호) 인사로 꼽히는 월러 이사는 올 들어 금리 인하 주장을 이어가고 있다.,한국은행 기준금리(연 2.5%)와 차이는 상단 기준 2%포인트다.,해외통계·정책,N,N,해외통계,금융·금리,기준금리,"연준, 기준금리, 인하, 동결",-,-,-,-,-,-,-,2024T12,-,T,확정,-,-,-,-,-,-,-,-,-,연준은 지난해 12월 기준금리를 연 4.25~4.5%로 인하한 뒤 동결을 이어가고 있다.,high,N,-,HCX-007,v1.0-hcx,2026-07-15,,,,,,data/claims/kosis_indicator_codebook.csv,,,,판단불가,,verifiable_kosis=N
C05760,-,735,高환율·高물가 부담에도 내수 먼저 살린다,2025-02-26,https://www.chosun.com/economy/economy_general/2025/02/26/3GHXEPBB2VAFXF5D63JKOXI6DM,0 25일 한국은행이 기준금리를 연 2.75%로 0.25%포인트 내리면서 2022년 10월 이후 2년여 만에 2%대 기준금리 시대에 들어섰다.,-,이날 금리 인하는 금융통화위원회 위원 7명의 만장일치로 이뤄졌다.,국내공식통계,N,N,정보부족,금융·금리,기준금리,"한국은행, 기준금리, 연 2.75%",-,-,-,-,-,-,-,2025,-,Y,확정,-,-,-,-,-,-,-,-,-,25일 한국은행이 기준금리를 연 2.75%로 0.25%포인트 내리면서 2022년 10월 이후 2년여 만에 2%대 기준금리 시대에 들어섰다.,high,N,-,HCX-007,v1.0-hcx,2026-07-15,,,,,,data/claims/kosis_indicator_codebook.csv,,,,판단불가,,verifiable_kosis=N
C15158,-,1993,“관세 10% 높아지면 美물가 0.3%p 오를 것… 그 영향은 일시적”,2025-06-03,https://www.chosun.com/economy/economy_general/2025/06/03/5PQFJXPLEFAZ5AU5OA7OH4XR4A,한국은행 기준금리(연 2.5%)와 차이는 상단 기준 2%포인트다.,연준은 지난해 12월 기준금리를 연 4.25~4.5%로 인하한 뒤 동결을 이어가고 있다.,-,국내공식통계,N,N,정보부족,금융·금리,기준금리 차이,"한국은행, 기준금리, 금리차이",-,-,-,-,-,-,-,2025,-,-,확정,-,-,-,-,-,-,-,-,-,한국은행 기준금리(연 2.5%)와 차이는 상단 기준 2%포인트다.,high,N,-,HCX-007,v1.0-hcx,2026-07-15,,,,,,data/claims/kosis_indicator_codebook.csv,,,,판단불가,,verifiable_kosis=N
C08024,-,1033,파월 “불확실성 커져”… 美 성장률 1%대로 확 낮춰,2025-03-21,https://www.chosun.com/economy/economy_general/2025/03/21/4VPXUU6KNJDARE4AUFBPMVSJZY,"파월 의장은 2021년 코로나 팬데믹 여파로 미국 물가가 오를 조짐을 보이자 공급망 교란 등으로 인한 ‘일시적’ 상승이라고 표현했다가 금리 인상 시기를 놓치고, 이듬해 네 번 연속 0.75%포인트씩 금리를 급격하게 올려 글로벌 금융시장을 충격에 빠뜨렸다는 지적을 받고 있다.",그러나 파월이 사용한 ‘일시적’이라는 단어는 당장 파월의 ‘흑역사’를 소환했다.,‘일시적’이란 표현에 트럼프 진영은 반색했다.,해외통계·정책,N,N,해외통계,물가,미국 물가 상승,"코로나 팬데믹, 공급망 교란, 금리 인상",-,-,-,-,-,-,-,2021,-,-,확정,-,-,-,-,-,-,-,-,-,"파월 의장은 2021년 코로나 팬데믹 여파로 미국 물가가 오를 조짐을 보이자 공급망 교란 등으로 인한 '일시적' 상승이라고 표현했다가 금리 인상 시기를 놓치고, 이듬해 네 번 연속 0.75%포인트씩 금리를 급격하게 올려 글로벌 금융시장을 충격에 빠뜨렸다는 지적을 받고 있다.",mid,N,-,HCX-007,v1.0-hcx,2026-07-15,,,,,,data/claims/kosis_indicator_codebook.csv,,,,판단불가,,verifiable_kosis=N
C10196,-,1315,트럼프 3대 오판… 시장·물가·중국이 반대로 갔다,2025-04-12,https://www.chosun.com/economy/economy_general/2025/04/12/JLHIBRZXPRDS5GQNYDATAVUEAQ,반대로 독일 국채 10년물의 가치는 3.3% 올랐다.,트럼프가 관세 전쟁을 선포한 뒤 미국 국채 10년물의 가치는 9.5% 떨어졌다.,"같은 기간 달러화의 가치는 3% 떨어졌지만, 달러화에 대한 유로화 가치는 4.3% 올랐다.",해외통계·정책,N,N,해외통계,금융·금리,국채 10년물의 가치 변동,"독일, 국채 10년물, 가치 상승",-,-,-,-,-,-,-,2025,-,-,확정,-,-,-,-,-,-,-,-,-,반대로 독일 국채 10년물의 가치는 3.3% 올랐다.,high,N,-,HCX-007,v1.0-hcx,2026-07-15,,,,,,data/claims/kosis_indicator_codebook.csv,,,,판단불가,,verifiable_kosis=N
C07961,C07961-m1,1022,‘연상녀·연하남’ 초혼 부부 비중 19.9% 역대 최대,2025-03-20,https://www.chosun.com/economy/economy_general/2025/03/20/KH26XILK7FGYPGUVBBDUA2B3OU,"20일 통계청이 발표한 ‘2024년 혼인·이혼 통계’에 따르면, 작년 전체 혼인 건수는 22만2400건으로, 지난 2020년 21만3500건 이후 4년 만에 20만건을 넘어섰다.","여성의 경제활동이 늘어나고, 청년 세대가 배우자의 나이보다는 경제적 여건 등을 더 많이 따지면서 ‘연상녀와 연하남’ 커플이 증가한 것으로 풀이된다.","이 가운데 아내와 남편 모두 초혼인 건수는 17만8700건(80.4%)으로, 지난 2000년(81.9%) 이후 24년 만에 80%선을넘었다.",국내공식통계,Y,Y,-,인구,혼인 건수,"혼인, 이혼, 통계청, 초혼",-,-,-,-,-,-,-,2024,-,Y,확정,현재값,222400,-,-,N,건,수준값,-,2020,"작년 전체 혼인 건수는 22만2400건으로, 지난 2020년 21만3500건 이후 4년 만에 20만건을 넘어섰다.",high,N,-,HCX-007,v1.0-hcx,2026-07-15,101,DT_1B8000F,41,,T1,data/claims/kosis_indicator_codebook.csv,222412.0,2024,,일치,5.3953923349459565e-05,"수준값 actual_value 사용; 상대오차=0.000, 허용=0.05; 인구동태건수 및 동태율 추이 - 혼인건수"
C17296,C17296-m1,2270,"집값 전망, 2021년 ‘패닉 바잉’ 수준 급등… 6월 소비 심리도 4년 만에 최고",2025-06-24,https://www.chosun.com/economy/economy_general/2025/06/24/PHDB22AUNFBG3CCYK7NCV6DPJY,주요 지수 6개를 이용해 산출하는 전체 소비자심리지수(CCSI)도 4년 만에 최고 수준을 기록하며 소비 심리가 회복하는 모습을 보였다.,"한국부동산원에 따르면, 올 들어 지난 20일까지 서울 아파트 가격 누적 상승률은 2.65%로 전년 동기(0.16%)보다 상승세가 매우 가파르다.",6월 소비자심리지수는 108.7로 전월(101.8)보다 6.9포인트 올랐다.,국내공식통계,Y,Y,-,소비자·서비스,소비자심리지수(CCSI),"주요 지수, 소비자심리지수, CCSI",전국,-,-,-,-,-,-,2025M6,-,M,확정,현재값,108.7,-,-,N,-,수준값,증가,전월,6월 소비자심리지수는 108.7로 전월(101.8)보다 6.9포인트 올랐다.,high,N,-,HCX-007,v1.0-hcx,2026-07-15,,,,,,data/claims/kosis_indicator_codebook.csv,,,,판단불가,,자동 매핑 룰 없음
C17296,C17296-m2,2270,"집값 전망, 2021년 ‘패닉 바잉’ 수준 급등… 6월 소비 심리도 4년 만에 최고",2025-06-24,https://www.chosun.com/economy/economy_general/2025/06/24/PHDB22AUNFBG3CCYK7NCV6DPJY,주요 지수 6개를 이용해 산출하는 전체 소비자심리지수(CCSI)도 4년 만에 최고 수준을 기록하며 소비 심리가 회복하는 모습을 보였다.,"한국부동산원에 따르면, 올 들어 지난 20일까지 서울 아파트 가격 누적 상승률은 2.65%로 전년 동기(0.16%)보다 상승세가 매우 가파르다.",6월 소비자심리지수는 108.7로 전월(101.8)보다 6.9포인트 올랐다.,국내공식통계,Y,Y,-,소비자·서비스,소비자심리지수(CCSI),"주요 지수, 소비자심리지수, CCSI",전국,-,-,-,-,-,-,2025M6,-,M,확정,이전값,101.8,-,-,N,-,수준값,-,전월,6월 소비자심리지수는 108.7로 전월(101.8)보다 6.9포인트 올랐다.,high,N,-,HCX-007,v1.0-hcx,2026-07-15,,,,,,data/claims/kosis_indicator_codebook.csv,,,,판단불가,,자동 매핑 룰 없음
C04129,-,519,"‘연 9%대’ 청년도약계좌 신청, 올해 들어 5배 이상 급증",2025-02-09,https://www.chosun.com/economy/money/2025/02/09/4SL5TSLL7KPMWQWY3QNXI2LUU4,"금융위원회는 청년도약계좌의 긴 만기 부담을 덜기 위해 혼인·출산 등을 포함한 특별중도해지를 폭넓게 인정하고 있으며, 3년 이상 유지 시 해지해도 연 최대 7% 후반대의 수익효과를 보장한다.",정부도 청년들의 가입을 독려하기 위해 다양한 ‘당근’을 제시하고 있다.,"부분인출 서비스, 신용점수 가점, 청년주택드림청약통장과의 연계 강화 등도 정부가 내놓은 대표 유인책들이다.",개별기업,N,N,개별기업,금융·금리,수익효과,"청년도약계좌, 특별중도해지, 부분인출 서비스, 신용점수 가점, 청년주택드림청약통장",-,청년,-,-,-,-,-,2025,-,Y,확정,-,-,-,-,-,-,-,-,-,3년 이상 유지 시 해지해도 연 최대 7% 후반대의 수익효과를 보장한다.,mid,N,-,HCX-007,v1.0-hcx,2026-07-15,,,,,,data/claims/kosis_indicator_codebook.csv,,,,판단불가,,verifiable_kosis=N
C02325,-,312,“對美 수출 50%가 美 제조업 부흥·MAGA 위한 것”,2025-01-24,https://www.chosun.com/economy/industry-company/2025/01/24/B2VTXBPKAJCRBN2E3LVAVYALP4,"미 관세법에 따르면, 한 기업이 다른 기업의 지분율 5% 이상을 보유하고 있는 경우 관계사에 해당한다.","한국무역협회 분석에 따르면, 한국의 대미 수출 가운데 관계사 간 거래 비율은 2015년 이후 꾸준히 60% 안팎을 기록하고 있고 지난해에도 58%를 차지했다.","무역업계 관계자는 “한국의 대미 수출은 미국 투자에 필요한 설비나 건설용 장비를 판매하고, 미국 내 생산을 위해 소재·부품을 수출하는 등 관계사 간 거래 비율이 높다는 특징이 있다”고 했다.",기타,N,N,정보부족,기타,-,"관계사, 지분율, 5%",-,-,-,-,-,-,-,-,-,-,확정,-,-,-,-,-,-,-,-,-,"미 관세법에 따르면, 한 기업이 다른 기업의 지분율 5% 이상을 보유하고 있는 경우 관계사에 해당한다.",high,N,-,HCX-007,v1.0-hcx,2026-07-15,,,,,,data/claims/kosis_indicator_codebook.csv,,,,판단불가,,verifiable_kosis=N
C02496,-,331,"무 96%↑, 배추 52%↑, 고등어 45%↑... 설 성수품 가격 껑충",2025-01-26,https://www.chosun.com/economy/market_trend/2025/01/26/MJJWQLTXR5H2HCRL7AJYC3DYFE,사과(후지·상품 기준)는 10개에 2만6872원으로 1년 전보다 0.9% 내렸다.,평년 가격과 비교해도 40.4% 비싸다.,다만 평년 가격과 비교하면 4.3% 높다.,국내공식통계,N,N,정보부족,물가,사과 가격,"사과, 후지, 상품, 10개, 2만6872원, 1년 전, 0.9%",-,-,-,-,-,-,-,2024,-,Y,확정,-,-,-,-,-,-,-,-,-,사과(후지·상품 기준)는 10개에 2만6872원으로 1년 전보다 0.9% 내렸다.,high,N,-,HCX-007,v1.0-hcx,2026-07-15,,,,,,data/claims/kosis_indicator_codebook.csv,,,,판단불가,,verifiable_kosis=N
C03188,-,404,7년 뒤 ‘지구 충돌’ 가능성 1.2% 소행성 발견… 지름 최대 100m 추정,2025-02-01,https://www.chosun.com/economy/science/2025/02/01/H3NMF2RK4G7YGQR6QWBKHNOBBQ,NASA 산하 지구근접천체연구센터(CNEOS) 측은 “당장의 우선순위는 계속해서 관측하고 2032년 위치의 불확실성을 줄이는 것”이라고 전했다.,소행성은 수천 년에 한 번씩 지구와 충돌해 왔다는 판단에서다.,-,기타,N,N,정보부족,기타,-,"NASA, CNEOS, 지구근접천체연구센터, 관측, 2032년",-,-,-,-,-,-,-,2032,-,H,확정,-,-,-,-,-,-,-,-,-,NASA 산하 지구근접천체연구센터(CNEOS) 측은 “당장의 우선순위는 계속해서 관측하고 2032년 위치의 불확실성을 줄이는 것”이라고 전했다.,low,Y,기사의 맥락과 관련하여 구체적인 통계적 주장보다는 계획이나 목표에 대한 설명이므로.,HCX-007,v1.0-hcx,2026-07-15,,,,,,data/claims/kosis_indicator_codebook.csv,,,,판단불가,,verifiable_kosis=N
C03423,-,433,수입차도 실용성이 대세… SUV가 세단 제쳤다,2025-02-03,https://www.chosun.com/economy/auto/2025/02/03/TZM5MDULLRCDHK33ENHJNRDMF4,"1년 전과 비교해서 수입 SUV 판매량은 5% 안팎 늘었지만, 같은 기간 수입 세단 판매량은 9% 안팎 줄었기 때문이다.","2일 한국수입자동차협회(KAIDA)에 따르면, 지난해 국내에서 판매된 수입 SUV는 12만7754대로 집계돼 세단(12만6881대)보다 많았다.","작년 경기 부진과 고가 법인 차에 연두색 번호판을 붙이는 정책 시행으로 전체 수입차 판매량은 1년 전보다 3% 안팎 줄었지만, SUV는 오히려 판매량이 늘었다.",국내공식통계,N,N,정보부족,무역,수입 SUV 및 수입 세단 판매량 변화율,"수입 SUV, 수입 세단, 판매량, 전년 대비 증감률",-,-,-,-,-,-,-,2024,-,-,확정,-,-,-,-,-,-,-,-,-,"1년 전과 비교해서 수입 SUV 판매량은 5% 안팎 늘었지만, 같은 기간 수입 세단 판매량은 9% 안팎 줄었기 때문이다.",high,N,-,HCX-007,v1.0-hcx,2026-07-15,,,,,,data/claims/kosis_indicator_codebook.csv,,,,판단불가,,verifiable_kosis=N
C04896,C04896-m1,621,"지난달 제조업 취업자, 12년 만에 가장 적어",2025-02-17,https://www.chosun.com/economy/economy_general/2025/02/17/S73YKZJAG5G6RMIWCEKFVLGH2Q,"지난달 도소매 취업자 수는 1년 전보다 9만1000명 줄어든 318만3000명으로, 2013년 관련 통계 집계 이후 1월 기준 역대 최저다.",내수 업종 고용 상황은 악화일로다.,"건설업 취업자 수도 1년 새 16만9000명이나 줄어, 2013년 이후 모든 월 기준 가장 큰 낙폭을 기록했다.",국내공식통계,Y,Y,-,고용,도소매 취업자 수,"도소매, 취업자 수, 1년 전, 9만1000명 감소, 2013년 통계 집계",-,-,-,도소매,-,-,-,2024M01,-,M,확정,현재값,31830000,-,-,N,명,수준값,감소,전년동월,"지난달 도소매 취업자 수는 1년 전보다 9만1000명 줄어든 318만3000명으로, 2013년 관련 통계 집계 이후 1월 기준 역대 최저다.",high,N,-,HCX-007,v1.0-hcx,2026-07-15,,,,,,data/claims/kosis_indicator_codebook.csv,,,,판단불가,,산업별 취업자 표/산업분류 코드 필요
C04896,C04896-m2,621,"지난달 제조업 취업자, 12년 만에 가장 적어",2025-02-17,https://www.chosun.com/economy/economy_general/2025/02/17/S73YKZJAG5G6RMIWCEKFVLGH2Q,"지난달 도소매 취업자 수는 1년 전보다 9만1000명 줄어든 318만3000명으로, 2013년 관련 통계 집계 이후 1월 기준 역대 최저다.",내수 업종 고용 상황은 악화일로다.,"건설업 취업자 수도 1년 새 16만9000명이나 줄어, 2013년 이후 모든 월 기준 가장 큰 낙폭을 기록했다.",국내공식통계,Y,Y,-,고용,도소매 취업자 수,"도소매, 취업자 수, 1년 전, 9만1000명 감소, 2013년 통계 집계",-,-,-,도소매,-,-,-,2024M01,-,M,확정,이전값,32700000,-,-,N,명,수준값,-,전년동월,"지난달 도소매 취업자 수는 1년 전보다 9만1000명 줄어든 318만3000명으로, 2013년 관련 통계 집계 이후 1월 기준 역대 최저다.",high,N,-,HCX-007,v1.0-hcx,2026-07-15,,,,,,data/claims/kosis_indicator_codebook.csv,,,,판단불가,,산업별 취업자 표/산업분류 코드 필요
C05040,-,641,현대차 年100만대 ‘美 관세 폭격’ 땐... 영업익 35% 줄어,2025-02-19,https://www.chosun.com/economy/auto/2025/02/19/JED6ZDX5LFHF5N4F3IGNW6UE7U,"일각에서 메타플랜트 부지의 여유 공간을 감안했을 때 연 20만대 증설이 가능하고, 이 경우 지난해 미국 판매량의 70% 정도를 현지에서 생산할 수 있다는 분석이 나오지만, 부품 생태계와 현지 시장 규모 등을 감안할 때 쉽지 않다는 부정적 분석도 나오는 실정이다.",갓 지은 새 공장이 아직 공식 준공식도 하지 않은 상황에서 추가 증설을 결정해야 할 판국이다.,"한 자동차 업계 관계자는 “현대차·기아의 연간 생산 규모가 350만대에 이르고, 수십 년 전부터 공장을 가동해 온 국내와 달리 해외에선 주요 인기 차종 위주로 전략적 생산을 하는 게 일반적”이라며 “단순한 산술로 단기간에 생산을 늘리기는 어렵다”고 했다.",개별기업,N,N,개별기업,생산·산업,연 20만대 증설 가능성,"메타플랜트 부지, 여유 공간, 연 20만대 증설, 미국 판매량, 현지 생산",-,-,-,자동차 산업,-,-,-,2025,-,-,확정,-,-,-,-,-,-,-,-,-,"일각에서 메타플랜트 부지의 여유 공간을 감안했을 때 연 20만대 증설이 가능하고, 이 경우 지난해 미국 판매량의 70% 정도를 현지에서 생산할 수 있다는 분석이 나오지만, 부품 생태계와 현지 시장 규모 등을 감안할 때 쉽지 않다는 부정적 분석도 나오는 실정이다.",mid,N,-,HCX-007,v1.0-hcx,2026-07-15,,,,,,data/claims/kosis_indicator_codebook.csv,,,,판단불가,,verifiable_kosis=N
C05433,-,694,국민 55%가 ‘국장’보다 ‘미장’ 택했다… 5大 이유는,2025-02-23,https://www.chosun.com/economy/industry-company/2025/02/23/5ITJOS7PGRDMTF5TTMBFSZDAMU,"어느 시장을 선호하느냐는 질문에 응답자의 54.5%는 미국 증시를, 23.1%는 국내 증시를 좋아한다고 답했다.","대한상공회의소는 최근 국민 1505명을 대상으로 ‘한·미 자본시장에 대한 인식’ 관련 설문 조사를 한 결과, 이 같이 나타났다고 23일 밝혔다.",미국 증시 투자의 이유로는 기업의 혁신성·수익성(27.2%)을 첫 손에 꼽았다.,여론조사·설문,N,N,여론조사·설문,기타,미국 증시와 국내 증시 선호도,"응답자, 미국 증시, 국내 증시, 선호도",-,-,-,-,국민,-,-,2025,-,-,확정,-,-,-,-,-,-,-,-,-,"응답자의 54.5%는 미국 증시를, 23.1%는 국내 증시를 좋아한다고 답했다.",high,N,-,HCX-007,v1.0-hcx,2026-07-15,,,,,,data/claims/kosis_indicator_codebook.csv,,,,판단불가,,verifiable_kosis=N
C05561,-,709,“올 취업자수 최대 6만명 줄 것”… ‘인구 오너스 시대’ 오나,2025-02-24,https://www.chosun.com/economy/economy_general/2025/02/24/AXTTAUKCC5FQNGJDVW7EUZW55Y,"통계청 장래인구추계에 따르면, 2020년생이 대학에 가는 2040년(2903만명)에는 생산연령인구가 3000만명 아래로 떨어질 것으로 예상된다.",특히 2020년생(27만2000명)부터는 연간 출생아 수가 20만명대로 쪼그라들었기 때문에 취업자 수가 자연 감소하는 속도는 더욱 빨라질 것으로 보인다.,인력 공급이 자연 감소하면서 제조업 등은 산업 근간까지 흔들릴 우려가 있다.,국내공식통계,N,N,정보부족,인구,생산연령인구,"통계청, 장래인구추계, 생산연령인구, 2040년",-,-,-,-,-,-,-,2040,-,Y,확정,-,-,-,-,-,-,-,-,-,"통계청 장래인구추계에 따르면, 2020년생이 대학에 가는 2040년에는 생산연령인구가 3000만명 아래로 떨어질 것으로 예상된다.",high,N,-,HCX-007,v1.0-hcx,2026-07-15,,,,,,data/claims/kosis_indicator_codebook.csv,,,,판단불가,,verifiable_kosis=N
C05676,-,723,금리 0.25%p 내린 한은... 관세 폭탄·내수 부진에 경기 살리기 선택,2025-02-25,https://www.chosun.com/economy/economy_general/2025/02/25/2RBIFVNKT5ELXID4FUQCFM63G4,"씨티는 올해 한국 성장률을 1.4%로 전망하며 미국이 한국 자동차, 반도체 및 의약품에 25% 관세를 부과할 경우 0.2%포인트 더 내려갈 것으로 봤다.","BofA는 “미국 관세 인상, 미 연준의 통화정책, 중국 AI 이슈 등 한국 경제 관련 불확실성이 증가했다”며 올해 경제성장률 전망을 1.8%에서 1.5%로 조정했다.","◇환율, 물가는 어쩌나 한은이 금리를 내렸지만 높은 환율과 물가는 부담이다.",전망·목표,N,N,전망·예측,경제성장률,한국 성장률,"씨티, 한국 성장률, 미국 관세, 자동차, 반도체, 의약품, 25%",-,-,-,-,-,-,-,2025,-,Y,확정,-,-,-,-,-,-,-,-,-,"씨티는 올해 한국 성장률을 1.4%로 전망하며 미국이 한국 자동차, 반도체 및 의약품에 25% 관세를 부과할 경우 0.2%포인트 더 내려갈 것으로 봤다.",high,N,-,HCX-007,v1.0-hcx,2026-07-15,,,,,,data/claims/kosis_indicator_codebook.csv,,,,판단불가,,verifiable_kosis=N
C06194,-,782,"현대차·기아, 미국서 2월 역대 최고 판매 기록... 인기 모델은?",2025-03-02,https://www.chosun.com/economy/auto/2025/03/02/2S2KEUKALNH3DJRAMAWM62SEG4,현대차 미국판매법인은 지난 2월 현지 판매량이 지난해 같은 달(6만341대)보다 3% 증가한 6만2032대를 나타냈다고 1일(현지 시각) 밝혔다.,"도널드 트럼프 미 대통령의 자동차 관세 위협이 날로 거세지며, 한국산(産) 차량 가격이 앞으로 인상될 가능성이 큰 상황에서 하이브리드차를 비롯해 수입 모델을 중심으로 인기가 높았다.","역대 2월 기준 최고치로, 올 1~2월 합계 판매량은 작년보다 8% 증가한 11만6535대에 달했다.",개별기업,Y,N,개별기업,소매·소비,미국 내 현대차 판매량,"현대차, 미국판매법인, 현지 판매량, 전년 동월 대비 증가율, 2월",-,-,-,자동차,-,-,-,2025-02,-,M,확정,-,-,-,-,-,-,-,-,-,현대차 미국판매법인은 지난 2월 현지 판매량이 지난해 같은 달(6만341대)보다 3% 증가한 6만2032대를 나타냈다고 1일(현지 시각) 밝혔다.,high,N,-,HCX-007,v1.0-hcx,2026-07-15,,,,,,data/claims/kosis_indicator_codebook.csv,,,,판단불가,,verifiable_kosis=N
C06735,-,849,"연두색 번호판 탓?… 고가 수입차, 영리치 대신 50대가 사",2025-03-07,https://www.chosun.com/economy/auto/2025/03/07/MPF2ABV3MRHA5FPAADA7BX4PMA,40대(1만191명·4.3% 증가)에 이어 2위였다.,"6일 한국수입자동차협회(KAIDA)에 따르면, 작년 1억원이 넘는 고가 수입차를 구매한 50대(6229명)는 전년 대비 1.5% 늘어 역대 최고치를 기록했다.",다른 연령대에선 반면 판매가 줄었다.,개별기업,N,N,개별기업,소득·임금,고가 수입차 구매자 수,"한국수입자동차협회, 고가 수입차, 40대, 1만191명, 4.3% 증가",-,40대,-,고가 수입차,-,-,-,2024,-,-,확정,-,-,-,-,-,-,-,-,-,40대(1만191명·4.3% 증가)에 이어 2위였다.,high,N,-,HCX-007,v1.0-hcx,2026-07-15,,,,,,data/claims/kosis_indicator_codebook.csv,,,,판단불가,,verifiable_kosis=N
C07674,-,972,핫한 한화그룹 제쳤다… 한 달 수익률 24% 찍은 포스코그룹 ETF,2025-03-16,https://www.chosun.com/economy/money/2025/03/16/AR4IKGLWASXFZVHWXATRLDPWKY,"한편 ACE 포스코그룹포커스는 한국투자신탁운용이 지난 2023년에 상장한 국내 최초 포스코그룹주 ETF로 에프앤가이드가 산출·발표하는 ‘FnGuide 포스코그룹 포커스 지수’를 추종하고, 포스코그룹주 6개 및 포스코그룹과 동일한 업종 내 시가총액 상위 종목을 편입한 것이 특징이다.",ACE 포스코그룹포커스에 편입된 포스코인터내셔널(35%)과 포스코홀딩스(22%) 등의 주가는 최근 한 달 동안 두 자릿수 상승률을 보였다.,코스피 코스닥 증권,개별기업,N,N,개별기업,-,-,"ACE 포스코그룹포커스, 한국투자신탁운용, 상장, ETF, 에프앤가이드, FnGuide 포스코그룹 포커스 지수, 포스코그룹주 6개, 시가총액 상위 종목",-,-,-,-,-,-,-,2023,-,-,확정,-,-,-,-,-,-,-,-,-,"한국투자신탁운용이 지난 2023년에 상장한 국내 최초 포스코그룹주 ETF로 에프앤가이드가 산출·발표하는 ‘FnGuide 포스코그룹 포커스 지수’를 추종하고, 포스코그룹주 6개 및 포스코그룹과 동일한 업종 내 시가총액 상위 종목을 편입한 것",high,N,-,HCX-007,v1.0-hcx,2026-07-15,,,,,,data/claims/kosis_indicator_codebook.csv,,,,판단불가,,verifiable_kosis=N
C07690,-,975,[주간증시전망] 500만 삼성전자 주주의 이목이 젠슨 황 엔비디아 CEO에 쏠린다,2025-03-16,https://www.chosun.com/economy/money/2025/03/16/C3CXZIPCQK2OEVB7B53OSGSMGE,10일 코스피 지수가 2550선에서 거래를 시작해 14일에는 2560선을 넘어 마감했다.,지난주(3월 10~14일) 국내 증시는 소폭 상승했다.,미국 증시가 큰 폭 하락하면서 조정기에 진입했다는 진단까지 나왔지만 우리 증시는 비교적 선방했다는 평가다.,국내공식통계,N,N,정보부족,금융·금리,코스피지수,"코스피, 지수, 거래",-,-,-,-,-,-,-,20250310,-,D,확정,-,-,-,-,-,-,-,-,-,10일 코스피 지수가 2550선에서 거래를 시작해 14일에는 2560선을 넘어 마감했다.,high,N,-,HCX-007,v1.0-hcx,2026-07-15,,,,,,data/claims/kosis_indicator_codebook.csv,,,,판단불가,,verifiable_kosis=N
C08006,-,1030,무뇨스 “신형 전기차 21종·하이브리드에 900억달러 투자”,2025-03-21,https://www.chosun.com/economy/auto/2025/03/21/FQOYF45RDJG4HNFAFSR3363TIE,"SNE리서치에 따르면, 작년 글로벌 전기차 판매량에서 중국 비율은 65.9%로 1년 새 6%포인트 안팎 늘었다.",전기차 캐즘 속에 현대차 점유율이 1% 수준에 그치는 중국 전기차 시장만 급성장하고 있단 점도 악재다.,반면 2위 유럽(17.6%)과 3위 미국(10.4%) 모두 재작년 대비 비율이 줄었다.,해외통계·정책,Y,N,해외통계,무역,글로벌 전기차 판매량 중 중국 비율,"SNE리서치, 글로벌 전기차 판매량, 중국 비율, 1년 새",-,-,-,전기차,-,-,-,2024,-,Y,확정,-,-,-,-,-,-,-,-,-,"SNE리서치에 따르면, 작년 글로벌 전기차 판매량에서 중국 비율은 65.9%로 1년 새 6%포인트 안팎 늘었다.",high,N,-,HCX-007,v1.0-hcx,2026-07-15,,,,,,data/claims/kosis_indicator_codebook.csv,,,,판단불가,,verifiable_kosis=N
C10113,-,1303,"1~10일 수출 13.7% 증가, 일평균 0.3% 늘어...대미 수출은 0.6% 감소",2025-04-11,https://www.chosun.com/economy/economy_general/2025/04/11/JLLHJ2T7UBE6ZOJH4H6O2GZX4I,"11일 관세청에 따르면, 지난 1~10일 수출액은 185억8400만달러로 전년 동기(163만5200만달러) 대비 13.7% 늘었다.",이 기간 대(對)미국 수출은 관세 전쟁 여파로 전년 동기 대비 0.6% 줄었다.,"다만 이달 초순(1~10일) 조업일수가 작년보다 하루 더 많았던 점을 고려하면, 일평균 수출액 증가폭은 0.3%에 그쳤다.",국내공식통계,N,N,정보부족,무역,수출액,"관세청, 수출액, 전년 동기",-,-,-,-,-,-,-,2025-04-01~2025-04-10,-,D,확정,-,-,-,-,-,-,-,-,-,"11일 관세청에 따르면, 지난 1~10일 수출액은 185억8400만달러로 전년 동기(163만5200만달러) 대비 13.7% 늘었다.",high,N,-,HCX-007,v1.0-hcx,2026-07-15,,,,,,data/claims/kosis_indicator_codebook.csv,,,,판단불가,,verifiable_kosis=N
C10383,-,1338,[주간증시전망] “당분간 전망 큰 의미 없어… 일단 관세 협상 주시”,2025-04-13,https://www.chosun.com/economy/money/2025/04/13/SJ3IUIJJL74BKNQRQC2HXDMLDM,이달 7일 상호 관세가 시행되자 코스피는 5.57% 하락했다.,"결과만 보면 살짝 오르고 내린 수준이지만, 과정을 들여다보면 롤러코스터였다.",작년 8월 5일 ‘검은 월요일’ 이후 최대 낙폭이었다.,개별기업,N,N,개별기업,금융·금리,코스피 하락,"코스피, 하락",-,-,-,-,-,-,-,2025M4,-,M,확정,-,-,-,-,-,-,-,-,-,이달 7일 상호 관세가 시행되자 코스피는 5.57% 하락했다.,high,N,-,HCX-007,v1.0-hcx,2026-07-15,,,,,,data/claims/kosis_indicator_codebook.csv,,,,판단불가,,verifiable_kosis=N
C10723,C10723-m1,1385,"가파른 농촌 소멸의 현실... 작년 농가 수 97만가구, 1년새 2.5% 줄어",2025-04-17,https://www.chosun.com/economy/economy_general/2025/04/17/3OPFBMB5FND7LKAFGEU5LNCDGA,전체어가 인구는 8만7000명에서 8만4000명으로 3.6% 감소했다.,지난해 어가 수는 4만1000가구로 전년(4만2000가구) 대비 2.1% 줄었다.,다만 같은 기간고령 인구 비율은 48.0%에서 50.9%로 2.9%포인트 증가했다.,국내공식통계,Y,Y,-,인구,어가 인구,"어가 인구, 인구 비율",-,-,-,-,-,-,-,2024,-,Y,확정,현재값,84000,-,-,N,명,수준값,감소,전년,전체어가 인구는 8만7000명에서 8만4000명으로 3.6% 감소했다.,high,N,-,HCX-007,v1.0-hcx,2026-07-15,,,,,,data/claims/kosis_indicator_codebook.csv,,,,판단불가,,자동 매핑 룰 없음
C10723,C10723-m2,1385,"가파른 농촌 소멸의 현실... 작년 농가 수 97만가구, 1년새 2.5% 줄어",2025-04-17,https://www.chosun.com/economy/economy_general/2025/04/17/3OPFBMB5FND7LKAFGEU5LNCDGA,전체어가 인구는 8만7000명에서 8만4000명으로 3.6% 감소했다.,지난해 어가 수는 4만1000가구로 전년(4만2000가구) 대비 2.1% 줄었다.,다만 같은 기간고령 인구 비율은 48.0%에서 50.9%로 2.9%포인트 증가했다.,국내공식통계,Y,Y,-,인구,어가 인구,"어가 인구, 인구 비율",-,-,-,-,-,-,-,2024,-,Y,확정,이전값,87000,-,-,N,명,수준값,-,전년,전체어가 인구는 8만7000명에서 8만4000명으로 3.6% 감소했다.,high,N,-,HCX-007,v1.0-hcx,2026-07-15,,,,,,data/claims/kosis_indicator_codebook.csv,,,,판단불가,,자동 매핑 룰 없음
C10936,-,1406,"15일새 14배 폭등, ‘불나방’ 대선 테마주",2025-04-19,https://www.chosun.com/economy/economy_general/2025/04/19/5STRCMIPKJBZTE5DRQ6U4YXBAE,이재명 전 대표의 고향인 경북 안동에 본사를 뒀다는 이유로 테마주로 묶였던 동신건설 주가는 작년 총선 직전 3만850원까지 올랐다가 총선 이튿날 2만원으로 35% 급락했다.,승리한 쪽 테마주도 예외가 아니었다.,상지건설도 18일엔 주가가 12.33% 급락했다.,개별기업,N,N,개별기업,금융·금리,주가 변동률,"동신건설, 주가, 총선 직 후, 총선 이튿 날, 급락",-,-,-,-,-,-,-,2024,-,-,확정,-,-,-,-,-,-,-,-,-,동신건설 주가는 작년 총선 직전 3만850원까지 올랐다가 총선 이튿날 2만원으로 35% 급락했다.,high,N,-,HCX-007,v1.0-hcx,2026-07-15,,,,,,data/claims/kosis_indicator_codebook.csv,,,,판단불가,,verifiable_kosis=N
C12672,-,1656,"한국 외환보유액 10위, 25년 만에 최하위...金 보유 비중 높은 독일이 치고 올라왔다",2025-05-08,https://www.chosun.com/economy/economy_general/2025/05/08/CCOPOV5NE5AMPPILNUNKZB4ZN4,10위는 한은이 2000년 12월 통계 집계 이래 가장 낮은 순위다.,1~9위는 중국·일본·스위스·인도·러시아·대만·사우디·독일·홍콩이 차지했다.,2023년 8월 이후로 우리나라 외환보유액 순위는 9위를 유지해왔다.,국내공식통계,N,N,정보부족,금융·금리,외환보유액 순위,"한국은행, 외환보유액, 순위",-,-,-,-,-,-,-,2000M12,-,M,확정,-,-,-,-,-,-,-,-,-,10위는 한은이 2000년 12월 통계 집계 이래 가장 낮은 순위다.,high,N,-,HCX-007,v1.0-hcx,2026-07-15,,,,,,data/claims/kosis_indicator_codebook.csv,,,,판단불가,,verifiable_kosis=N
C13093,C13093-m1,1713,[모닝] 국내산 삼겹살 값 1년 새 7% 뛰었다,2025-05-12,https://www.chosun.com/economy/economy_general/2025/05/12/UYSKJDKGEZDJREULWV5EIPC4IM,"삼겹살뿐만 아니라 외국산 소고기, 계란 값 등도 오르면서 지난달 축산물 소비자물가는 전년 대비 4.8% 올랐다.",농식품부 관계자는 “올해와 달리 작년 봄철에는 정부의 대대적인 할인 지원으로 가격이 더 떨어진 측면이 있었다”고 했다.,2022년 7월(6.1%) 이후 33개월 만에 최대 상승 폭이다.,국내공식통계,Y,Y,-,물가,축산물 소비자물가,"삼겹살, 외국산 소고기, 계란 값, 축산물 소비자물가",-,-,-,-,-,-,-,2025-04,-,M,확정,현재값,48,-,-,N,%,증감률,증가,전년동월,"삼겹살뿐만 아니라 외국산 소고기, 계란 값 등도 오르면서 지난달 축산물 소비자물가는 전년 대비 4.8% 올랐다.",high,N,-,HCX-007,v1.0-hcx,2026-07-15,,,,,,data/claims/kosis_indicator_codebook.csv,,,,판단불가,,축산물/수산물/가공식품/외식 등 품목 세부 코드 필요
C13157,-,1721,옥석 못 가리는 ‘기술 특례 상장’… 기업 76% 공모가 밑돌아,2025-05-13,https://www.chosun.com/economy/economy_general/2025/05/13/DRKQY2SMOJGKDBJZP2ZPYBDBXI,이는 같은 기간 코스닥 전체 기업의 적자 비율(40.97%)보다 36%포인트 넘게 높은 수준이다.,최근 5년간 기술 특례로 상장한 기업 중 작년에 신규 상장되거나 사업 보고서를 제출하지 않은 13사를 제외한 139사 중 108곳(77.7%)이 지난해 적자를 기록했다.,"평균 부채 비율도 75.22%로, 코스닥 평균(57.11%)보다 20%포인트 가까이 높다.",개별기업,N,N,개별기업,소득·임금,적자 비율,"기술 특례 상장, 코스닥 전체 기업, 적자 비율",-,-,-,-,-,-,-,2020,-,-,확정,-,-,-,-,-,-,-,-,-,이는 같은 기간 코스닥 전체 기업의 적자 비율(40.97%)보다 36%포인트 넘게 높은 수준이다.,high,N,-,HCX-007,v1.0-hcx,2026-07-15,,,,,,data/claims/kosis_indicator_codebook.csv,,,,판단불가,,verifiable_kosis=N
C13312,C13312-m1,1737,청년 고용률 1년째 내리막...20대 후반 실업률 45개월만 최대치,2025-05-14,https://www.chosun.com/economy/economy_general/2025/05/14/O2W4JERT4FGXRKVNYQRYWEVEQY,지난달 제조업 취업자는 439만7000명으로 전년 동월 대비 12만4000명 줄었다.,"제조업과 건설업, 도·소매업 등 경기가 나란히 부진한 게 청년 취업난으로 이어졌다.",이는 지난 2019년 2월(-15만1000명) 이후 6년 2개월 만에 최대 감소폭이다.,국내공식통계,Y,Y,-,고용,제조업 취업자 수,"제조업, 취업자, 고용",-,-,-,제조업,-,-,-,2024M04,-,M,확정,현재값,4397000,-,-,N,명,수준값,-,전년동월,지난달 제조업 취업자는 439만7000명으로 전년 동월 대비 12만4000명 줄었다.,high,N,-,HCX-007,v1.0-hcx,2026-07-15,,,,,,data/claims/kosis_indicator_codebook.csv,,,,판단불가,,산업별 취업자 표/산업분류 코드 필요
C13312,C13312-m2,1737,청년 고용률 1년째 내리막...20대 후반 실업률 45개월만 최대치,2025-05-14,https://www.chosun.com/economy/economy_general/2025/05/14/O2W4JERT4FGXRKVNYQRYWEVEQY,지난달 제조업 취업자는 439만7000명으로 전년 동월 대비 12만4000명 줄었다.,"제조업과 건설업, 도·소매업 등 경기가 나란히 부진한 게 청년 취업난으로 이어졌다.",이는 지난 2019년 2월(-15만1000명) 이후 6년 2개월 만에 최대 감소폭이다.,국내공식통계,Y,Y,-,고용,제조업 취업자 수,"제조업, 취업자, 고용",-,-,-,제조업,-,-,-,2024M04,-,M,확정,증감값,-124000,-,-,N,명,증감량,감소,전년동월,지난달 제조업 취업자는 439만7000명으로 전년 동월 대비 12만4000명 줄었다.,high,N,-,HCX-007,v1.0-hcx,2026-07-15,,,,,,data/claims/kosis_indicator_codebook.csv,,,,판단불가,,산업별 취업자 표/산업분류 코드 필요
C14077,C14077-m1,1853,국제 유가 하락에 4월 생산자물가 전월보다 하락,2025-05-23,https://www.chosun.com/economy/economy_general/2025/05/23/EMZ6BBQZAND4DKNQF5RMMDSQEM,1 지난달 생산자물가지수가 전월에 비해 0.1% 하락했다고 한국은행이 23일 밝혔다.,-,"국제 유가 하락, 농산물 출하량 증가 때문이다.",국내공식통계,Y,Y,-,물가,생산자물가지수,"생산자물가지수, 전월 대비",-,-,-,-,-,-,-,2025M4,-,M,확정,현재값,100,-,-,N,%,수준값,감소,전월,지난달 생산자물가지수가 전월에 비해 0.1% 하락했다.,high,N,-,HCX-007,v1.0-hcx,2026-07-15,301,DT_404Y014,13102134604ACC_CD.*AA,,13103134604999,data/claims/kosis_indicator_codebook.csv,120.14,202504,,불일치,20.14,"수준값 actual_value 사용; 절대오차=20.140, 허용=0.3; 생산자물가지수(기본분류) - 총지수"
C14532,C14532-m1,1917,조선·건설… 숙련 노동자는 정년 60 훌쩍 넘겨서도 일한다,2025-05-28,https://www.chosun.com/economy/economy_general/2025/05/28/5T7IZ3KBY5DIHCWBS2DVG7KKMA,"27일 통계청의 ‘경제활동인구조사’에 따르면, 평생 대부분을 일한 ‘주된 일자리’를 법적 정년 이후인 60~64세에 그만뒀다는 응답자가 지난해 77만명으로 1년 전(73만2000명)보다 5.2% 늘었다.",지난해 60세 정년을 넘겨 일을 그만뒀다고 응답한 퇴직자가 77만명으로 역대 최고치를 기록했다.,55세 정년이 60세로 연장된 2016년(36만2000명)과 비교하면 거의 두 배로 늘었다.,국내공식통계,Y,Y,-,고용,법적 정년 이후 주된 일자리 퇴사자 수,"경제활동인구조사, 법적 정년, 주된 일자리, 퇴사자",-,60~64세,-,-,-,-,-,2024,-,Y,확정,현재값,770000,-,-,N,명,수준값,-,전년,"27일 통계청의 '경제활동인구조사'에 따르면, 평생 대부분을 일한 '주된 일자리'를 법적 정년 이후인 60~64세에 그만뒀다는 응답자가 지난해 77만명으로 1년 전(73만2000명)보다 5.2% 늘었다.",high,N,-,HCX-007,v1.0-hcx,2026-07-15,,,,,,data/claims/kosis_indicator_codebook.csv,,,,판단불가,,자동 매핑 룰 없음
C14532,C14532-m2,1917,조선·건설… 숙련 노동자는 정년 60 훌쩍 넘겨서도 일한다,2025-05-28,https://www.chosun.com/economy/economy_general/2025/05/28/5T7IZ3KBY5DIHCWBS2DVG7KKMA,"27일 통계청의 ‘경제활동인구조사’에 따르면, 평생 대부분을 일한 ‘주된 일자리’를 법적 정년 이후인 60~64세에 그만뒀다는 응답자가 지난해 77만명으로 1년 전(73만2000명)보다 5.2% 늘었다.",지난해 60세 정년을 넘겨 일을 그만뒀다고 응답한 퇴직자가 77만명으로 역대 최고치를 기록했다.,55세 정년이 60세로 연장된 2016년(36만2000명)과 비교하면 거의 두 배로 늘었다.,국내공식통계,Y,Y,-,고용,법적 정년 이후 주된 일자리 퇴사자 수,"경제활동인구조사, 법적 정년, 주된 일자리, 퇴사자",-,60~64세,-,-,-,-,-,2024,-,Y,확정,이전값,732000,-,-,N,명,수준값,-,전년,"27일 통계청의 '경제활동인구조사'에 따르면, 평생 대부분을 일한 '주된 일자리'를 법적 정년 이후인 60~64세에 그만뒀다는 응답자가 지난해 77만명으로 1년 전(73만2000명)보다 5.2% 늘었다.",high,N,-,HCX-007,v1.0-hcx,2026-07-15,,,,,,data/claims/kosis_indicator_codebook.csv,,,,판단불가,,자동 매핑 룰 없음
C14532,C14532-m3,1917,조선·건설… 숙련 노동자는 정년 60 훌쩍 넘겨서도 일한다,2025-05-28,https://www.chosun.com/economy/economy_general/2025/05/28/5T7IZ3KBY5DIHCWBS2DVG7KKMA,"27일 통계청의 ‘경제활동인구조사’에 따르면, 평생 대부분을 일한 ‘주된 일자리’를 법적 정년 이후인 60~64세에 그만뒀다는 응답자가 지난해 77만명으로 1년 전(73만2000명)보다 5.2% 늘었다.",지난해 60세 정년을 넘겨 일을 그만뒀다고 응답한 퇴직자가 77만명으로 역대 최고치를 기록했다.,55세 정년이 60세로 연장된 2016년(36만2000명)과 비교하면 거의 두 배로 늘었다.,국내공식통계,Y,Y,-,고용,법적 정년 이후 주된 일자리 퇴사자 수,"경제활동인구조사, 법적 정년, 주된 일자리, 퇴사자",-,60~64세,-,-,-,-,-,2024,-,Y,확정,증감률,5.2,-,-,N,%,증감률,증가,전년,"27일 통계청의 '경제활동인구조사'에 따르면, 평생 대부분을 일한 '주된 일자리'를 법적 정년 이후인 60~64세에 그만뒀다는 응답자가 지난해 77만명으로 1년 전(73만2000명)보다 5.2% 늘었다.",high,N,-,HCX-007,v1.0-hcx,2026-07-15,,,,,,data/claims/kosis_indicator_codebook.csv,,,,판단불가,,자동 매핑 룰 없음
C14592,C14592-m1,1924,"결혼 늘고 정책 먹혔다... 1분기 합계출산율, 2년 만에 0.8명대 복귀",2025-05-28,https://www.chosun.com/economy/economy_general/2025/05/28/YCG67WTAFRH2JCK555W6H46K7Y,1분기 출생아 수는 6만5022명으로 전년 동분기(6만568명) 대비 7.4% 늘었다.,1분기 기준으로도 출생아 수 증가세는 역대 최고 수준이다.,1분기 기준으로는 지난 1981년 통계 작성 이래 최대 증가폭이다.,국내공식통계,Y,Y,-,인구,출생아 수,"출생아 수, 1분기, 전년 동분기",-,-,-,-,-,-,-,2025Q1,-,Q,확정,현재값,65022,-,-,N,명,수준값,증가,전년동기,1분기 출생아 수는 6만5022명으로 전년 동분기(6만568명) 대비 7.4% 늘었다.,high,N,-,HCX-007,v1.0-hcx,2026-07-15,,,,,,data/claims/kosis_indicator_codebook.csv,,,,판단불가,,자동 매핑 룰 없음
C14592,C14592-m2,1924,"결혼 늘고 정책 먹혔다... 1분기 합계출산율, 2년 만에 0.8명대 복귀",2025-05-28,https://www.chosun.com/economy/economy_general/2025/05/28/YCG67WTAFRH2JCK555W6H46K7Y,1분기 출생아 수는 6만5022명으로 전년 동분기(6만568명) 대비 7.4% 늘었다.,1분기 기준으로도 출생아 수 증가세는 역대 최고 수준이다.,1분기 기준으로는 지난 1981년 통계 작성 이래 최대 증가폭이다.,국내공식통계,Y,Y,-,인구,출생아 수,"출생아 수, 1분기, 전년 동분기",-,-,-,-,-,-,-,2025Q1,-,Q,확정,이전값,60568,-,-,N,명,수준값,-,전년동기,1분기 출생아 수는 6만5022명으로 전년 동분기(6만568명) 대비 7.4% 늘었다.,high,N,-,HCX-007,v1.0-hcx,2026-07-15,,,,,,data/claims/kosis_indicator_codebook.csv,,,,판단불가,,자동 매핑 룰 없음
C14592,C14592-m3,1924,"결혼 늘고 정책 먹혔다... 1분기 합계출산율, 2년 만에 0.8명대 복귀",2025-05-28,https://www.chosun.com/economy/economy_general/2025/05/28/YCG67WTAFRH2JCK555W6H46K7Y,1분기 출생아 수는 6만5022명으로 전년 동분기(6만568명) 대비 7.4% 늘었다.,1분기 기준으로도 출생아 수 증가세는 역대 최고 수준이다.,1분기 기준으로는 지난 1981년 통계 작성 이래 최대 증가폭이다.,국내공식통계,Y,Y,-,인구,출생아 수,"출생아 수, 1분기, 전년 동분기",-,-,-,-,-,-,-,2025Q1,-,Q,확정,증감률,7.4,-,-,N,%,증감률,증가,전년동기,1분기 출생아 수는 6만5022명으로 전년 동분기(6만568명) 대비 7.4% 늘었다.,high,N,-,HCX-007,v1.0-hcx,2026-07-15,,,,,,data/claims/kosis_indicator_codebook.csv,,,,판단불가,,자동 매핑 룰 없음
C15151,-,1993,“관세 10% 높아지면 美물가 0.3%p 오를 것… 그 영향은 일시적”,2025-06-03,https://www.chosun.com/economy/economy_general/2025/06/03/5PQFJXPLEFAZ5AU5OA7OH4XR4A,1 크리스토퍼 월러 <사진> 미국 연방준비제도(연준) 이사가 “관세 정책 영향으로 미국의 단기 인플레이션이 0.3%포인트 오를 것”이라고 했다.,-,다만 관세가 미국 물가에 미치는 영향은 “단기적이고 일시적”이라고 했다.,해외통계·정책,N,N,해외통계,물가,미국의 단기 인플레이션 상승폭,"미국 연방준비제도, 관세 정책, 인플레이션",-,-,-,-,-,-,-,2025,-,-,확정,-,-,-,-,-,-,-,-,-,크리스토퍼 월러 미국 연방준비제도(연준) 이사가 “관세 정책 영향으로 미국의 단기 인플레이션이 0.3%포인트 오를 것”이라고 했다.,high,N,-,HCX-007,v1.0-hcx,2026-07-15,,,,,,data/claims/kosis_indicator_codebook.csv,,,,판단불가,,verifiable_kosis=N
C15868,-,2078,"2016년 차이잉원 취임 당시 대만 경제, 2025년 한국과 판박이",2025-06-09,https://www.chosun.com/economy/economy_general/2025/06/09/H24T7HXPK5C2VN3JFVJ5JVWKKY,2015년 대만의 대중국 수출은 전년 대비 12.4% 감소했다.,"기존에 대만이 맡았던 글로벌 공급망 내 역할이 중국 기업으로 대체되면서 대만의 수출과 생산이 위축되고, 산업이 공동화되는 현상이 나타났다.",역시 2009년 이후 가장 큰 감소 폭이었다.,국내공식통계|해외통계·정책|개별기업|여론조사·설문|전망·목표|기타,N,N,정보부족,무역,대만의 대중국 수출,"대만, 대중국 수출, 감소",-,-,-,-,-,대만,중국,2015,-,Y,확정,-,-,-,-,-,-,-,-,-,2015년 대만의 대중국 수출은 전년 대비 12.4% 감소했다.,high,N,-,HCX-007,v1.0-hcx,2026-07-15,,,,,,data/claims/kosis_indicator_codebook.csv,,,,판단불가,,verifiable_kosis=N
C15877,-,2080,금·은 매출이 46%… 고려아연 이름 바꿀 판,2025-06-09,https://www.chosun.com/economy/industry-company/2025/06/09/2KB7CQF5MBDDDD6OOVWUEDK4W4,"회사 이름에서 볼 수 있듯 아연은 수년간 매출 30% 이상을 차지한 이 회사 주력 제품이었지만, 올 1분기 큰 변화가 생긴 것이다.",고려아연은 광석을 제련해 10여 종의 비철금속을 생산해 국내외 산업계에 공급하는 국내 최대 제련 기업이다.,"8일 고려아연에 따르면 지난 1분기 전체 매출에서 가장 큰 비율을 차지한 것은 은(31%)으로, 아연(28%)을 앞질렀다.",개별기업,N,N,개별기업,소매·소비,매출 비율,"고려아연, 매출, 1분기, 아연, 은",-,-,-,제련업,-,-,-,2025Q1,-,Q,확정,-,-,-,-,-,-,-,-,-,"회사 이름에서 볼 수 있듯 아연은 수년간 매출 30% 이상을 차지한 이 회사 주력 제품이었지만, 올 1분기 큰 변화가 생긴 것이다.",mid,Y,기사에서 구체적인 분기 정보가 부족하여 정확한 확인 필요.,HCX-007,v1.0-hcx,2026-07-15,,,,,,data/claims/kosis_indicator_codebook.csv,,,,판단불가,,verifiable_kosis=N
C16070,C16070-m1,2111,“환갑 넘겨도 일해야 돼요” 노인 취업자 첫 700만명,2025-06-12,https://www.chosun.com/economy/economy_general/2025/06/12/2VNVWIY73JHI7EB3XE4YNTYIVM,"11일 통계청이 발표한 ‘5월 고용동향’에 따르면, 지난달 취업자는 2916만명으로 전년 동월 대비 24만5000명 늘었다.",저출산·고령화로 인한 인구구조의 변화와 함께 노후 보장이 안 돼 일하려는 고령층이 늘어났기 때문이다.,"15~29세 청년층과 50대 취업자가 각각 15만명, 6만8000명 줄었지만, 60세 이상 취업자가 37만명이나 불어난 영향이 컸다.",국내공식통계,Y,Y,-,고용,취업자수,"통계청, 5월 고용동향, 취업자수, 전년 동월 대비",-,-,-,-,-,-,-,2025M5,-,M,확정,현재값,29160000,-,-,N,명,수준값,-,-,"11일 통계청이 발표한 ‘5월 고용동향’에 따르면, 지난달 취업자는 2916만명으로 전년 동월 대비 24만5000명 늘었다.",high,N,-,HCX-007,v1.0-hcx,2026-07-15,101,DT_1DA7001S,0,,T30,data/claims/kosis_indicator_codebook.csv,29159800.0,202505,,일치,6.858757604647494e-06,"수준값 actual_value 사용; 상대오차=0.000, 허용=0.05; 경제활동인구 총괄 - 전체 취업자"
C16070,C16070-m2,2111,“환갑 넘겨도 일해야 돼요” 노인 취업자 첫 700만명,2025-06-12,https://www.chosun.com/economy/economy_general/2025/06/12/2VNVWIY73JHI7EB3XE4YNTYIVM,"11일 통계청이 발표한 ‘5월 고용동향’에 따르면, 지난달 취업자는 2916만명으로 전년 동월 대비 24만5000명 늘었다.",저출산·고령화로 인한 인구구조의 변화와 함께 노후 보장이 안 돼 일하려는 고령층이 늘어났기 때문이다.,"15~29세 청년층과 50대 취업자가 각각 15만명, 6만8000명 줄었지만, 60세 이상 취업자가 37만명이나 불어난 영향이 컸다.",국내공식통계,Y,Y,-,고용,취업자수,"통계청, 5월 고용동향, 취업자수, 전년 동월 대비",-,-,-,-,-,-,-,2025M5,-,M,확정,증감값,245000,-,-,N,명,증감량,증가,전년동월,"11일 통계청이 발표한 ‘5월 고용동향’에 따르면, 지난달 취업자는 2916만명으로 전년 동월 대비 24만5000명 늘었다.",high,N,-,HCX-007,v1.0-hcx,2026-07-15,101,DT_1DA7001S,0,,T30,data/claims/kosis_indicator_codebook.csv,245000.0,202505,202405,일치,0.0,"원자료 전년/전월 대비 증감량 계산; 상대오차=0.000, 허용=0.05; 경제활동인구 총괄 - 전체 취업자"
C16624,-,2189,“BMW 과거·현재·미래를 체험”… 1만8천명 다녀가,2025-06-18,https://www.chosun.com/economy/auto/2025/06/18/LEXVLBPYHVCBVDYHTRYZRCFVSU,"덕분에 누적 판매량은 2002년 처음으로 1만대를 넘었고, 2011년엔 10만대를 돌파했다.","◇동반 성장 30년 1995년 7월 한국 시장에서 출범한 BMW 그룹 코리아는 BMW를 필두로 1999년 모터사이클 부문인 BMW 모토라드, 2005년 소형차 BMW MINI 등을 꾸준히 국내에 선보였다.","국내 수입차 시장이 확대되면서 2010년부턴 연간 판매량이 1만대를 넘어섰고, 2017년엔 연간 5만대를 기록하기도 했다.",개별기업,N,N,개별기업,소매·소비,누적 판매량,"BMW, 누적 판매량, 2002년, 1만대, 2011년, 10만대",-,-,-,자동차,-,-,-,2002년; 2011년,-,Y; Y,확정,-,-,-,-,-,-,-,-,-,"덕분에 누적 판매량은 2002년 처음으로 1만대를 넘었고, 2011년엔 10만대를 돌파했다.",high,N,-,HCX-007,v1.0-hcx,2026-07-15,,,,,,data/claims/kosis_indicator_codebook.csv,,,,판단불가,,verifiable_kosis=N
C16653,-,2193,한국 국가경쟁력 27위 역대 최대 7계단 하락,2025-06-18,https://www.chosun.com/economy/economy_general/2025/06/18/LUOKOI7WHFFYDMQQF6VHIFAXQ4,다만 작년 12월 비상계엄 등으로 정치적 불안정(50→60위) 순위는 크게 하락했다.,한국은 경제 성과(16→11위)와 정부 효율성(39→31위) 등 나머지 두 분야에서는 순위가 올랐다.,정치적 불안정도 2~5월 설문을 통해 산출됐다.,기타,Y,N,정보부족,정치적 안정도,정치적 불안정성 순위,"비상계엄, 정치적 불안정, 설문",-,-,-,-,-,-,-,2024M12,-,M,확정,-,-,-,-,-,-,-,-,-,다만 작년 12월 비상계엄 등으로 정치적 불안정(50→60위) 순위는 크게 하락했다.,high,N,-,HCX-007,v1.0-hcx,2026-07-15,,,,,,data/claims/kosis_indicator_codebook.csv,,,,판단불가,,verifiable_kosis=N
C19407,-,2554,"BMW 5시리즈, 내수 침체에도 질주",2025-07-16,https://www.chosun.com/economy/auto/2025/07/16/WRE4F7NGKJFOZBIFUXKMMCJZRA,전체 5시리즈 판매량의 56%를 차지한다.,가장 많이 판매된 모델은 4기통 가솔린 터보 엔진을 탑재한 ‘520i’(7116대)다.,"5시리즈 엔트리 모델임에도 헤드업 디스플레이, 서라운드 뷰, 차선 유지 보조 등 고급 옵션들이 기본 탑재돼 있다.",개별기업,N,N,개별기업,소매·소비,판매량 비중,"BMW 5시리즈, 판매량, 비중",-,-,-,자동차,-,-,-,2025,-,Y,확정,-,-,-,-,-,-,-,-,-,전체 5시리즈 판매량의 56%를 차지한다.,high,N,-,HCX-007,v1.0-hcx,2026-07-15,,,,,,data/claims/kosis_indicator_codebook.csv,,,,판단불가,,verifiable_kosis=N
C19445,C19445-m1,2558,제조업 취업자 1년째 내리막에...‘쉬었음’ 20대 5년 만 최대,2025-07-16,https://www.chosun.com/economy/economy_general/2025/07/16/JJGWFZ2EF5BPZPOLN4O4NQHNLU,지난달 건설업 취업자 수도 196만명으로 전년 동월 대비 9만7000명 감소하며 200만명을 밑돌았다.,이는 코로나가 번진 2020년 3월부터 2021년 3월까지 이후로 4년 만이다.,건설업 취업자는 14개월째 감소세를 이어가고 있다.,국내공식통계,Y,Y,-,고용,건설업 취업자 수,"취업자 수, 건설업, 전년 동월 대비",-,-,-,건설업,-,-,-,2025-06,-,M,확정,현재값,196000,-,-,N,명,수준값,감소,전년동월,지난달 건설업 취업자 수도 196만명으로 전년 동월 대비 9만7000명 감소하며 200만명을 밑돌았다.,high,N,-,HCX-007,v1.0-hcx,2026-07-15,,,,,,data/claims/kosis_indicator_codebook.csv,,,,판단불가,,산업별 취업자 표/산업분류 코드 필요
C19445,C19445-m2,2558,제조업 취업자 1년째 내리막에...‘쉬었음’ 20대 5년 만 최대,2025-07-16,https://www.chosun.com/economy/economy_general/2025/07/16/JJGWFZ2EF5BPZPOLN4O4NQHNLU,지난달 건설업 취업자 수도 196만명으로 전년 동월 대비 9만7000명 감소하며 200만명을 밑돌았다.,이는 코로나가 번진 2020년 3월부터 2021년 3월까지 이후로 4년 만이다.,건설업 취업자는 14개월째 감소세를 이어가고 있다.,국내공식통계,Y,Y,-,고용,건설업 취업자 수,"취업자 수, 건설업, 전년 동월 대비",-,-,-,건설업,-,-,-,2025-06,-,M,확정,증감값,97000,-,-,N,명,증감량,감소,전년동월,지난달 건설업 취업자 수도 196만명으로 전년 동월 대비 9만7000명 감소하며 200만명을 밑돌았다.,high,N,-,HCX-007,v1.0-hcx,2026-07-15,,,,,,data/claims/kosis_indicator_codebook.csv,,,,판단불가,,산업별 취업자 표/산업분류 코드 필요
C20183,C20183-m1,2670,우리나라 거주 외국인 주민 '역대 최다' 258만명… 전체 인구의 5%,2025-10-30,https://biz.chosun.com/topics/topics_social/2025/10/30/QR4AGGYKCBEB3AWOYIWTGTC3LM/,인구주택총조사 기준 우리나라 총인구인 5180만5547명의 5%다.,외국인 주민 수는 총 258만3626명으로 집계됐다.,"행안부는 ""국내 외국인주민 수는 통계가 처음 발표된 2006년 이후 매년 증가해, 지난해에도 사상 최대 규모를 경신했다""고 설명했다.",국내공식통계,Y,Y,-,인구,외국인 주민 수,"인구주택총조사, 총인구, 외국인주민 수",-,-,-,-,-,-,-,2025,-,Y,확정,현재값,2583626,-,-,N,명,수준값,-,-,인구주택총조사 기준 우리나라 총인구인 5180만5547명의 5%다.,high,N,-,HCX-007,v1.0-hcx,2026-07-15,,,,,,data/claims/kosis_indicator_codebook.csv,,,,판단불가,,자동 매핑 룰 없음
C20183,C20183-m2,2670,우리나라 거주 외국인 주민 '역대 최다' 258만명… 전체 인구의 5%,2025-10-30,https://biz.chosun.com/topics/topics_social/2025/10/30/QR4AGGYKCBEB3AWOYIWTGTC3LM/,인구주택총조사 기준 우리나라 총인구인 5180만5547명의 5%다.,외국인 주민 수는 총 258만3626명으로 집계됐다.,"행안부는 ""국내 외국인주민 수는 통계가 처음 발표된 2006년 이후 매년 증가해, 지난해에도 사상 최대 규모를 경신했다""고 설명했다.",국내공식통계,Y,Y,-,인구,외국인 주민 수,"인구주택총조사, 총인구, 외국인주민 수",-,-,-,-,-,-,-,2025,-,Y,확정,현재값,51805547,-,-,N,명,수준값,-,-,인구주택총조사 기준 우리나라 총인구인 5180만5547명의 5%다.,high,N,-,HCX-007,v1.0-hcx,2026-07-15,,,,,,data/claims/kosis_indicator_codebook.csv,,,,판단불가,,자동 매핑 룰 없음
C20288,C20288-m1,2682,10월 소비자물가 2.4% 상승...15개월만 최대 상승률,2025-11-04,https://www.chosun.com/economy/economy_general/2025/11/04/IQO3Q645VRHHBDUAFXCXBPH5Z4/,"국가데이터처가 4일 발표한 ’10월 소비자물가 동향’에 따르면, 지난달 소비자 물가는 1년 전보다 2.4% 올랐다.",이같은 물가 상승률은 지난해 7월(2.6%) 이후 15개월만에 가장 높은 수치다.,"소비자 물가 상승률은 지난 8월 SK텔레콤 해킹 사태에 따른 요금 인하 효과로 1.7%를 기록했다가, 추석 명절 수요 등으로 가공식품과 축·수산물 등 먹거리 물가가 오르면서 9월 2.1%로 올라선 바 있다.",국내공식통계,Y,Y,-,물가,소비자물가상승률,"국가데이터처, 소비자물가, 10월, 전년 대비",-,-,-,-,-,-,-,2025Q4,-,Q,확정,현재값,2.4,-,-,N,%,수준값,-,전년동기,"국가데이터처가 4일 발표한 '10월 소비자물가 동향'에 따르면, 지난달 소비자 물가는 1년 전보다 2.4% 올랐다.",high,N,-,HCX-007,v1.0-hcx,2026-07-15,101,DT_1J22042,0,,T03,data/claims/kosis_indicator_codebook.csv,2.1,202504,,일치,0.2999999999999998,"등락률 표 actual_value 사용; 절대오차=0.300, 허용=0.3; 월별 소비자물가 등락률 - 총지수 전년동월비"
C09206,C09206-m1,1190,물가상승률 석 달째 2%대...업체들 줄인상에 가공식품·외식 가격 ↑,2025-04-02,https://www.chosun.com/economy/economy_general/2025/04/02/EZEOHOZC5NBBHKNEXYWAAYWO24,"외식 물가는 지난 2월(3%)에 이어 지난달에도 3% 상승했는데, 생선회(5.4%)와 치킨(5.3%) 등 소비자들이 자주 찾는 외식 품목들의 가격이 크게 오르며 체감 물가상승률을 높였다.","지난달 식품 가격이 뛰면서 외식 업체들도 줄줄이 가격을 올렸고, 이는 고스란히 외식 물가에 반영됐었다.",가격 변동이 큰 식품과 석유 등을 제외한 식료품 및 에너지 제외 지수는 전년 동월 대비 1.9% 오르며 6개월째 1%대를 유지했다.,국내공식통계,Y,Y,-,물가,외식 물가 상승률,"외식 물가, 상승률, 생선회, 치킨, 체감 물가상승률",-,-,-,-,-,-,-,2025-03,-,M,확정,현재값,3,-,-,N,%,수준값,증가,전월,"외식 물가는 지난 2월(3%)에 이어 지난달에도 3% 상승했는데, 생선회(5.4%)와 치킨(5.3%) 등 소비자들이 자주 찾는 외식 품목들의 가격이 크게 오르며 체감 물가상승률을 높였다.",high,N,-,HCX-007,v1.0-hcx,2026-07-15,,,,,,data/claims/kosis_indicator_codebook.csv,,,,판단불가,,축산물/수산물/가공식품/외식 등 품목 세부 코드 필요
C09206,C09206-m2,1190,물가상승률 석 달째 2%대...업체들 줄인상에 가공식품·외식 가격 ↑,2025-04-02,https://www.chosun.com/economy/economy_general/2025/04/02/EZEOHOZC5NBBHKNEXYWAAYWO24,"외식 물가는 지난 2월(3%)에 이어 지난달에도 3% 상승했는데, 생선회(5.4%)와 치킨(5.3%) 등 소비자들이 자주 찾는 외식 품목들의 가격이 크게 오르며 체감 물가상승률을 높였다.","지난달 식품 가격이 뛰면서 외식 업체들도 줄줄이 가격을 올렸고, 이는 고스란히 외식 물가에 반영됐었다.",가격 변동이 큰 식품과 석유 등을 제외한 식료품 및 에너지 제외 지수는 전년 동월 대비 1.9% 오르며 6개월째 1%대를 유지했다.,국내공식통계,Y,Y,-,물가,외식 물가 상승률,"외식 물가, 상승률, 생선회, 치킨, 체감 물가상승률",-,-,-,-,-,-,-,2025-03,-,M,확정,현재값,5.4,-,-,N,%,수준값,증가,전월,"외식 물가는 지난 2월(3%)에 이어 지난달에도 3% 상승했는데, 생선회(5.4%)와 치킨(5.3%) 등 소비자들이 자주 찾는 외식 품목들의 가격이 크게 오르며 체감 물가상승률을 높였다.",high,N,-,HCX-007,v1.0-hcx,2026-07-15,,,,,,data/claims/kosis_indicator_codebook.csv,,,,판단불가,,축산물/수산물/가공식품/외식 등 품목 세부 코드 필요
C09206,C09206-m3,1190,물가상승률 석 달째 2%대...업체들 줄인상에 가공식품·외식 가격 ↑,2025-04-02,https://www.chosun.com/economy/economy_general/2025/04/02/EZEOHOZC5NBBHKNEXYWAAYWO24,"외식 물가는 지난 2월(3%)에 이어 지난달에도 3% 상승했는데, 생선회(5.4%)와 치킨(5.3%) 등 소비자들이 자주 찾는 외식 품목들의 가격이 크게 오르며 체감 물가상승률을 높였다.","지난달 식품 가격이 뛰면서 외식 업체들도 줄줄이 가격을 올렸고, 이는 고스란히 외식 물가에 반영됐었다.",가격 변동이 큰 식품과 석유 등을 제외한 식료품 및 에너지 제외 지수는 전년 동월 대비 1.9% 오르며 6개월째 1%대를 유지했다.,국내공식통계,Y,Y,-,물가,외식 물가 상승률,"외식 물가, 상승률, 생선회, 치킨, 체감 물가상승률",-,-,-,-,-,-,-,2025-03,-,M,확정,현재값,5.3,-,-,N,%,수준값,증가,전월,"외식 물가는 지난 2월(3%)에 이어 지난달에도 3% 상승했는데, 생선회(5.4%)와 치킨(5.3%) 등 소비자들이 자주 찾는 외식 품목들의 가격이 크게 오르며 체감 물가상승률을 높였다.",high,N,-,HCX-007,v1.0-hcx,2026-07-15,,,,,,data/claims/kosis_indicator_codebook.csv,,,,판단불가,,축산물/수산물/가공식품/외식 등 품목 세부 코드 필요
