claim_id,claim_text,org_id,tbl_id,obj_l1_candidates_truncated,itm_id_candidates_truncated,oversized
C00230,"지난달 30일 발표된 통계청의 ‘11월 산업활동동향’에 따르면, 생산은 작년 9월(-0.4%)·10월(-0.2%)·11월(-0.4%) 등 3개월 연속으로 전월 대비 감소했다.",101,DT_1JH20202,1:전산업생산지수; 1A:농림어업; 1B:광공업; 1D:건설업; 1C:서비스업; 1E:공공행정,,
C00231,설비투자도 작년 10월(-5.9%)·11월(-1.6%) 등 2달 연속 감소했다.,101,DT_1F70011,,T3:원지수; T5:계절조정지수,
C00232,특히 건축·토목 공사 실적을 뜻하는 건설기성은 작년 11월 0.2% 감소해 5월(-4.6%)부터 7개월 연속 마이너스 행진을 이어갔다.,101,DT_1G18004,0:기성총액; 1:건축공사; 2:토목공사,,
C00604,연말 소비자심리지수는 코로나 사태 이후 4년 9개월 만에 가장 큰 폭으로 하락했다.,301,DT_511Y002,13102134688CSI_CD.FMA:경제인식조사; 13102134688CSI_CD.FMAA:현재생활형편CSI; 13102134688CSI_CD.FMBA:생활형편전망CSI; 13102134688CSI_CD.FMCA:가계수입전망CSI; 13102134688CSI_CD.FMCCA:내구재 지출전망CSI; 13102134688CSI_CD.FMDA:현재가계저축CSI; 13102134688CSI_CD.FMDE:주택·상가가치전망CSI; 13102134688CSI_CD.FMFA:물가수준전망(1년후)CSI; 13102134688CSI_CD.FMAB:현재경기판단CSI; 13102134688CSI_CD.FMB:경제전망조사; 13102134688CSI_CD.FMBB:향후경기전망CSI; 13102134688CSI_CD.FMCB:소비지출전망CSI; 13102134688CSI_CD.FMCCB:의류비 지출전망CSI; 13102134688CSI_CD.FMDC:가계저축전망CSI; 13102134688CSI_CD.FMDF:토지·임야가치전망CSI; 13102134688CSI_CD.FMFB:주택가격전망CSI; 13102134688CSI_CD.FMBE:취업기회전망CSI; 13102134688CSI_CD.FMC:소비지출전망조사; 13102134688CSI_CD.FMCC:항목별 소비지출전망조사; 13102134688CSI_CD.FMCCC:외식비 지출전망CSI; 13102134688CSI_CD.FMDB:현재가계부채CSI; 13102134688CSI_CD.FMDG:금융저축가치전망CSI; 13102134688CSI_CD.FMFC:임금수준전망CSI; 13102134688CSI_CD.FMBG:금리수준전망CSI; 13102134688CSI_CD.FMCCD:여행비 지출전망CSI; 13102134688CSI_CD.FMD:가계저축 및 부채조사; 13102134688CSI_CD.FMDD:가계부채전망CSI; 13102134688CSI_CD.FMDH:주식가치전망CSI; 13102134688CSI_CD.FMFD:물가수준전망(6개월후)CSI(~2012.12월); 13102134688CSI_CD.FMCCE:교육비 지출전망CSI; 13102134688CSI_CD.FMF:물가전망조사; 13102134688CSI_CD.FMCCF:의료·보건비 지출전망CSI; 13102134688CSI_CD.FMG:자산가치전망조사(~2012.12월); 13102134688CSI_CD.FMCCG:교양·오락·문화생활비 지출전망CSI; 13102134688CSI_CD.FME:소비자심리지수; 13102134688CSI_CD.FMCCH:교통비 및 통신비 지출전망CSI; 13102134688CSI_CD.FMCCI:주거비 지출전망CSI,,
C01005,11일 한국석유공사 유가정보시스템 오피넷에 따르면 1월 둘째 주(5∼9일) 전국 주유소 휘발유 평균 판매가는 직전 주 대비 L당 15.7원 상승한 1686.7원을 기록했다.,318,TX_31802_A000,15318AA1AA:보통휘발유; 15318AA1AB:실내등유; 15318AA1AC:보일러등유; 15318AA1AE:자동차용 경유,,
C01007,상표별로는 알뜰주유소의 평균 가격이 1660.5원으로 가장 저렴했다.,318,TX_31802_A000,15318AA1AA:보통휘발유; 15318AA1AB:실내등유; 15318AA1AC:보일러등유; 15318AA1AE:자동차용 경유,,
C01008,경유 평균 판매가격은 L당 17.2원 상승한 1533.5원으로 나타났다.,318,TX_31802_A000,15318AA1AA:보통휘발유; 15318AA1AB:실내등유; 15318AA1AC:보일러등유; 15318AA1AE:자동차용 경유,,
C01009,알뜰주유소가평균 가격 1506.9원으로 가장 저렴했다.,318,TX_31802_A000,15318AA1AA:보통휘발유; 15318AA1AB:실내등유; 15318AA1AC:보일러등유; 15318AA1AE:자동차용 경유,,
C01163,"앞서 지난해 12월 수출은 전년 동월 대비 6.6% 증가한 613억 8000만달러를 기록해, 15개월 연속 증가세를 보였다.",360,DT_1R11001_FRM101,13102112831A.A:총액; 13102112831A.0:식품 및 산동물; 13102112831A.00:중분류 03의 동물을 제외한 산 동물; 13102112831A.001:중분류 03의 동물을 제외한 산 동물; 13102112831A.0011:소(물소 포함); 13102112831A.00111:종우 ; 13102112831A.00119:종우 이외의 소 ; 13102112831A.0012:면양과 산양; 13102112831A.00121:면양 ; 13102112831A.00122:산양(염소 포함) ; 13102112831A.0013:돼지; 13102112831A.00131:종돈 ; 13102112831A.00139:기타 ; 13102112831A.0014:가금; 13102112831A.00141:185그램미만의 것 ; 13102112831A.00149:185그램이상의 것 ; 13102112831A.0015:말.당나귀.노새와 버새; 13102112831A.00150:기타(말.당나귀.노새와 버새); 13102112831A.00151:말 ; 13102112831A.00152:당나귀 노새와 버새 ; 13102112831A.0019:달리 명시되지 않은 산 동물 ; 13102112831A.00190:기타(달리 명시되지 않은 산 동물 ); 13102112831A.00191:포유류; 13102112831A.00192:조류; 13102112831A.00193:양서류; 13102112831A.00194:파충류; 13102112831A.00195:곤충류; 13102112831A.00196:환형동물류; 13102112831A.00199:기타 달리 명시되지 않은 산 동물; 13102112831A.01:고기및 고기 조제품; 13102112831A.011:쇠고기신선냉장 또는 냉동한 것; 13102112831A.0111:쇠고기신선 또는 냉장한 것; 13102112831A.01111:뼈있는 것 ; 13102112831A.01112:뼈 제거한 것 ; 13102112831A.0112:쇠고기냉동한 것; 13102112831A.01121:뼈 있는 것 ; 13102112831A.01122:뼈 제거한 것 ; 13102112831A.012:기타 고기 및 식용 설육신선냉장 또는 냉동한 것; 13102112831A.0121:면양 및 산양고기신선냉장 또는 냉동한 것; 13102112831A.01211:면양의 고기 신선 또는 냉장한 것 ; 13102112831A.01212:면양의 고기 냉동한 것 ; 13102112831A.01213:산양의 고기 ; 13102112831A.0122:돼지고기신선냉장 또는 냉동한 것; 13102112831A.01221:신선 또는 냉장한 것 ; 13102112831A.01222:냉동한 것 ; 13102112831A.0123:가금류의 고기 및 식용 설육; 13102112831A.01230:기타(가금류의 고기 및 식용 설육); 13102112831A.01231:절단하지 않은 고기 신선 또는 냉장한 것 ; 13102112831A.01232:절단하지 않은 고기 냉동,13103112831T1:수출액; 13103112831T2:수입액,YES
C01684,이번주에 휘발유 평균 가격이 5개월만에 1700원을 넘는 등 설 연휴까지 고유가 기조가 이어질 것이라는 전망이 나온다.,318,TX_31802_A000,15318AA1AA:보통휘발유; 15318AA1AB:실내등유; 15318AA1AC:보일러등유; 15318AA1AE:자동차용 경유,,
C01685,18일 한국석유공사 유가정보시스템 오피넷에 따르면 1월 셋째주(12~16일) 전국 주유소 휘발유 평균 판매가는 직전 주 대비 리터(L)당 18.0원 오른 1706.1원을 기록했다.,318,TX_31802_A000,15318AA1AA:보통휘발유; 15318AA1AB:실내등유; 15318AA1AC:보일러등유; 15318AA1AE:자동차용 경유,,
C01686,경유 평균 판매 가격은 리터당 21.8원 상승한 1556.9원을 기록했다.,318,TX_31802_A000,15318AA1AA:보통휘발유; 15318AA1AB:실내등유; 15318AA1AC:보일러등유; 15318AA1AE:자동차용 경유,,
C01689,"상표별로는 알뜰주유소가 리터당 평균 1676.8원으로 가장 낮았고, SK에너지 주유소가 1714.2원으로 가장 높았다.",318,TX_31802_A000,15318AA1AA:보통휘발유; 15318AA1AB:실내등유; 15318AA1AC:보일러등유; 15318AA1AE:자동차용 경유,,
C01992,소비자심리지수가 90 초반대를 기록했던 건 2022년 12월(90.1)~2023년 3월(92)로 당시는 코로나 팬데믹 때 80대 수준으로 떨어졌던 소비자심리가 서서히 개선되던 시기였다.,301,DT_511Y002,13102134688CSI_CD.FMA:경제인식조사; 13102134688CSI_CD.FMAA:현재생활형편CSI; 13102134688CSI_CD.FMBA:생활형편전망CSI; 13102134688CSI_CD.FMCA:가계수입전망CSI; 13102134688CSI_CD.FMCCA:내구재 지출전망CSI; 13102134688CSI_CD.FMDA:현재가계저축CSI; 13102134688CSI_CD.FMDE:주택·상가가치전망CSI; 13102134688CSI_CD.FMFA:물가수준전망(1년후)CSI; 13102134688CSI_CD.FMAB:현재경기판단CSI; 13102134688CSI_CD.FMB:경제전망조사; 13102134688CSI_CD.FMBB:향후경기전망CSI; 13102134688CSI_CD.FMCB:소비지출전망CSI; 13102134688CSI_CD.FMCCB:의류비 지출전망CSI; 13102134688CSI_CD.FMDC:가계저축전망CSI; 13102134688CSI_CD.FMDF:토지·임야가치전망CSI; 13102134688CSI_CD.FMFB:주택가격전망CSI; 13102134688CSI_CD.FMBE:취업기회전망CSI; 13102134688CSI_CD.FMC:소비지출전망조사; 13102134688CSI_CD.FMCC:항목별 소비지출전망조사; 13102134688CSI_CD.FMCCC:외식비 지출전망CSI; 13102134688CSI_CD.FMDB:현재가계부채CSI; 13102134688CSI_CD.FMDG:금융저축가치전망CSI; 13102134688CSI_CD.FMFC:임금수준전망CSI; 13102134688CSI_CD.FMBG:금리수준전망CSI; 13102134688CSI_CD.FMCCD:여행비 지출전망CSI; 13102134688CSI_CD.FMD:가계저축 및 부채조사; 13102134688CSI_CD.FMDD:가계부채전망CSI; 13102134688CSI_CD.FMDH:주식가치전망CSI; 13102134688CSI_CD.FMFD:물가수준전망(6개월후)CSI(~2012.12월); 13102134688CSI_CD.FMCCE:교육비 지출전망CSI; 13102134688CSI_CD.FMF:물가전망조사; 13102134688CSI_CD.FMCCF:의료·보건비 지출전망CSI; 13102134688CSI_CD.FMG:자산가치전망조사(~2012.12월); 13102134688CSI_CD.FMCCG:교양·오락·문화생활비 지출전망CSI; 13102134688CSI_CD.FME:소비자심리지수; 13102134688CSI_CD.FMCCH:교통비 및 통신비 지출전망CSI; 13102134688CSI_CD.FMCCI:주거비 지출전망CSI,,
C02160,0 작년 4분기(10~12월) 우리나라 경제가 전분기보다 0.1% 성장하는 데 그쳤다.,301,DT_200Y108,13102136297ACC_ITEM.10101:최종소비지출; 13102136297ACC_ITEM.1010110:민간; 13102136297ACC_ITEM.1010111:가계; 13102136297ACC_ITEM.1020110:총고정자본형성; 13102136297ACC_ITEM.1020114:총고정자본형성(민간); 13102136297ACC_ITEM.1030110:(재화)F.O.B. 기준; 13102136297ACC_ITEM.1040110:(재화)F.O.B. 기준; 13102136297ACC_ITEM.1010112:가계에 봉사하는 비영리단체; 13102136297ACC_ITEM.1010120:정부; 13102136297ACC_ITEM.10201:총자본형성; 13102136297ACC_ITEM.1020115:총고정자본형성(정부); 13102136297ACC_ITEM.1020120:재고증감 및 귀중품 순취득; 13102136297ACC_ITEM.1030120:(서비스); 13102136297ACC_ITEM.1040120:(서비스); 13102136297ACC_ITEM.1020111:건설투자; 13102136297ACC_ITEM.10301:재화와 서비스의 수출; 13102136297ACC_ITEM.1020112:설비투자; 13102136297ACC_ITEM.10401:(공제)재화와 서비스의 수입; 13102136297ACC_ITEM.1020113:지식재산생산물투자; 13102136297ACC_ITEM.10501:통계상 불일치; 13102136297ACC_ITEM.10601:국내총생산에 대한 지출,,
C02162,작년 연간 경제성장률은 2%로 잠재성장률(2%)을 간신히 지켰다.,301,DT_200Y110,13102136261ACC_ITEM.10101:최종소비지출; 13102136261ACC_ITEM.1010110:민간; 13102136261ACC_ITEM.1010111:가계; 13102136261ACC_ITEM.1020110:총고정자본형성; 13102136261ACC_ITEM.1020114:총고정자본형성(민간); 13102136261ACC_ITEM.1030110:(재화)F.O.B. 기준; 13102136261ACC_ITEM.1040110:(재화)F.O.B. 기준; 13102136261ACC_ITEM.1010112:가계에 봉사하는 비영리단체; 13102136261ACC_ITEM.1010120:정부; 13102136261ACC_ITEM.10201:총자본형성; 13102136261ACC_ITEM.1020115:총고정자본형성(정부); 13102136261ACC_ITEM.1020120:재고증감 및 귀중품 순취득; 13102136261ACC_ITEM.1030120:(서비스); 13102136261ACC_ITEM.1040120:(서비스); 13102136261ACC_ITEM.1020111:건설투자; 13102136261ACC_ITEM.10301:재화와 서비스의 수출; 13102136261ACC_ITEM.1020112:설비투자; 13102136261ACC_ITEM.10401:(공제)재화와 서비스의 수입; 13102136261ACC_ITEM.1020113:지식재산생산물투자; 13102136261ACC_ITEM.10501:통계상 불일치; 13102136261ACC_ITEM.10601:국내총생산에 대한 지출,,
C02163,"23일 한국은행이 발표한 ‘2024년 4분기 및 연간 실질국내총생산(속보)’에 따르면, 작년 4분기 실질 국내총생산(GDP)은 전분기보다 0.1% 늘었다.",301,DT_200Y108,13102136297ACC_ITEM.10101:최종소비지출; 13102136297ACC_ITEM.1010110:민간; 13102136297ACC_ITEM.1010111:가계; 13102136297ACC_ITEM.1020110:총고정자본형성; 13102136297ACC_ITEM.1020114:총고정자본형성(민간); 13102136297ACC_ITEM.1030110:(재화)F.O.B. 기준; 13102136297ACC_ITEM.1040110:(재화)F.O.B. 기준; 13102136297ACC_ITEM.1010112:가계에 봉사하는 비영리단체; 13102136297ACC_ITEM.1010120:정부; 13102136297ACC_ITEM.10201:총자본형성; 13102136297ACC_ITEM.1020115:총고정자본형성(정부); 13102136297ACC_ITEM.1020120:재고증감 및 귀중품 순취득; 13102136297ACC_ITEM.1030120:(서비스); 13102136297ACC_ITEM.1040120:(서비스); 13102136297ACC_ITEM.1020111:건설투자; 13102136297ACC_ITEM.10301:재화와 서비스의 수출; 13102136297ACC_ITEM.1020112:설비투자; 13102136297ACC_ITEM.10401:(공제)재화와 서비스의 수입; 13102136297ACC_ITEM.1020113:지식재산생산물투자; 13102136297ACC_ITEM.10501:통계상 불일치; 13102136297ACC_ITEM.10601:국내총생산에 대한 지출,,
C02164,우리나라 경제는 작년 1분기(1~3월) 성장률이 1.3%를 기록하며 ‘깜짝 성장’을 한 뒤 2분기(4~6월)에는 0.2% 뒷걸음질쳤다.,301,DT_200Y108,13102136297ACC_ITEM.10101:최종소비지출; 13102136297ACC_ITEM.1010110:민간; 13102136297ACC_ITEM.1010111:가계; 13102136297ACC_ITEM.1020110:총고정자본형성; 13102136297ACC_ITEM.1020114:총고정자본형성(민간); 13102136297ACC_ITEM.1030110:(재화)F.O.B. 기준; 13102136297ACC_ITEM.1040110:(재화)F.O.B. 기준; 13102136297ACC_ITEM.1010112:가계에 봉사하는 비영리단체; 13102136297ACC_ITEM.1010120:정부; 13102136297ACC_ITEM.10201:총자본형성; 13102136297ACC_ITEM.1020115:총고정자본형성(정부); 13102136297ACC_ITEM.1020120:재고증감 및 귀중품 순취득; 13102136297ACC_ITEM.1030120:(서비스); 13102136297ACC_ITEM.1040120:(서비스); 13102136297ACC_ITEM.1020111:건설투자; 13102136297ACC_ITEM.10301:재화와 서비스의 수출; 13102136297ACC_ITEM.1020112:설비투자; 13102136297ACC_ITEM.10401:(공제)재화와 서비스의 수입; 13102136297ACC_ITEM.1020113:지식재산생산물투자; 13102136297ACC_ITEM.10501:통계상 불일치; 13102136297ACC_ITEM.10601:국내총생산에 대한 지출,,
C02166,3개 분기 연속 역성장과 0.1%대 성장을 이어가며 사실상 성장이 멈춘 것이다.,301,DT_200Y108,13102136297ACC_ITEM.10101:최종소비지출; 13102136297ACC_ITEM.1010110:민간; 13102136297ACC_ITEM.1010111:가계; 13102136297ACC_ITEM.1020110:총고정자본형성; 13102136297ACC_ITEM.1020114:총고정자본형성(민간); 13102136297ACC_ITEM.1030110:(재화)F.O.B. 기준; 13102136297ACC_ITEM.1040110:(재화)F.O.B. 기준; 13102136297ACC_ITEM.1010112:가계에 봉사하는 비영리단체; 13102136297ACC_ITEM.1010120:정부; 13102136297ACC_ITEM.10201:총자본형성; 13102136297ACC_ITEM.1020115:총고정자본형성(정부); 13102136297ACC_ITEM.1020120:재고증감 및 귀중품 순취득; 13102136297ACC_ITEM.1030120:(서비스); 13102136297ACC_ITEM.1040120:(서비스); 13102136297ACC_ITEM.1020111:건설투자; 13102136297ACC_ITEM.10301:재화와 서비스의 수출; 13102136297ACC_ITEM.1020112:설비투자; 13102136297ACC_ITEM.10401:(공제)재화와 서비스의 수입; 13102136297ACC_ITEM.1020113:지식재산생산물투자; 13102136297ACC_ITEM.10501:통계상 불일치; 13102136297ACC_ITEM.10601:국내총생산에 대한 지출,,
C02174,반면 내수 중 건설투자는 건물건설과 토목건설이 모두 줄며 전분기 대비 3.2% 감소했다.,301,DT_200Y108,13102136297ACC_ITEM.10101:최종소비지출; 13102136297ACC_ITEM.1010110:민간; 13102136297ACC_ITEM.1010111:가계; 13102136297ACC_ITEM.1020110:총고정자본형성; 13102136297ACC_ITEM.1020114:총고정자본형성(민간); 13102136297ACC_ITEM.1030110:(재화)F.O.B. 기준; 13102136297ACC_ITEM.1040110:(재화)F.O.B. 기준; 13102136297ACC_ITEM.1010112:가계에 봉사하는 비영리단체; 13102136297ACC_ITEM.1010120:정부; 13102136297ACC_ITEM.10201:총자본형성; 13102136297ACC_ITEM.1020115:총고정자본형성(정부); 13102136297ACC_ITEM.1020120:재고증감 및 귀중품 순취득; 13102136297ACC_ITEM.1030120:(서비스); 13102136297ACC_ITEM.1040120:(서비스); 13102136297ACC_ITEM.1020111:건설투자; 13102136297ACC_ITEM.10301:재화와 서비스의 수출; 13102136297ACC_ITEM.1020112:설비투자; 13102136297ACC_ITEM.10401:(공제)재화와 서비스의 수입; 13102136297ACC_ITEM.1020113:지식재산생산물투자; 13102136297ACC_ITEM.10501:통계상 불일치; 13102136297ACC_ITEM.10601:국내총생산에 대한 지출,,
C02175,"민간소비는 의류나 신발 같은 준내구재, 의료·교육 등 서비스를 중심으로 0.2% 늘어나는 데 그쳤다.",301,DT_200Y108,13102136297ACC_ITEM.10101:최종소비지출; 13102136297ACC_ITEM.1010110:민간; 13102136297ACC_ITEM.1010111:가계; 13102136297ACC_ITEM.1020110:총고정자본형성; 13102136297ACC_ITEM.1020114:총고정자본형성(민간); 13102136297ACC_ITEM.1030110:(재화)F.O.B. 기준; 13102136297ACC_ITEM.1040110:(재화)F.O.B. 기준; 13102136297ACC_ITEM.1010112:가계에 봉사하는 비영리단체; 13102136297ACC_ITEM.1010120:정부; 13102136297ACC_ITEM.10201:총자본형성; 13102136297ACC_ITEM.1020115:총고정자본형성(정부); 13102136297ACC_ITEM.1020120:재고증감 및 귀중품 순취득; 13102136297ACC_ITEM.1030120:(서비스); 13102136297ACC_ITEM.1040120:(서비스); 13102136297ACC_ITEM.1020111:건설투자; 13102136297ACC_ITEM.10301:재화와 서비스의 수출; 13102136297ACC_ITEM.1020112:설비투자; 13102136297ACC_ITEM.10401:(공제)재화와 서비스의 수입; 13102136297ACC_ITEM.1020113:지식재산생산물투자; 13102136297ACC_ITEM.10501:통계상 불일치; 13102136297ACC_ITEM.10601:국내총생산에 대한 지출,,
C02177,"성장률 중 건설투자는 작년 2분기 전기대비 -1.7%를 기록한 데 이어 3분기 -3.6%, 4분기 -3.2%를 기록했다.",301,DT_200Y108,13102136297ACC_ITEM.10101:최종소비지출; 13102136297ACC_ITEM.1010110:민간; 13102136297ACC_ITEM.1010111:가계; 13102136297ACC_ITEM.1020110:총고정자본형성; 13102136297ACC_ITEM.1020114:총고정자본형성(민간); 13102136297ACC_ITEM.1030110:(재화)F.O.B. 기준; 13102136297ACC_ITEM.1040110:(재화)F.O.B. 기준; 13102136297ACC_ITEM.1010112:가계에 봉사하는 비영리단체; 13102136297ACC_ITEM.1010120:정부; 13102136297ACC_ITEM.10201:총자본형성; 13102136297ACC_ITEM.1020115:총고정자본형성(정부); 13102136297ACC_ITEM.1020120:재고증감 및 귀중품 순취득; 13102136297ACC_ITEM.1030120:(서비스); 13102136297ACC_ITEM.1040120:(서비스); 13102136297ACC_ITEM.1020111:건설투자; 13102136297ACC_ITEM.10301:재화와 서비스의 수출; 13102136297ACC_ITEM.1020112:설비투자; 13102136297ACC_ITEM.10401:(공제)재화와 서비스의 수입; 13102136297ACC_ITEM.1020113:지식재산생산물투자; 13102136297ACC_ITEM.10501:통계상 불일치; 13102136297ACC_ITEM.10601:국내총생산에 대한 지출,,
C02272,0 -0.2%(2024년 2분기)→0.1%(3분기)→0.1%(4분기) 한국 경제성장률이 3개 분기 연속으로 0% 안팎을 기록했다.,301,DT_200Y108,13102136297ACC_ITEM.10101:최종소비지출; 13102136297ACC_ITEM.1010110:민간; 13102136297ACC_ITEM.1010111:가계; 13102136297ACC_ITEM.1020110:총고정자본형성; 13102136297ACC_ITEM.1020114:총고정자본형성(민간); 13102136297ACC_ITEM.1030110:(재화)F.O.B. 기준; 13102136297ACC_ITEM.1040110:(재화)F.O.B. 기준; 13102136297ACC_ITEM.1010112:가계에 봉사하는 비영리단체; 13102136297ACC_ITEM.1010120:정부; 13102136297ACC_ITEM.10201:총자본형성; 13102136297ACC_ITEM.1020115:총고정자본형성(정부); 13102136297ACC_ITEM.1020120:재고증감 및 귀중품 순취득; 13102136297ACC_ITEM.1030120:(서비스); 13102136297ACC_ITEM.1040120:(서비스); 13102136297ACC_ITEM.1020111:건설투자; 13102136297ACC_ITEM.10301:재화와 서비스의 수출; 13102136297ACC_ITEM.1020112:설비투자; 13102136297ACC_ITEM.10401:(공제)재화와 서비스의 수입; 13102136297ACC_ITEM.1020113:지식재산생산물투자; 13102136297ACC_ITEM.10501:통계상 불일치; 13102136297ACC_ITEM.10601:국내총생산에 대한 지출,,
C02274,"성장률이 3개 분기 연속으로 0.1% 이하를 기록한 것은 외환 위기 직격탄을 맞은 1997년 4분기(-0.6%), 1998년 1분기(-6.7%), 2분기(-0.8%) 이후 26년 만에 처음이다.",301,DT_200Y108,13102136297ACC_ITEM.10101:최종소비지출; 13102136297ACC_ITEM.1010110:민간; 13102136297ACC_ITEM.1010111:가계; 13102136297ACC_ITEM.1020110:총고정자본형성; 13102136297ACC_ITEM.1020114:총고정자본형성(민간); 13102136297ACC_ITEM.1030110:(재화)F.O.B. 기준; 13102136297ACC_ITEM.1040110:(재화)F.O.B. 기준; 13102136297ACC_ITEM.1010112:가계에 봉사하는 비영리단체; 13102136297ACC_ITEM.1010120:정부; 13102136297ACC_ITEM.10201:총자본형성; 13102136297ACC_ITEM.1020115:총고정자본형성(정부); 13102136297ACC_ITEM.1020120:재고증감 및 귀중품 순취득; 13102136297ACC_ITEM.1030120:(서비스); 13102136297ACC_ITEM.1040120:(서비스); 13102136297ACC_ITEM.1020111:건설투자; 13102136297ACC_ITEM.10301:재화와 서비스의 수출; 13102136297ACC_ITEM.1020112:설비투자; 13102136297ACC_ITEM.10401:(공제)재화와 서비스의 수입; 13102136297ACC_ITEM.1020113:지식재산생산물투자; 13102136297ACC_ITEM.10501:통계상 불일치; 13102136297ACC_ITEM.10601:국내총생산에 대한 지출,,
C02275,작년 4분기는 11월 전망(0.5%)의 5분의 1에 불과하다.,301,DT_200Y108,13102136297ACC_ITEM.10101:최종소비지출; 13102136297ACC_ITEM.1010110:민간; 13102136297ACC_ITEM.1010111:가계; 13102136297ACC_ITEM.1020110:총고정자본형성; 13102136297ACC_ITEM.1020114:총고정자본형성(민간); 13102136297ACC_ITEM.1030110:(재화)F.O.B. 기준; 13102136297ACC_ITEM.1040110:(재화)F.O.B. 기준; 13102136297ACC_ITEM.1010112:가계에 봉사하는 비영리단체; 13102136297ACC_ITEM.1010120:정부; 13102136297ACC_ITEM.10201:총자본형성; 13102136297ACC_ITEM.1020115:총고정자본형성(정부); 13102136297ACC_ITEM.1020120:재고증감 및 귀중품 순취득; 13102136297ACC_ITEM.1030120:(서비스); 13102136297ACC_ITEM.1040120:(서비스); 13102136297ACC_ITEM.1020111:건설투자; 13102136297ACC_ITEM.10301:재화와 서비스의 수출; 13102136297ACC_ITEM.1020112:설비투자; 13102136297ACC_ITEM.10401:(공제)재화와 서비스의 수입; 13102136297ACC_ITEM.1020113:지식재산생산물투자; 13102136297ACC_ITEM.10501:통계상 불일치; 13102136297ACC_ITEM.10601:국내총생산에 대한 지출,,
C02276,한국은행은 23일 “2024년 실질 국내총생산(GDP)이 1년 전보다 2% 증가했다”고 밝혔다.,301,DT_200Y110,13102136261ACC_ITEM.10101:최종소비지출; 13102136261ACC_ITEM.1010110:민간; 13102136261ACC_ITEM.1010111:가계; 13102136261ACC_ITEM.1020110:총고정자본형성; 13102136261ACC_ITEM.1020114:총고정자본형성(민간); 13102136261ACC_ITEM.1030110:(재화)F.O.B. 기준; 13102136261ACC_ITEM.1040110:(재화)F.O.B. 기준; 13102136261ACC_ITEM.1010112:가계에 봉사하는 비영리단체; 13102136261ACC_ITEM.1010120:정부; 13102136261ACC_ITEM.10201:총자본형성; 13102136261ACC_ITEM.1020115:총고정자본형성(정부); 13102136261ACC_ITEM.1020120:재고증감 및 귀중품 순취득; 13102136261ACC_ITEM.1030120:(서비스); 13102136261ACC_ITEM.1040120:(서비스); 13102136261ACC_ITEM.1020111:건설투자; 13102136261ACC_ITEM.10301:재화와 서비스의 수출; 13102136261ACC_ITEM.1020112:설비투자; 13102136261ACC_ITEM.10401:(공제)재화와 서비스의 수입; 13102136261ACC_ITEM.1020113:지식재산생산물투자; 13102136261ACC_ITEM.10501:통계상 불일치; 13102136261ACC_ITEM.10601:국내총생산에 대한 지출,,
C02283,"한은은 작년 11월 전망 당시 4분기에도 3분기처럼 민간 소비가 0.5% 성장할 것으로 봤는데, 실제로는 0.2% 늘어나는 데 그쳤다.",301,DT_200Y108,13102136297ACC_ITEM.10101:최종소비지출; 13102136297ACC_ITEM.1010110:민간; 13102136297ACC_ITEM.1010111:가계; 13102136297ACC_ITEM.1020110:총고정자본형성; 13102136297ACC_ITEM.1020114:총고정자본형성(민간); 13102136297ACC_ITEM.1030110:(재화)F.O.B. 기준; 13102136297ACC_ITEM.1040110:(재화)F.O.B. 기준; 13102136297ACC_ITEM.1010112:가계에 봉사하는 비영리단체; 13102136297ACC_ITEM.1010120:정부; 13102136297ACC_ITEM.10201:총자본형성; 13102136297ACC_ITEM.1020115:총고정자본형성(정부); 13102136297ACC_ITEM.1020120:재고증감 및 귀중품 순취득; 13102136297ACC_ITEM.1030120:(서비스); 13102136297ACC_ITEM.1040120:(서비스); 13102136297ACC_ITEM.1020111:건설투자; 13102136297ACC_ITEM.10301:재화와 서비스의 수출; 13102136297ACC_ITEM.1020112:설비투자; 13102136297ACC_ITEM.10401:(공제)재화와 서비스의 수입; 13102136297ACC_ITEM.1020113:지식재산생산물투자; 13102136297ACC_ITEM.10501:통계상 불일치; 13102136297ACC_ITEM.10601:국내총생산에 대한 지출,,
C02285,이정희 중앙대 교수는 “작년 한국 인구의 20%가 65세 이상인 초고령사회로 진입하면서 구조적으로 소비 동력이 떨어져 내수가 살아나기 쉽지 않다”고 했다.,101,DT_1BPA002,1:중위 추계(기본 추계: 출산율-중위 / 기대수명-중위 / 국제순이동-중위); 2:고위 추계(최대인구 추계: 출산율-고위 / 기대수명-고위 / 국제순이동-고위); 3:저위 추계(최소인구 추계: 출산율-저위 / 기대수명-저위 / 국제순이동-저위),,
C02295,"1990년대까지 두 자릿수 성장률을 보였던 한국의 경제성장률은 2000년대 들어선 5%대, 2010년대엔 3%대, 2020년대 이후엔 2%대로 떨어지면서 피크 코리아 주장이 강해지고 있다.",301,DT_200Y110,13102136261ACC_ITEM.10101:최종소비지출; 13102136261ACC_ITEM.1010110:민간; 13102136261ACC_ITEM.1010111:가계; 13102136261ACC_ITEM.1020110:총고정자본형성; 13102136261ACC_ITEM.1020114:총고정자본형성(민간); 13102136261ACC_ITEM.1030110:(재화)F.O.B. 기준; 13102136261ACC_ITEM.1040110:(재화)F.O.B. 기준; 13102136261ACC_ITEM.1010112:가계에 봉사하는 비영리단체; 13102136261ACC_ITEM.1010120:정부; 13102136261ACC_ITEM.10201:총자본형성; 13102136261ACC_ITEM.1020115:총고정자본형성(정부); 13102136261ACC_ITEM.1020120:재고증감 및 귀중품 순취득; 13102136261ACC_ITEM.1030120:(서비스); 13102136261ACC_ITEM.1040120:(서비스); 13102136261ACC_ITEM.1020111:건설투자; 13102136261ACC_ITEM.10301:재화와 서비스의 수출; 13102136261ACC_ITEM.1020112:설비투자; 13102136261ACC_ITEM.10401:(공제)재화와 서비스의 수입; 13102136261ACC_ITEM.1020113:지식재산생산물투자; 13102136261ACC_ITEM.10501:통계상 불일치; 13102136261ACC_ITEM.10601:국내총생산에 대한 지출,,
C02357,서울 휘발유 평균 가격이 2023년 11월 이후 1년 2개월 여만에 L당 1800원대에 진입했다.,318,TX_31802_A000,15318AA1AA:보통휘발유; 15318AA1AB:실내등유; 15318AA1AC:보일러등유; 15318AA1AE:자동차용 경유,,
C02359,1월 넷째주(19~23일) 전국 주유소 휘발유 L당 평균 판매가는 1726.21원으로 집계됐다.,318,TX_31802_A000,15318AA1AA:보통휘발유; 15318AA1AB:실내등유; 15318AA1AC:보일러등유; 15318AA1AE:자동차용 경유,,
C02363,1월 넷째주 서울 주유소의 평균 휘발유 판매가격은 L당 1800.54원이었다.,318,TX_31802_A000,15318AA1AA:보통휘발유; 15318AA1AB:실내등유; 15318AA1AC:보일러등유; 15318AA1AE:자동차용 경유,,
C02365,서울 주유소 휘발유 평균 판매가격이 L당 1800원대에 진입한 건 2023년 11월 6일(1802.69원) 이후 1년2개월여 만이다.,318,TX_31802_A000,15318AA1AA:보통휘발유; 15318AA1AB:실내등유; 15318AA1AC:보일러등유; 15318AA1AE:자동차용 경유,,
C02602,26일 한국석유공사 유가 정보 시스템 오피넷에 따르면 1월 넷째 주(19∼23일) 전국 주유소 휘발유 평균 판매가는 리터(L)당 1726.2원으로 전주 대비 20.1원 상승했다.,318,TX_31802_A000,15318AA1AA:보통휘발유; 15318AA1AB:실내등유; 15318AA1AC:보일러등유; 15318AA1AE:자동차용 경유,,
C02604,서울 휘발유 평균 판매가가 1800원대에 진입한 건 2023년 11월 6일(1802.69원) 이후 약 1년 2개월 만이다.,318,TX_31802_A000,15318AA1AA:보통휘발유; 15318AA1AB:실내등유; 15318AA1AC:보일러등유; 15318AA1AE:자동차용 경유,,
C02605,전국 경유 평균 판매가도 L당 28.4원 상승한 1585.4원을 기록했다.,318,TX_31802_A000,15318AA1AA:보통휘발유; 15318AA1AB:실내등유; 15318AA1AC:보일러등유; 15318AA1AE:자동차용 경유,,
C02705,4 2025년에 한국은 65세 이상 인구의 비중이 20%를 초과하는 초고령사회(super-aged society)에 진입한다.,101,DT_1BPA002,1:중위 추계(기본 추계: 출산율-중위 / 기대수명-중위 / 국제순이동-중위); 2:고위 추계(최대인구 추계: 출산율-고위 / 기대수명-고위 / 국제순이동-고위); 3:저위 추계(최소인구 추계: 출산율-저위 / 기대수명-저위 / 국제순이동-저위),,
C02706,"65세 이상 인구 비중이 14% 이상이면 고령사회(aged society)로 분류되는데, 우리는 2018년에 고령사회에 진입했다.",101,DT_1BPA002,1:중위 추계(기본 추계: 출산율-중위 / 기대수명-중위 / 국제순이동-중위); 2:고위 추계(최대인구 추계: 출산율-고위 / 기대수명-고위 / 국제순이동-고위); 3:저위 추계(최소인구 추계: 출산율-저위 / 기대수명-저위 / 국제순이동-저위),,
C02710,"통계청이 발표한 ‘세계와 한국의 인구 현황및 전망(2024)’에 따르면, 한국 인구는 2024년 5200만 명에서 2072년 3600만 명으로 감소한다.",101,DT_1BPA002,1:중위 추계(기본 추계: 출산율-중위 / 기대수명-중위 / 국제순이동-중위); 2:고위 추계(최대인구 추계: 출산율-고위 / 기대수명-고위 / 국제순이동-고위); 3:저위 추계(최소인구 추계: 출산율-저위 / 기대수명-저위 / 국제순이동-저위),,
C02722,이들은 954만 명으로 인구의 18.6%를 차지한다.,101,DT_1BPA002,1:중위 추계(기본 추계: 출산율-중위 / 기대수명-중위 / 국제순이동-중위); 2:고위 추계(최대인구 추계: 출산율-고위 / 기대수명-고위 / 국제순이동-고위); 3:저위 추계(최소인구 추계: 출산율-저위 / 기대수명-저위 / 국제순이동-저위),,
C02838,지난 2020년 말(536만) 대비 2년 새 2.8% 증가했다.,101,DT_1PH2012,00:전국; 03:동부; 04:읍부; 05:면부; 11:서울특별시; 21:부산광역시; 21003:동부; 21004:읍부; 21005:면부; 22:대구광역시; 22003:동부; 22004:읍부; 22005:면부; 23:인천광역시; 23003:동부; 23004:읍부; 23005:면부; 24:광주광역시; 25:대전광역시; 26:울산광역시; 26003:동부; 26004:읍부; 26005:면부; 29:세종특별자치시; 29003:동부; 29004:읍부; 29005:면부; 31:경기도; 31003:동부; 31004:읍부; 31005:면부; 32:강원도; 32003:동부; 32004:읍부; 32005:면부; 33:충청북도; 33003:동부; 33004:읍부; 33005:면부; 34:충청남도; 34003:동부; 34004:읍부; 34005:면부; 35:전라북도; 35003:동부; 35004:읍부; 35005:면부; 36:전라남도; 36003:동부; 36004:읍부; 36005:면부; 37:경상북도; 37003:동부; 37004:읍부; 37005:면부; 38:경상남도; 38003:동부; 38004:읍부; 38005:면부; 39:제주특별자치도; 39003:동부; 39004:읍부; 39005:면부,T00:가구-계; T10:반려동물미보유가구-계; T20:반려동물보유가구-계; T30:단일-계; T31:단일-개; T32:단일-고양이; T33:단일-기타; T50:복합-계; T40:복합-개+고양이; T41:복합-개+기타; T42:복합-고양이+기타; T43:복합-개+고양이+기타,
C02839,전체 가구에서 반려가구가 차지하는 비중도 25.7%로 4가구 중 1가구는 반려동물을 키우고 있다.,101,DT_1PH2012,00:전국; 03:동부; 04:읍부; 05:면부; 11:서울특별시; 21:부산광역시; 21003:동부; 21004:읍부; 21005:면부; 22:대구광역시; 22003:동부; 22004:읍부; 22005:면부; 23:인천광역시; 23003:동부; 23004:읍부; 23005:면부; 24:광주광역시; 25:대전광역시; 26:울산광역시; 26003:동부; 26004:읍부; 26005:면부; 29:세종특별자치시; 29003:동부; 29004:읍부; 29005:면부; 31:경기도; 31003:동부; 31004:읍부; 31005:면부; 32:강원도; 32003:동부; 32004:읍부; 32005:면부; 33:충청북도; 33003:동부; 33004:읍부; 33005:면부; 34:충청남도; 34003:동부; 34004:읍부; 34005:면부; 35:전라북도; 35003:동부; 35004:읍부; 35005:면부; 36:전라남도; 36003:동부; 36004:읍부; 36005:면부; 37:경상북도; 37003:동부; 37004:읍부; 37005:면부; 38:경상남도; 38003:동부; 38004:읍부; 38005:면부; 39:제주특별자치도; 39003:동부; 39004:읍부; 39005:면부,T00:가구-계; T10:반려동물미보유가구-계; T20:반려동물보유가구-계; T30:단일-계; T31:단일-개; T32:단일-고양이; T33:단일-기타; T50:복합-계; T40:복합-개+고양이; T41:복합-개+기타; T42:복합-고양이+기타; T43:복합-개+고양이+기타,
C02911,설날인 29일 한국석유공사 유가 정보 사이트 오피넷에 따르면 이날 오전 기준 전국 휘발유 평균가격은 리터(L)당 전날보다 0.11원 내린 1733.37원으로 나타났다.,318,TX_31802_A000,15318AA1AA:보통휘발유; 15318AA1AB:실내등유; 15318AA1AC:보일러등유; 15318AA1AE:자동차용 경유,,
C02914,"경유도 전국 평균 가격이 전날보다 L당 0.13원 내린 1596.88원을 나타낸 가운데 대구(1569원), 울산(1579원), 전북(1581원) 순으로 낮았고, 서울(1680원), 제주(1641원), 인천(1607원) 순으로 높았다.",318,TX_31802_A000,15318AA1AA:보통휘발유; 15318AA1AB:실내등유; 15318AA1AC:보일러등유; 15318AA1AE:자동차용 경유,,
C02915,대전은 휘발유(1724원)는 전국 평균보다 다소 낮았지만.,318,TX_31802_A000,15318AA1AA:보통휘발유; 15318AA1AB:실내등유; 15318AA1AC:보일러등유; 15318AA1AE:자동차용 경유,,
C02917,"고속도로별로 보면 보통휘발유 기준 경부고속도로 상행선은 평균 L당 1683원을 나타낸 가운데 충남 천안 입장주유소는 L당 1659원으로 가장 싼 것으로 집계됐고, 경북 김천주유소가 1672원으로 뒤를 이었다.",318,TX_31802_A000,15318AA1AA:보통휘발유; 15318AA1AB:실내등유; 15318AA1AC:보일러등유; 15318AA1AE:자동차용 경유,,
C02920,"주요 고속도로 가운데 상행선 기준 보통휘발유 평균가격은 남해(1672원), 호남(1680원), 경부(1683원), 중앙(1683원), 중부내륙(1686원), 중부(1689원), 영동(1709원), 서해안(1720원) 순으로 나타났다.",318,TX_31802_A000,15318AA1AA:보통휘발유; 15318AA1AB:실내등유; 15318AA1AC:보일러등유; 15318AA1AE:자동차용 경유,,
C02922,"오피넷에 따르면 전국 보통휘발유 평균 가격은 작년 10월 19일부터 전날인 1월 28일까지 102일 연속, 경유 평균 가격은 작년 10월 22일부터 99일 연속 상승했지만, 이날 오전엔 각각 0.11원, 0.13원 하락하면서 내림세로 돌아설 가능성이 제기됐다.",318,TX_31802_A000,15318AA1AA:보통휘발유; 15318AA1AB:실내등유; 15318AA1AC:보일러등유; 15318AA1AE:자동차용 경유,,
C03014,"한국은 2023년(1.4%) 1%대 성장률에 이어, 작년에는 간신히 2%에 턱걸이했다.",301,DT_200Y110,13102136261ACC_ITEM.10101:최종소비지출; 13102136261ACC_ITEM.1010110:민간; 13102136261ACC_ITEM.1010111:가계; 13102136261ACC_ITEM.1020110:총고정자본형성; 13102136261ACC_ITEM.1020114:총고정자본형성(민간); 13102136261ACC_ITEM.1030110:(재화)F.O.B. 기준; 13102136261ACC_ITEM.1040110:(재화)F.O.B. 기준; 13102136261ACC_ITEM.1010112:가계에 봉사하는 비영리단체; 13102136261ACC_ITEM.1010120:정부; 13102136261ACC_ITEM.10201:총자본형성; 13102136261ACC_ITEM.1020115:총고정자본형성(정부); 13102136261ACC_ITEM.1020120:재고증감 및 귀중품 순취득; 13102136261ACC_ITEM.1030120:(서비스); 13102136261ACC_ITEM.1040120:(서비스); 13102136261ACC_ITEM.1020111:건설투자; 13102136261ACC_ITEM.10301:재화와 서비스의 수출; 13102136261ACC_ITEM.1020112:설비투자; 13102136261ACC_ITEM.10401:(공제)재화와 서비스의 수입; 13102136261ACC_ITEM.1020113:지식재산생산물투자; 13102136261ACC_ITEM.10501:통계상 불일치; 13102136261ACC_ITEM.10601:국내총생산에 대한 지출,,
C03047,대한민국 주민등록 인구 중 65세 이상 비율이 20%를 넘어섰다.,101,DT_1B04006,00:전국; 11:서울특별시; 11110:종로구; 11140:중구; 11170:용산구; 11200:성동구; 11215:광진구; 11230:동대문구; 11260:중랑구; 11290:성북구; 11305:강북구; 11320:도봉구; 11350:노원구; 11380:은평구; 11410:서대문구; 11440:마포구; 11470:양천구; 11500:강서구; 11530:구로구; 11545:금천구; 11560:영등포구; 11590:동작구; 11620:관악구; 11650:서초구; 11680:강남구; 11710:송파구; 11740:강동구; 26:부산광역시; 26110:중구; 26140:서구; 26170:동구; 26200:영도구; 26230:부산진구; 26260:동래구; 26290:남구; 26320:북구; 26350:해운대구; 26380:사하구; 26410:금정구; 26440:강서구; 26470:연제구; 26500:수영구; 26530:사상구; 26710:기장군; 27:대구광역시; 27110:중구; 27140:동구; 27170:서구; 27200:남구; 27230:북구; 27260:수성구; 27290:달서구; 27710:달성군; 27720:군위군; 28:인천광역시; 28110:중구; 28114:중구영종출장소; 28118:중구용유출장소; 28140:동구; 28170:남구; 28177:미추홀구; 28185:연수구; 28200:남동구; 28237:부평구; 28245:계양구; 28260:서구; 28265:서구검단출장소; 28710:강화군; 28720:옹진군; 29:광주광역시; 29110:동구; 29140:서구; 29155:남구; 29170:북구; 29200:광산구; 30:대전광역시; 30110:동구; 30140:중구; 30170:서구; 30200:유성구; 30230:대덕구; 31:울산광역시; 31110:중구; 31140:남구; 31170:동구; 31200:북구; 31710:울주군; 36:세종특별자치시; 36110:세종특별자치시; 41:경기도; 41105:북부출장소; 41110:수원시; 41111:장안구; 41113:권선구; 41115:팔달구; 41117:영통구; 41130:성남시; 41131:수정구; 41133:중원구; 41135:분당구; 41150:의정부시; 41170:안양시; 41171:만안구; 41173:동안구; 41190:부천시; 41192:원미구; 41194:소사구; 41195:원미구; 41196:오정구; 41197:소사구; 41199:오정구; 41210:광명시; 41220:평택시; 41222:송탄출장소; 41224:안중출장소; 41250:동두천시; 41270:안산시; 41271:상록구; 41273:단원구; 41280:고양시; 41281:덕양구; 41285:일산동구; 41287:일산서구; 41290:과천시; 41310:구리시; 41360:남양주시; 41362:풍양출장소; 41370:오산시; 41390:시흥시; 41410:군포시; 41430:의왕시; 41450:하남시; 41460:용인시; 41461:처인구; 41463:기흥구; 41465:수지구; 41480:파주,T2:총인구수; T3:남자인구수; T4:여자인구수,YES
C03193,"일평균 수출은 전년 동월 대비 7.7% 증가한 25억 달러로, 2022년(25억 달러)에 이어 역대 1월 중 둘째로 높은 수준을 기록했다.",360,DT_1R11001_FRM101,13102112831A.A:총액; 13102112831A.0:식품 및 산동물; 13102112831A.00:중분류 03의 동물을 제외한 산 동물; 13102112831A.001:중분류 03의 동물을 제외한 산 동물; 13102112831A.0011:소(물소 포함); 13102112831A.00111:종우 ; 13102112831A.00119:종우 이외의 소 ; 13102112831A.0012:면양과 산양; 13102112831A.00121:면양 ; 13102112831A.00122:산양(염소 포함) ; 13102112831A.0013:돼지; 13102112831A.00131:종돈 ; 13102112831A.00139:기타 ; 13102112831A.0014:가금; 13102112831A.00141:185그램미만의 것 ; 13102112831A.00149:185그램이상의 것 ; 13102112831A.0015:말.당나귀.노새와 버새; 13102112831A.00150:기타(말.당나귀.노새와 버새); 13102112831A.00151:말 ; 13102112831A.00152:당나귀 노새와 버새 ; 13102112831A.0019:달리 명시되지 않은 산 동물 ; 13102112831A.00190:기타(달리 명시되지 않은 산 동물 ); 13102112831A.00191:포유류; 13102112831A.00192:조류; 13102112831A.00193:양서류; 13102112831A.00194:파충류; 13102112831A.00195:곤충류; 13102112831A.00196:환형동물류; 13102112831A.00199:기타 달리 명시되지 않은 산 동물; 13102112831A.01:고기및 고기 조제품; 13102112831A.011:쇠고기신선냉장 또는 냉동한 것; 13102112831A.0111:쇠고기신선 또는 냉장한 것; 13102112831A.01111:뼈있는 것 ; 13102112831A.01112:뼈 제거한 것 ; 13102112831A.0112:쇠고기냉동한 것; 13102112831A.01121:뼈 있는 것 ; 13102112831A.01122:뼈 제거한 것 ; 13102112831A.012:기타 고기 및 식용 설육신선냉장 또는 냉동한 것; 13102112831A.0121:면양 및 산양고기신선냉장 또는 냉동한 것; 13102112831A.01211:면양의 고기 신선 또는 냉장한 것 ; 13102112831A.01212:면양의 고기 냉동한 것 ; 13102112831A.01213:산양의 고기 ; 13102112831A.0122:돼지고기신선냉장 또는 냉동한 것; 13102112831A.01221:신선 또는 냉장한 것 ; 13102112831A.01222:냉동한 것 ; 13102112831A.0123:가금류의 고기 및 식용 설육; 13102112831A.01230:기타(가금류의 고기 및 식용 설육); 13102112831A.01231:절단하지 않은 고기 신선 또는 냉장한 것 ; 13102112831A.01232:절단하지 않은 고기 냉동,13103112831T1:수출액; 13103112831T2:수입액,YES
C03202,다만 주요 시장으로의 일평균 수출은 중동을 제외한 8개 지역에서 플러스를 기록했다.,360,DT_1R11006_FRM101,,13103103829T1:수출액; 13103103829T2:수입액,
C03204,"1일 한국석유공사 유가정보 시스템 오피넷에 따르면, 1월 5주(26∼30일) 전국 주유소 휘발유 평균 판매가는 직전 주 대비 L당 6.9원 상승한 1733.1원을 기록했다.",318,TX_31802_A000,15318AA1AA:보통휘발유; 15318AA1AB:실내등유; 15318AA1AC:보일러등유; 15318AA1AE:자동차용 경유,,
C03207,"가장 저렴한 상표는 알뜰주유소로, L당 평균가는 1706.1원이었다.",318,TX_31802_A000,15318AA1AA:보통휘발유; 15318AA1AB:실내등유; 15318AA1AC:보일러등유; 15318AA1AE:자동차용 경유,,
C03332,이 경우 실질 국내총생산(GDP)도 0.29∼0.67% 수준으로 감소할 것으로 예측했다.,301,DT_200Y106,13102136275ACC_ITEM.1101:농림어업; 13102136275ACC_ITEM.110101:재배업; 13102136275ACC_ITEM.1102:광업; 13102136275ACC_ITEM.110301:음식료품 제조업; 13102136275ACC_ITEM.110401:전기업; 13102136275ACC_ITEM.11051:주거용 건물 건설업; 13102136275ACC_ITEM.11055:건물건설 및 건축보수업; 13102136275ACC_ITEM.1106:도소매 및 숙박음식업; 13102136275ACC_ITEM.110601:도소매업; 13102136275ACC_ITEM.11131:예술 스포츠 및 여가관련 서비스업; 13102136275ACC_ITEM.11141:통신업; 13102136275ACC_ITEM.11501:전문 과학 및 기술관련 서비스업; 13102136275ACC_ITEM.110102:축산업; 13102136275ACC_ITEM.1103:제조업; 13102136275ACC_ITEM.110302:섬유 및 가죽제품 제조업; 13102136275ACC_ITEM.110402:가스 증기 및 공기조절 공급업; 13102136275ACC_ITEM.11052:비주거용 건물 건설업; 13102136275ACC_ITEM.11053:토목건설업; 13102136275ACC_ITEM.110602:숙박 및 음식점업; 13102136275ACC_ITEM.1107:운수업; 13102136275ACC_ITEM.11132:기타 서비스업; 13102136275ACC_ITEM.11142:출판 방송 영상 정보서비스; 13102136275ACC_ITEM.1118:광공업; 13102136275ACC_ITEM.11502:사업지원 서비스업; 13102136275ACC_ITEM.110103:임업; 13102136275ACC_ITEM.110303:목재 종이 인쇄 및 복제업; 13102136275ACC_ITEM.1104:전기 가스 및 수도사업; 13102136275ACC_ITEM.110403:수도 하수 및 폐기물 처리 원료 재생업; 13102136275ACC_ITEM.11054:건축보수업; 13102136275ACC_ITEM.1108:금융 및 보험업; 13102136275ACC_ITEM.110104:어업; 13102136275ACC_ITEM.110304:코크스 및 석유정제품 제조업; 13102136275ACC_ITEM.1105:건설업; 13102136275ACC_ITEM.1109:부동산업; 13102136275ACC_ITEM.110305:화학물질 및 화학제품 제조업; 13102136275ACC_ITEM.1114:정보통신업; 13102136275ACC_ITEM.1117:서비스업; 13102136275ACC_ITEM.110306:비금속광물제품 제조업; 13102136275ACC_ITEM.1115:사업서비스업; 13102136275ACC_ITEM.1200:총부가가치(기초가격); 13102136275ACC_ITEM.110307:1차금속 제조업; 13102136275AC,,YES
C03551,"◇소매판매 3년째 ‘마이너스’ 작년에 한국은행이 기준 금리를 낮추기 시작하고 물가가 2%대로 안정된 데다 수출도 증가세로 들어서면서 소비가 되살아날 것이라고 정부는 기대했지만, 경기 회복 지연과 소비 심리 위축으로 사람들이 지갑을 열지 않았다.",101,DT_1K41012,,T1:경상지수; T2:불변지수; T3:계절조정지수,
C03635,"4일 통계청에 따르면, 지난해 4분기 건설기성액은 30조4492억원으로 전년 같은 기간보다 10.1% 감소했다.",101,DT_1G18004,0:기성총액; 1:건축공사; 2:토목공사,,
C03636,4분기 기준으로 2008년 4분기(-15.3%) 이후 최대 낙폭이다.,101,DT_1G18004,0:기성총액; 1:건축공사; 2:토목공사,,
C03637,전체 분기를 통틀어서도 2011년 1분기(-11.1%) 이후 감소 폭이 가장 컸다.,101,DT_1G18004,0:기성총액; 1:건축공사; 2:토목공사,,
C03820,"한국석유공사에 따르면, 지난 5일 전국 주유소의 보통 휘발유 평균 가격은 L당 1732.99원으로 한 달 전(1680.56원) 대비 3.1%, 1년 전(1592.01원) 대비 8.9% 올랐다.",318,TX_31802_A000,15318AA1AA:보통휘발유; 15318AA1AB:실내등유; 15318AA1AC:보일러등유; 15318AA1AE:자동차용 경유,,
C03846,"당초 한은은 작년에 900억달러의 경상수지 흑자를 전망했는데, 이보다도 10% 더 많이 달러가 들어온 것이다.",301,DT_301Y017,13102134664ACC_CD.SA000:경상수지; 13102134664ACC_CD.SA100:상품수지; 13102134664ACC_CD.SA110:상품수출; 13102134664ACC_CD.SA210:서비스수입; 13102134664ACC_CD.SA2B1:운송수입; 13102134664ACC_CD.SA2C1:여행수입; 13102134664ACC_CD.SA310:본원소득수입; 13102134664ACC_CD.SA410:이전소득수입; 13102134664ACC_CD.SA120:상품수입(FOB); 13102134664ACC_CD.SA200:서비스수지; 13102134664ACC_CD.SA220:서비스지급; 13102134664ACC_CD.SA2B2:운송지급; 13102134664ACC_CD.SA2C2:여행지급; 13102134664ACC_CD.SA320:본원소득지급; 13102134664ACC_CD.SA420:이전소득지급; 13102134664ACC_CD.SA300:본원소득수지; 13102134664ACC_CD.SA2B0:운송수지; 13102134664ACC_CD.SA400:이전소득수지; 13102134664ACC_CD.SA2C0:여행수지,,
C03883,8일 한국석유공사 유가정보시스템 오피넷에 따르면 2월 첫째 주(2∼6일) 전국 주유소 휘발유 평균 판매가는 리터(L)당 1733.06원으로 전주 대비 0.04원 내렸다.,318,TX_31802_A000,15318AA1AA:보통휘발유; 15318AA1AB:실내등유; 15318AA1AC:보일러등유; 15318AA1AE:자동차용 경유,,
C03884,서울 소재 주유소 휘발유 평균 가격이 직전 주보다 4.1원 상승한 L당 1801.8원으로 전국 17개 시도 가운데 가장 높았다.,318,TX_31802_A000,15318AA1AA:보통휘발유; 15318AA1AB:실내등유; 15318AA1AC:보일러등유; 15318AA1AE:자동차용 경유,,
C03886,경유 평균 판매가격은 L당 1597.7원으로 전주 대비 1.1원 올랐다.,318,TX_31802_A000,15318AA1AA:보통휘발유; 15318AA1AB:실내등유; 15318AA1AC:보일러등유; 15318AA1AE:자동차용 경유,,
C03897,"국토교통부에 따르면, 지난해 12월말 기준 준공 후 미분양 주택은 2만1480가구로 전월 대비 15.2% 늘었다.",116,DT_MLTM_5328,13102871088A.0001:전국; 13102871088A.0002:서울; 13102871088A.0003:부산; 13102871088A.0004:대구; 13102871088A.0005:인천; 13102871088A.0006:광주; 13102871088A.0007:대전; 13102871088A.0008:울산; 13102871088A.0009:경기; 13102871088A.0010:세종; 13102871088A.0011:강원; 13102871088A.0012:충북; 13102871088A.0013:충남; 13102871088A.0014:전북; 13102871088A.0015:전남; 13102871088A.0016:경북; 13102871088A.0017:경남; 13102871088A.0018:제주,,
C03991,"실업률은 4.0%로 전월(4.1%)보다 낮아졌고, 전문가 예상치(4.1%)도 하회했다.",101,DT_1DA7001S,,T10:15세이상인구; T20:경제활동인구; T30:취업자; T40:실업자; T50:비경제활동인구; T60:경제활동참가율; T80:실업률; T90:고용률,
C04020,"1990년대까지 두 자릿수에 달했던 경제성장률은 2000년대 들어 5%대, 2010년대엔 3%대, 2020년대 이후 2%대로 갈수록 하락하고 있다.",301,DT_200Y110,13102136261ACC_ITEM.10101:최종소비지출; 13102136261ACC_ITEM.1010110:민간; 13102136261ACC_ITEM.1010111:가계; 13102136261ACC_ITEM.1020110:총고정자본형성; 13102136261ACC_ITEM.1020114:총고정자본형성(민간); 13102136261ACC_ITEM.1030110:(재화)F.O.B. 기준; 13102136261ACC_ITEM.1040110:(재화)F.O.B. 기준; 13102136261ACC_ITEM.1010112:가계에 봉사하는 비영리단체; 13102136261ACC_ITEM.1010120:정부; 13102136261ACC_ITEM.10201:총자본형성; 13102136261ACC_ITEM.1020115:총고정자본형성(정부); 13102136261ACC_ITEM.1020120:재고증감 및 귀중품 순취득; 13102136261ACC_ITEM.1030120:(서비스); 13102136261ACC_ITEM.1040120:(서비스); 13102136261ACC_ITEM.1020111:건설투자; 13102136261ACC_ITEM.10301:재화와 서비스의 수출; 13102136261ACC_ITEM.1020112:설비투자; 13102136261ACC_ITEM.10401:(공제)재화와 서비스의 수입; 13102136261ACC_ITEM.1020113:지식재산생산물투자; 13102136261ACC_ITEM.10501:통계상 불일치; 13102136261ACC_ITEM.10601:국내총생산에 대한 지출,,
C04021,지난해 우리나라의 1분기부터 4분기까지 분기별 경제성장률을 보면 1.3%→-0.2%→0.1%→0.1%’로 최근 3분기 연속(連續) 0%대의 낙제(落第) 수준이다.,301,DT_200Y108,13102136297ACC_ITEM.10101:최종소비지출; 13102136297ACC_ITEM.1010110:민간; 13102136297ACC_ITEM.1010111:가계; 13102136297ACC_ITEM.1020110:총고정자본형성; 13102136297ACC_ITEM.1020114:총고정자본형성(민간); 13102136297ACC_ITEM.1030110:(재화)F.O.B. 기준; 13102136297ACC_ITEM.1040110:(재화)F.O.B. 기준; 13102136297ACC_ITEM.1010112:가계에 봉사하는 비영리단체; 13102136297ACC_ITEM.1010120:정부; 13102136297ACC_ITEM.10201:총자본형성; 13102136297ACC_ITEM.1020115:총고정자본형성(정부); 13102136297ACC_ITEM.1020120:재고증감 및 귀중품 순취득; 13102136297ACC_ITEM.1030120:(서비스); 13102136297ACC_ITEM.1040120:(서비스); 13102136297ACC_ITEM.1020111:건설투자; 13102136297ACC_ITEM.10301:재화와 서비스의 수출; 13102136297ACC_ITEM.1020112:설비투자; 13102136297ACC_ITEM.10401:(공제)재화와 서비스의 수입; 13102136297ACC_ITEM.1020113:지식재산생산물투자; 13102136297ACC_ITEM.10501:통계상 불일치; 13102136297ACC_ITEM.10601:국내총생산에 대한 지출,,
C04071,당시 대규모 추경을 편성해 2008년 4분기 –4.6%까지 추락한 한국 경제성장률을 2010년 6.3%로 ‘V자 반등’을 이뤄내는데 크게 역할을 했다는 평가를 받는다.,301,DT_200Y110,13102136261ACC_ITEM.10101:최종소비지출; 13102136261ACC_ITEM.1010110:민간; 13102136261ACC_ITEM.1010111:가계; 13102136261ACC_ITEM.1020110:총고정자본형성; 13102136261ACC_ITEM.1020114:총고정자본형성(민간); 13102136261ACC_ITEM.1030110:(재화)F.O.B. 기준; 13102136261ACC_ITEM.1040110:(재화)F.O.B. 기준; 13102136261ACC_ITEM.1010112:가계에 봉사하는 비영리단체; 13102136261ACC_ITEM.1010120:정부; 13102136261ACC_ITEM.10201:총자본형성; 13102136261ACC_ITEM.1020115:총고정자본형성(정부); 13102136261ACC_ITEM.1020120:재고증감 및 귀중품 순취득; 13102136261ACC_ITEM.1030120:(서비스); 13102136261ACC_ITEM.1040120:(서비스); 13102136261ACC_ITEM.1020111:건설투자; 13102136261ACC_ITEM.10301:재화와 서비스의 수출; 13102136261ACC_ITEM.1020112:설비투자; 13102136261ACC_ITEM.10401:(공제)재화와 서비스의 수입; 13102136261ACC_ITEM.1020113:지식재산생산물투자; 13102136261ACC_ITEM.10501:통계상 불일치; 13102136261ACC_ITEM.10601:국내총생산에 대한 지출,,
C04077,"9일 전력거래소에 따르면 지난해 전력 거래량은 54만9387GWh(기가와트시)로, 이 중 32.5%인 17만8749GWh를 원자력으로 충당한 것으로 나타났다.",388,TX_38804_A005,,16388AAW3:전력거래량; T001:전력거래량 비율,
C04078,"LNG(29.8%), 석탄(29.4%), 신재생(6.9%)이 뒤를 이었다.",388,TX_38804_A005,,16388AAW3:전력거래량; T001:전력거래량 비율,
C04079,원자력 비중은 34.8%를 기록했던 지난 2009년 이후 15년 만에 가장 높은 수준이다.,388,TX_38804_A005,,16388AAW3:전력거래량; T001:전력거래량 비율,
C04082,"2009년 45.9%까지 늘어난 석탄 비중은 꾸준히 40%대를 유지해오다가, 44%를 기록한 2017년을 기점으로 꾸준히 비중이 줄기 시작했다.",388,TX_38804_A005,,16388AAW3:전력거래량; T001:전력거래량 비율,
C04084,10~20%대에 머물던 LNG 발전 비중은 30%에 육박할 만큼 몸집을 키웠다.,388,TX_38804_A005,,16388AAW3:전력거래량; T001:전력거래량 비율,
C04085,"2000년대 중반까지만 해도 40%대를 유지하며 주력 에너지원으로 자리매김했던 원전은, 문재인 정부 시절 탈원전 기간인 2018년 당시 23.7%까지 비중을 줄였다.",388,TX_38804_A005,,16388AAW3:전력거래량; T001:전력거래량 비율,
C04086,"이후 꾸준히 상승세를 보이며 2022년부터는 다시 30%대에 진입, 지난해 32.5%로 15년 만에 최고 기록을 갈아치운 것이다.",388,TX_38804_A005,,16388AAW3:전력거래량; T001:전력거래량 비율,
C04127,한국은행에 따르면 예금은행 정기적금 금리(신규취급액 기준)는 작년 12월 연 3.2%대에 그쳤다.,301,DT_121Y002,13102134588ACC_ITEM.BEABAA:신규취급액 기준; 13102134588ACC_ITEM.BEABAA2:저축성수신; 13102134588ACC_ITEM.BEABAA211:정기예금; 13102134588ACC_ITEM.BEABAA2111:정기예금(6개월 미만) 2); 13102134588ACC_ITEM.BEABAA2118:정기예금(1년); 13102134588ACC_ITEM.BEABAA2122:정기적금(1-2년); 13102134588ACC_ITEM.BEABAA2132:상호부금(1-2년); 13102134588ACC_ITEM.BEABAA221:양도성예금증서; 13102134588ACC_ITEM.BEABAA2211:양도성예금증서(91일); 13102134588ACC_ITEM.BEABAA2221:환매조건부채권매도(91-180일); 13102134588ACC_ITEM.BEABAA2231:표지어음(91-120일); 13102134588ACC_ITEM.BEABAA1:저축성수신(금융채 제외) 1); 13102134588ACC_ITEM.BEABAA21:순수저축성예금 1); 13102134588ACC_ITEM.BEABAA2112:정기예금(6개월~1년 미만) 2); 13102134588ACC_ITEM.BEABAA212:정기적금; 13102134588ACC_ITEM.BEABAA2121:정기적금(3-4년); 13102134588ACC_ITEM.BEABAA2131:상호부금(3-4년); 13102134588ACC_ITEM.BEABAA222:환매조건부채권매도; 13102134588ACC_ITEM.BEABAA2113:정기예금(1~2년 미만) 2); 13102134588ACC_ITEM.BEABAA213:상호부금; 13102134588ACC_ITEM.BEABAA22:시장형금융상품; 13102134588ACC_ITEM.BEABAA223:표지어음; 13102134588ACC_ITEM.BEABAA2114:정기예금(2~3년 미만); 13102134588ACC_ITEM.BEABAA214:주택부금; 13102134588ACC_ITEM.BEABAA224:금융채 3); 13102134588ACC_ITEM.BEABAA2115:정기예금(3~4년 미만); 13102134588ACC_ITEM.BEABAA2116:정기예금(4~5년 미만); 13102134588ACC_ITEM.BEABAA2117:정기예금(5년 이상),,
C04166,"한국석유공사에 따르면, 2월 첫 주(2∼6일) 전국 주유소 휘발유 평균 판매가는 리터(L)당 1733.06원으로 일주일 전보다 0.04원 내렸다.",318,TX_31802_A000,15318AA1AA:보통휘발유; 15318AA1AB:실내등유; 15318AA1AC:보일러등유; 15318AA1AE:자동차용 경유,,
C04193,"KDI는 “지난달 반도체를 포함한 ICT 품목의 일평균 수출은 전년 동월 대비 25% 증가했지만, ICT를 제외한 품목들의 일평균 수출액은 1.7% 감소했다”고 했다.",360,DT_1R11001_FRM101,13102112831A.A:총액; 13102112831A.0:식품 및 산동물; 13102112831A.00:중분류 03의 동물을 제외한 산 동물; 13102112831A.001:중분류 03의 동물을 제외한 산 동물; 13102112831A.0011:소(물소 포함); 13102112831A.00111:종우 ; 13102112831A.00119:종우 이외의 소 ; 13102112831A.0012:면양과 산양; 13102112831A.00121:면양 ; 13102112831A.00122:산양(염소 포함) ; 13102112831A.0013:돼지; 13102112831A.00131:종돈 ; 13102112831A.00139:기타 ; 13102112831A.0014:가금; 13102112831A.00141:185그램미만의 것 ; 13102112831A.00149:185그램이상의 것 ; 13102112831A.0015:말.당나귀.노새와 버새; 13102112831A.00150:기타(말.당나귀.노새와 버새); 13102112831A.00151:말 ; 13102112831A.00152:당나귀 노새와 버새 ; 13102112831A.0019:달리 명시되지 않은 산 동물 ; 13102112831A.00190:기타(달리 명시되지 않은 산 동물 ); 13102112831A.00191:포유류; 13102112831A.00192:조류; 13102112831A.00193:양서류; 13102112831A.00194:파충류; 13102112831A.00195:곤충류; 13102112831A.00196:환형동물류; 13102112831A.00199:기타 달리 명시되지 않은 산 동물; 13102112831A.01:고기및 고기 조제품; 13102112831A.011:쇠고기신선냉장 또는 냉동한 것; 13102112831A.0111:쇠고기신선 또는 냉장한 것; 13102112831A.01111:뼈있는 것 ; 13102112831A.01112:뼈 제거한 것 ; 13102112831A.0112:쇠고기냉동한 것; 13102112831A.01121:뼈 있는 것 ; 13102112831A.01122:뼈 제거한 것 ; 13102112831A.012:기타 고기 및 식용 설육신선냉장 또는 냉동한 것; 13102112831A.0121:면양 및 산양고기신선냉장 또는 냉동한 것; 13102112831A.01211:면양의 고기 신선 또는 냉장한 것 ; 13102112831A.01212:면양의 고기 냉동한 것 ; 13102112831A.01213:산양의 고기 ; 13102112831A.0122:돼지고기신선냉장 또는 냉동한 것; 13102112831A.01221:신선 또는 냉장한 것 ; 13102112831A.01222:냉동한 것 ; 13102112831A.0123:가금류의 고기 및 식용 설육; 13102112831A.01230:기타(가금류의 고기 및 식용 설육); 13102112831A.01231:절단하지 않은 고기 신선 또는 냉장한 것 ; 13102112831A.01232:절단하지 않은 고기 냉동,13103112831T1:수출액; 13103112831T2:수입액,YES
C04198,6 지난해 국내 전력 거래에서 원전이 차지하는 비율이 15년 만에 가장 높은 32.5%를 나타냈다.,388,TX_38804_A005,,16388AAW3:전력거래량; T001:전력거래량 비율,
C04201,"9일 전력거래소 전력통계정보시스템에 따르면 지난해 원전 전력 거래량은 17만8749GWh(기가와트시)로, 전체 전력 거래(54만9387GWh)의 32.5%를 차지한 것으로 나타났다.",388,TX_38804_A005,,16388AAW3:전력거래량; T001:전력거래량 비율,
C04202,"LNG(29.8%), 석탄(29.4%), 신재생(6.9%)이 그 뒤를 이었다.",388,TX_38804_A005,,16388AAW3:전력거래량; T001:전력거래량 비율,
C04203,"원전 비율은 문재인 정부 시절 탈원전 정책으로 2018년에는 23.7%까지 줄었지만, 이후 계속 회복세를 보이며 2009년(34.8%) 이후 최고 수준까지 돌아왔다.",388,TX_38804_A005,,16388AAW3:전력거래량; T001:전력거래량 비율,
C04205,우리나라는 2007년부터 2023년까지 전력의 가장 많은 부분인 40% 안팎을 석탄에 의존해왔다.,388,TX_38804_A005,,16388AAW3:전력거래량; T001:전력거래량 비율,
C04206,"당시 석탄의 가격 경쟁력이 압도적으로 높았고, 2011년 후쿠시마 사고를 겪으며 원전 가동률이 다소 줄면서 석탄의 비율은 45%를 웃돌기까지 했다.",388,TX_38804_A005,,16388AAW3:전력거래량; T001:전력거래량 비율,
C04207,"그러나 최근 탈탄소 흐름이 강해지며 석탄의 비율은 2017년(44%)을 기점으로 계속 줄었고, 지난해에는 30% 선까지 무너졌다.",388,TX_38804_A005,,16388AAW3:전력거래량; T001:전력거래량 비율,
C04208,2010년대 20% 초반에 머무르던 LNG 비율도 지난해 약 30%까지 높아졌다.,388,TX_38804_A005,,16388AAW3:전력거래량; T001:전력거래량 비율,
C04667,"15일 한국석유공사 유가정보시스템 오피넷에 따르면, 이달 둘째 주(9∼13일) 전국 주유소 휘발유 평균 판매가는 직전 주 대비 1L당 2.2원 하락한 1730.9원을 기록했다.",318,TX_31802_A000,15318AA1AA:보통휘발유; 15318AA1AB:실내등유; 15318AA1AC:보일러등유; 15318AA1AE:자동차용 경유,,
C04947,지난해 3분기 근로자 가구의 월평균 근로소득은 506만원으로 전년 같은 기간(493만원)보다 2.6% 늘었다.,101,DT_1L9U101,2:가구원수; 4:가구주연령; 7:가구분포; A:소득; B2:　경상소득; B4:　　근로소득; B5:　　사업소득; B6:　　재산소득; B7:　　이전소득; B701:　　공적이전소득; B702:　　사적이전소득; B8:　비경상소득; D:가계지출; F:소비지출; H:01.식료품 · 비주류음료; H1:곡물; H2:곡물가공품; H3:빵및떡류; H4:육류; H5:육류가공품; H6:신선수산동물; H7:염건수산동물; H8:기타수산동물가공; H9:유제품및알; I1:유지류; I2:과일및과일가공품; I3:채소및채소가공품; I4:해조및해조가공품; I5:당류및과자류; I6:조미식품; I7:기타식품; I8:커피및차; I9:주스및기타음료; IA:건강보조식품; IB:식품가공서비스; J:02.주류 · 담배; J1:주류; J2:담배; K:03.의류 · 신발; K1:직물및외의; K2:내의; K3:기타의복; K4:의복관련서비스; K5:신발; K6:신발서비스; L:04.주거 · 수도 · 광열; L1:실제주거비; L3:주택유지및수선; L4:상하수도및폐기물처리; L5:기타주거관련서비스; L6:연료비; M:05.가정용품 · 가사서비스; M0:가구및조명; M1:실내장식; M2:가구·조명및장식서비스; M3:가정용섬유; M4:가전및가정용기기; M5:가전관련서비스; M6:가사용품; M7:가정용공구및기타; M8:가사소모품; M9:가사서비스; N:06.보건; N1:의약품; N2:의료용소모품; N3:보건의료용품및기구; N4:외래의료서비스; N5:치과서비스; N6:기타의료서비스; N7:입원서비스; O:07.교통 · 운송; O1:자동차구입; O2:기타운송기구구입; O3:운송기구유지및수리; O4:운송기구연료비; O5:기타개인교통서비스; O6:철도운송; O7:육상운송; O8:기타운송; O9:기타운송관련서비스; OA:우편서비스; P:08.정보통신; P2:통신장비; P3:통신서비스; P4:영상음향기기; P5:정보처리장치 및 기록매체; P8:방송 및 시청각 콘텐츠 이용; P9:기타 영상 및 정보 관련 서비스; Q:09.오락 · 문화; Q5:오락문화내구재; Q6:악기 음반 및 비디오물; Q7:오락문화내구재유지및수리; Q8:게임 장난감 및 취미용품; Q9:캠핑및운동관련용품; R0:화훼및원예용품; R1:반려동물 및 관련용품; R2:화훼및반려동물서비스; R3:운동및오락서비스; R4:문화서비스; R5:복권 등; R6:서적; R7:기타인쇄물; R8:문구; R9:단체 및 국외여행비; S:10.교육; S1:정규교육; S2:_초등교육; S3:_중등교육; S4:_고등교육; S5:학원및보습교육; S6:_학생학원교육; S7:_성인학원교육; S8:기타교육; T:11.음식 · 숙박; T1:식사비; T5:숙박비; U:12.기타상품 · 서비스; U6:보험; U7:기타금융; V0:이미용서비스; V1:이미용기기; V2:위생및이미용용품; V3:시계및장신구; V4:기타개인용품; V5:복지시설; V9:기타서비스; W:비소비지출; W1:경상조세; W2:비경상조세; W3:연금기여금; W4:사회보험; W6:이자비용; W7:가구간이전지출; W8:비영리,T110:전체가구; T120:근로자가구; T150:근로자외가구,YES
C04952,"◇근로소득세 비율 역대 최고 반면 작년 법인세는 62조5000억원 걷혀, 10년 전 대비 1.5배로 늘어나는 데 그쳤다.",133,TX_13301_A075,15133SMB000:국세청 총징수액; 15133SMB000A:지방소비세 이체액; 15133SSMMS:근로·자녀장려금; 15133SSMBNS:물납세액; 15133SMB00:국세청 세수; 15133SMB0001:내국세; 15133SMB000101:직접세; 15133SMB00010101:소득세; 15133SMB0001010101:신고분; 15133SMB000101010101:종합소득세; 15133SMB000101010102:근로소득세(납세조합징수분을); 15133SMB000101010103:양도소득세; 15133SMB000101010104:산림소득세; 15133SMB0001010102:원천분; 15133SMB000101010201:이자소득세; 15133SMB000101010202:배당소득세; 15133SMB000101010203:사업소득세; 15133SMB0001010102001:근로소득세(갑); 15133SMB000101010204:근로소득세; 15133SMB00010100204B:원천분; 15133SMB00010100204:납세조합분; 15133SMB000101010205:기타소득세; 15133SMB000101010206:연금소득세; 15133SMB000101010207:퇴직소득세; 15133SMB000101010207A:근로장려금; 15133SMB000101010207B:자녀장려금; 15133SMB00010102:법인세; 15133SMB0001010201:신고분; 15133SMB0001010202:원천분; 15133SMB00010103:토지초과이득세; 15133SMB00010104:상속ㆍ증여세; 15133SMB0001010401:상속; 15133SMB0001010402:증여; 15133SMB00010105:상속세; 15133SMB00010106:증여세; 15133SMB00010107:자산 재평가세; 15133SMB00010108:부당이득세; 15133SMB000102:간접세; 15133SMB00010201:부가가치세; 15133SMB00010202:개별(특별)소비세; 15133SMB00010203:주세; 15133SMB00010204:전화세; 15133SMB00010205:증권거래세; 15133SMB000104A:인지세; 15133SMB000104B:과년도 수입; 15133SMB0002:교통세; 15133SMB0003:교통·에너지·환경세; 15133SMB0004:방위세; 15133SMB0005:교육세; 15133SMB0006:농어촌특별세; 15133SMB0007:종합부동산세; 15133SMB0E:현년도분; 15133SMB0E01:내국세; 15133SMB0E0101:직접세; 15133SMB0E010101:소득세; 15133SMB0E01010101:신고분; 15133SMB0E0101010101:종합소득세; 15133SMB0E0101010102:근로소득세(납세조합징수분을); 15133SMB0E0101010103:양도소득세; 15133SMB0E0101010104:산림소득세; 15133SMB0E01010102:원천분; 15133SMB0E0101,16133AAB1:징수액; B001:전년대비,YES
C04955,그 결과 2022년 26.2%에 달했던 전체 세수 대비 법인세 비율은 작년 18.6%로 쪼그라들었다.,133,TX_13301_A075,15133SMB000:국세청 총징수액; 15133SMB000A:지방소비세 이체액; 15133SSMMS:근로·자녀장려금; 15133SSMBNS:물납세액; 15133SMB00:국세청 세수; 15133SMB0001:내국세; 15133SMB000101:직접세; 15133SMB00010101:소득세; 15133SMB0001010101:신고분; 15133SMB000101010101:종합소득세; 15133SMB000101010102:근로소득세(납세조합징수분을); 15133SMB000101010103:양도소득세; 15133SMB000101010104:산림소득세; 15133SMB0001010102:원천분; 15133SMB000101010201:이자소득세; 15133SMB000101010202:배당소득세; 15133SMB000101010203:사업소득세; 15133SMB0001010102001:근로소득세(갑); 15133SMB000101010204:근로소득세; 15133SMB00010100204B:원천분; 15133SMB00010100204:납세조합분; 15133SMB000101010205:기타소득세; 15133SMB000101010206:연금소득세; 15133SMB000101010207:퇴직소득세; 15133SMB000101010207A:근로장려금; 15133SMB000101010207B:자녀장려금; 15133SMB00010102:법인세; 15133SMB0001010201:신고분; 15133SMB0001010202:원천분; 15133SMB00010103:토지초과이득세; 15133SMB00010104:상속ㆍ증여세; 15133SMB0001010401:상속; 15133SMB0001010402:증여; 15133SMB00010105:상속세; 15133SMB00010106:증여세; 15133SMB00010107:자산 재평가세; 15133SMB00010108:부당이득세; 15133SMB000102:간접세; 15133SMB00010201:부가가치세; 15133SMB00010202:개별(특별)소비세; 15133SMB00010203:주세; 15133SMB00010204:전화세; 15133SMB00010205:증권거래세; 15133SMB000104A:인지세; 15133SMB000104B:과년도 수입; 15133SMB0002:교통세; 15133SMB0003:교통·에너지·환경세; 15133SMB0004:방위세; 15133SMB0005:교육세; 15133SMB0006:농어촌특별세; 15133SMB0007:종합부동산세; 15133SMB0E:현년도분; 15133SMB0E01:내국세; 15133SMB0E0101:직접세; 15133SMB0E010101:소득세; 15133SMB0E01010101:신고분; 15133SMB0E0101010101:종합소득세; 15133SMB0E0101010102:근로소득세(납세조합징수분을); 15133SMB0E0101010103:양도소득세; 15133SMB0E0101010104:산림소득세; 15133SMB0E01010102:원천분; 15133SMB0E0101,16133AAB1:징수액; B001:전년대비,YES
C04956,반면 이 기간 근로소득세 세수 비율은 14.5%에서 18.1%로 관련 통계가 확인된 2005년 이래 최대다.,133,TX_13301_A075,15133SMB000:국세청 총징수액; 15133SMB000A:지방소비세 이체액; 15133SSMMS:근로·자녀장려금; 15133SSMBNS:물납세액; 15133SMB00:국세청 세수; 15133SMB0001:내국세; 15133SMB000101:직접세; 15133SMB00010101:소득세; 15133SMB0001010101:신고분; 15133SMB000101010101:종합소득세; 15133SMB000101010102:근로소득세(납세조합징수분을); 15133SMB000101010103:양도소득세; 15133SMB000101010104:산림소득세; 15133SMB0001010102:원천분; 15133SMB000101010201:이자소득세; 15133SMB000101010202:배당소득세; 15133SMB000101010203:사업소득세; 15133SMB0001010102001:근로소득세(갑); 15133SMB000101010204:근로소득세; 15133SMB00010100204B:원천분; 15133SMB00010100204:납세조합분; 15133SMB000101010205:기타소득세; 15133SMB000101010206:연금소득세; 15133SMB000101010207:퇴직소득세; 15133SMB000101010207A:근로장려금; 15133SMB000101010207B:자녀장려금; 15133SMB00010102:법인세; 15133SMB0001010201:신고분; 15133SMB0001010202:원천분; 15133SMB00010103:토지초과이득세; 15133SMB00010104:상속ㆍ증여세; 15133SMB0001010401:상속; 15133SMB0001010402:증여; 15133SMB00010105:상속세; 15133SMB00010106:증여세; 15133SMB00010107:자산 재평가세; 15133SMB00010108:부당이득세; 15133SMB000102:간접세; 15133SMB00010201:부가가치세; 15133SMB00010202:개별(특별)소비세; 15133SMB00010203:주세; 15133SMB00010204:전화세; 15133SMB00010205:증권거래세; 15133SMB000104A:인지세; 15133SMB000104B:과년도 수입; 15133SMB0002:교통세; 15133SMB0003:교통·에너지·환경세; 15133SMB0004:방위세; 15133SMB0005:교육세; 15133SMB0006:농어촌특별세; 15133SMB0007:종합부동산세; 15133SMB0E:현년도분; 15133SMB0E01:내국세; 15133SMB0E0101:직접세; 15133SMB0E010101:소득세; 15133SMB0E01010101:신고분; 15133SMB0E0101010101:종합소득세; 15133SMB0E0101010102:근로소득세(납세조합징수분을); 15133SMB0E0101010103:양도소득세; 15133SMB0E0101010104:산림소득세; 15133SMB0E01010102:원천분; 15133SMB0E0101,16133AAB1:징수액; B001:전년대비,YES
C04989,0 작년 가계빚이 3년 만의 최대 폭인 41조원 넘게 늘며 역대 최고치를 경신했다.,301,DT_151Y001,13102134771ACC_ITEM.1000000:가계신용; 13102134771ACC_ITEM.1100000:가계대출; 13102134771ACC_ITEM.1121000:보험회사; 13102134771ACC_ITEM.1210000:여신전문기관; 13102134771ACC_ITEM.1121400:연금기금; 13102134771ACC_ITEM.1200000:판매신용; 13102134771ACC_ITEM.1220000:판매회사; 13102134771ACC_ITEM.1110000:예금취급기관; 13102134771ACC_ITEM.1111000:예금은행; 13102134771ACC_ITEM.1112000:상호저축은행; 13102134771ACC_ITEM.1122000:여신전문기관; 13102134771ACC_ITEM.1113100:신용협동조합; 13102134771ACC_ITEM.1120000:기타금융기관 등; 13102134771ACC_ITEM.1122300:공적금융기관; 13102134771ACC_ITEM.11A0000:비은행예금취급기관; 13102134771ACC_ITEM.1113200:상호금융; 13102134771ACC_ITEM.1122400:기타금융중개회사; 13102134771ACC_ITEM.1113300:새마을금고; 13102134771ACC_ITEM.1123000:기타; 13102134771ACC_ITEM.1114000:우체국 등,,
C04990,18일 한국은행은 작년 말 우리나라 가계신용 잔액이 1927조3000억원으로 전년보다 41조8000억원(2.2%) 늘었다고 밝혔다.,301,DT_151Y001,13102134771ACC_ITEM.1000000:가계신용; 13102134771ACC_ITEM.1100000:가계대출; 13102134771ACC_ITEM.1121000:보험회사; 13102134771ACC_ITEM.1210000:여신전문기관; 13102134771ACC_ITEM.1121400:연금기금; 13102134771ACC_ITEM.1200000:판매신용; 13102134771ACC_ITEM.1220000:판매회사; 13102134771ACC_ITEM.1110000:예금취급기관; 13102134771ACC_ITEM.1111000:예금은행; 13102134771ACC_ITEM.1112000:상호저축은행; 13102134771ACC_ITEM.1122000:여신전문기관; 13102134771ACC_ITEM.1113100:신용협동조합; 13102134771ACC_ITEM.1120000:기타금융기관 등; 13102134771ACC_ITEM.1122300:공적금융기관; 13102134771ACC_ITEM.11A0000:비은행예금취급기관; 13102134771ACC_ITEM.1113200:상호금융; 13102134771ACC_ITEM.1122400:기타금융중개회사; 13102134771ACC_ITEM.1113300:새마을금고; 13102134771ACC_ITEM.1123000:기타; 13102134771ACC_ITEM.1114000:우체국 등,,
C04991,코로나 팬데믹 기간 금리 인하로 가계빚이 빠르게 늘었던 2021년의 133조4000억원(7.7%) 이후 3년 만의 최대 증가 폭이다.,301,DT_151Y001,13102134771ACC_ITEM.1000000:가계신용; 13102134771ACC_ITEM.1100000:가계대출; 13102134771ACC_ITEM.1121000:보험회사; 13102134771ACC_ITEM.1210000:여신전문기관; 13102134771ACC_ITEM.1121400:연금기금; 13102134771ACC_ITEM.1200000:판매신용; 13102134771ACC_ITEM.1220000:판매회사; 13102134771ACC_ITEM.1110000:예금취급기관; 13102134771ACC_ITEM.1111000:예금은행; 13102134771ACC_ITEM.1112000:상호저축은행; 13102134771ACC_ITEM.1122000:여신전문기관; 13102134771ACC_ITEM.1113100:신용협동조합; 13102134771ACC_ITEM.1120000:기타금융기관 등; 13102134771ACC_ITEM.1122300:공적금융기관; 13102134771ACC_ITEM.11A0000:비은행예금취급기관; 13102134771ACC_ITEM.1113200:상호금융; 13102134771ACC_ITEM.1122400:기타금융중개회사; 13102134771ACC_ITEM.1113300:새마을금고; 13102134771ACC_ITEM.1123000:기타; 13102134771ACC_ITEM.1114000:우체국 등,,
C04992,"작년에 주택담보대출은 59조원(5.6%) 넘게 늘었는데, 이 역시 2021년 이후 가장 큰 폭이다.",301,DT_151Y004,13102134772ACC_ITEM.1000000:가계신용; 13102134772ACC_ITEM.1100000:가계대출; 13102134772ACC_ITEM.11000A0:주택관련대출; 13102134772ACC_ITEM.11100A0:주택관련대출-예금취급기관; 13102134772ACC_ITEM.11100B0:기타대출-예금취급기관; 13102134772ACC_ITEM.11110A0:주택관련대출-예금은행; 13102134772ACC_ITEM.11110B0:기타대출-예금은행; 13102134772ACC_ITEM.11000B0:기타대출; 13102134772ACC_ITEM.11200A0:주택관련대출-기타금융기관 등; 13102134772ACC_ITEM.11200B0:기타대출-기타금융기관 등; 13102134772ACC_ITEM.11A00A0:주택관련대출-비은행예금취급기관; 13102134772ACC_ITEM.11A00B0:기타대출-비은행예금취급기관; 13102134772ACC_ITEM.1200000:판매신용; 13102134772ACC_ITEM.1120093:[참고] 주택금융공사 및 주택도시기금의 정책대출; 13102134772ACC_ITEM.1120094:[참고] 예금은행 전세자금대출,,
C04995,한편 한은은 작년 1~3분기 명목 국내총생산(GDP)이 6% 이상 성장하는 등 명목 GDP 성장률보다 가계빚 증가율이 낮아 작년 GDP 대비 가계신용 비율은 3년 연속 하락할 것으로 봤다.,301,DT_151Y001,13102134771ACC_ITEM.1000000:가계신용; 13102134771ACC_ITEM.1100000:가계대출; 13102134771ACC_ITEM.1121000:보험회사; 13102134771ACC_ITEM.1210000:여신전문기관; 13102134771ACC_ITEM.1121400:연금기금; 13102134771ACC_ITEM.1200000:판매신용; 13102134771ACC_ITEM.1220000:판매회사; 13102134771ACC_ITEM.1110000:예금취급기관; 13102134771ACC_ITEM.1111000:예금은행; 13102134771ACC_ITEM.1112000:상호저축은행; 13102134771ACC_ITEM.1122000:여신전문기관; 13102134771ACC_ITEM.1113100:신용협동조합; 13102134771ACC_ITEM.1120000:기타금융기관 등; 13102134771ACC_ITEM.1122300:공적금융기관; 13102134771ACC_ITEM.11A0000:비은행예금취급기관; 13102134771ACC_ITEM.1113200:상호금융; 13102134771ACC_ITEM.1122400:기타금융중개회사; 13102134771ACC_ITEM.1113300:새마을금고; 13102134771ACC_ITEM.1123000:기타; 13102134771ACC_ITEM.1114000:우체국 등,,
C05005,"지난 달 설 연휴로 인해 조업일수가 4일 감소하면서 자동차 전체 수출대수와 수출액이 각각 전년대비 17.9%, 19.6% 줄어든 가운데서도 하이브리드차의 상승세는 꺾이지 않은 것이다.",360,DT_1R11001_FRM101,13102112831A.A:총액; 13102112831A.0:식품 및 산동물; 13102112831A.00:중분류 03의 동물을 제외한 산 동물; 13102112831A.001:중분류 03의 동물을 제외한 산 동물; 13102112831A.0011:소(물소 포함); 13102112831A.00111:종우 ; 13102112831A.00119:종우 이외의 소 ; 13102112831A.0012:면양과 산양; 13102112831A.00121:면양 ; 13102112831A.00122:산양(염소 포함) ; 13102112831A.0013:돼지; 13102112831A.00131:종돈 ; 13102112831A.00139:기타 ; 13102112831A.0014:가금; 13102112831A.00141:185그램미만의 것 ; 13102112831A.00149:185그램이상의 것 ; 13102112831A.0015:말.당나귀.노새와 버새; 13102112831A.00150:기타(말.당나귀.노새와 버새); 13102112831A.00151:말 ; 13102112831A.00152:당나귀 노새와 버새 ; 13102112831A.0019:달리 명시되지 않은 산 동물 ; 13102112831A.00190:기타(달리 명시되지 않은 산 동물 ); 13102112831A.00191:포유류; 13102112831A.00192:조류; 13102112831A.00193:양서류; 13102112831A.00194:파충류; 13102112831A.00195:곤충류; 13102112831A.00196:환형동물류; 13102112831A.00199:기타 달리 명시되지 않은 산 동물; 13102112831A.01:고기및 고기 조제품; 13102112831A.011:쇠고기신선냉장 또는 냉동한 것; 13102112831A.0111:쇠고기신선 또는 냉장한 것; 13102112831A.01111:뼈있는 것 ; 13102112831A.01112:뼈 제거한 것 ; 13102112831A.0112:쇠고기냉동한 것; 13102112831A.01121:뼈 있는 것 ; 13102112831A.01122:뼈 제거한 것 ; 13102112831A.012:기타 고기 및 식용 설육신선냉장 또는 냉동한 것; 13102112831A.0121:면양 및 산양고기신선냉장 또는 냉동한 것; 13102112831A.01211:면양의 고기 신선 또는 냉장한 것 ; 13102112831A.01212:면양의 고기 냉동한 것 ; 13102112831A.01213:산양의 고기 ; 13102112831A.0122:돼지고기신선냉장 또는 냉동한 것; 13102112831A.01221:신선 또는 냉장한 것 ; 13102112831A.01222:냉동한 것 ; 13102112831A.0123:가금류의 고기 및 식용 설육; 13102112831A.01230:기타(가금류의 고기 및 식용 설육); 13102112831A.01231:절단하지 않은 고기 신선 또는 냉장한 것 ; 13102112831A.01232:절단하지 않은 고기 냉동,13103112831T1:수출액; 13103112831T2:수입액,YES
C05186,0 소비자 심리가 전월보다 4포인트 오르며 2개월 연속 상승했다.,301,DT_511Y002,13102134688CSI_CD.FMA:경제인식조사; 13102134688CSI_CD.FMAA:현재생활형편CSI; 13102134688CSI_CD.FMBA:생활형편전망CSI; 13102134688CSI_CD.FMCA:가계수입전망CSI; 13102134688CSI_CD.FMCCA:내구재 지출전망CSI; 13102134688CSI_CD.FMDA:현재가계저축CSI; 13102134688CSI_CD.FMDE:주택·상가가치전망CSI; 13102134688CSI_CD.FMFA:물가수준전망(1년후)CSI; 13102134688CSI_CD.FMAB:현재경기판단CSI; 13102134688CSI_CD.FMB:경제전망조사; 13102134688CSI_CD.FMBB:향후경기전망CSI; 13102134688CSI_CD.FMCB:소비지출전망CSI; 13102134688CSI_CD.FMCCB:의류비 지출전망CSI; 13102134688CSI_CD.FMDC:가계저축전망CSI; 13102134688CSI_CD.FMDF:토지·임야가치전망CSI; 13102134688CSI_CD.FMFB:주택가격전망CSI; 13102134688CSI_CD.FMBE:취업기회전망CSI; 13102134688CSI_CD.FMC:소비지출전망조사; 13102134688CSI_CD.FMCC:항목별 소비지출전망조사; 13102134688CSI_CD.FMCCC:외식비 지출전망CSI; 13102134688CSI_CD.FMDB:현재가계부채CSI; 13102134688CSI_CD.FMDG:금융저축가치전망CSI; 13102134688CSI_CD.FMFC:임금수준전망CSI; 13102134688CSI_CD.FMBG:금리수준전망CSI; 13102134688CSI_CD.FMCCD:여행비 지출전망CSI; 13102134688CSI_CD.FMD:가계저축 및 부채조사; 13102134688CSI_CD.FMDD:가계부채전망CSI; 13102134688CSI_CD.FMDH:주식가치전망CSI; 13102134688CSI_CD.FMFD:물가수준전망(6개월후)CSI(~2012.12월); 13102134688CSI_CD.FMCCE:교육비 지출전망CSI; 13102134688CSI_CD.FMF:물가전망조사; 13102134688CSI_CD.FMCCF:의료·보건비 지출전망CSI; 13102134688CSI_CD.FMG:자산가치전망조사(~2012.12월); 13102134688CSI_CD.FMCCG:교양·오락·문화생활비 지출전망CSI; 13102134688CSI_CD.FME:소비자심리지수; 13102134688CSI_CD.FMCCH:교통비 및 통신비 지출전망CSI; 13102134688CSI_CD.FMCCI:주거비 지출전망CSI,,
C05190,"생활형편전망은 전달보다 4포인트 오른 93을 기록했는데, 이는 6개월 후 경기가 지금보다 나아질 것이라고 전망한 사람이 전달보다 그만큼 늘었다는 것이다.",301,DT_511Y002,13102134688CSI_CD.FMA:경제인식조사; 13102134688CSI_CD.FMAA:현재생활형편CSI; 13102134688CSI_CD.FMBA:생활형편전망CSI; 13102134688CSI_CD.FMCA:가계수입전망CSI; 13102134688CSI_CD.FMCCA:내구재 지출전망CSI; 13102134688CSI_CD.FMDA:현재가계저축CSI; 13102134688CSI_CD.FMDE:주택·상가가치전망CSI; 13102134688CSI_CD.FMFA:물가수준전망(1년후)CSI; 13102134688CSI_CD.FMAB:현재경기판단CSI; 13102134688CSI_CD.FMB:경제전망조사; 13102134688CSI_CD.FMBB:향후경기전망CSI; 13102134688CSI_CD.FMCB:소비지출전망CSI; 13102134688CSI_CD.FMCCB:의류비 지출전망CSI; 13102134688CSI_CD.FMDC:가계저축전망CSI; 13102134688CSI_CD.FMDF:토지·임야가치전망CSI; 13102134688CSI_CD.FMFB:주택가격전망CSI; 13102134688CSI_CD.FMBE:취업기회전망CSI; 13102134688CSI_CD.FMC:소비지출전망조사; 13102134688CSI_CD.FMCC:항목별 소비지출전망조사; 13102134688CSI_CD.FMCCC:외식비 지출전망CSI; 13102134688CSI_CD.FMDB:현재가계부채CSI; 13102134688CSI_CD.FMDG:금융저축가치전망CSI; 13102134688CSI_CD.FMFC:임금수준전망CSI; 13102134688CSI_CD.FMBG:금리수준전망CSI; 13102134688CSI_CD.FMCCD:여행비 지출전망CSI; 13102134688CSI_CD.FMD:가계저축 및 부채조사; 13102134688CSI_CD.FMDD:가계부채전망CSI; 13102134688CSI_CD.FMDH:주식가치전망CSI; 13102134688CSI_CD.FMFD:물가수준전망(6개월후)CSI(~2012.12월); 13102134688CSI_CD.FMCCE:교육비 지출전망CSI; 13102134688CSI_CD.FMF:물가전망조사; 13102134688CSI_CD.FMCCF:의료·보건비 지출전망CSI; 13102134688CSI_CD.FMG:자산가치전망조사(~2012.12월); 13102134688CSI_CD.FMCCG:교양·오락·문화생활비 지출전망CSI; 13102134688CSI_CD.FME:소비자심리지수; 13102134688CSI_CD.FMCCH:교통비 및 통신비 지출전망CSI; 13102134688CSI_CD.FMCCI:주거비 지출전망CSI,,
C05311,한국석유공사 유가정보시스템 오피넷에 따르면 2월 셋째 주(16∼20일) 전국 주유소 휘발유 평균 판매가격은 전주 대비 리터(L)당 4원 하락한 1726.9원을 기록했다.,318,TX_31802_A000,15318AA1AA:보통휘발유; 15318AA1AB:실내등유; 15318AA1AC:보일러등유; 15318AA1AE:자동차용 경유,,
C05315,전국 평균 판매가격은 전주보다 3.4원 내린 1593.1원으로 집계됐다.,318,TX_31802_A000,15318AA1AA:보통휘발유; 15318AA1AB:실내등유; 15318AA1AC:보일러등유; 15318AA1AE:자동차용 경유,,
C05367,건당 증여금액은 평균 1억4100만원으로 부모 등의 일반 증여 평균 금액(9000만원)보다 60% 가까이 높았다.,133,DT_133N_A6341,,D001:건수; D002:증여재산가액 등,
C05368,특히 세대생략증여의 67.1%가 만 12세 이하 초등학생이었다.,133,DT_133N_A6341,,D001:건수; D002:증여재산가액 등,
C05463,특히 지난해 12월 늘어난 악성 미분양의 60%가량은 대구·경북 지역에서 발생했다.,116,DT_MLTM_5328,13102871088A.0001:전국; 13102871088A.0002:서울; 13102871088A.0003:부산; 13102871088A.0004:대구; 13102871088A.0005:인천; 13102871088A.0006:광주; 13102871088A.0007:대전; 13102871088A.0008:울산; 13102871088A.0009:경기; 13102871088A.0010:세종; 13102871088A.0011:강원; 13102871088A.0012:충북; 13102871088A.0013:충남; 13102871088A.0014:전북; 13102871088A.0015:전남; 13102871088A.0016:경북; 13102871088A.0017:경남; 13102871088A.0018:제주,,
C05551,"◇연간 출생아 70만명대였던 ‘90년대 초반생 효과’ 사라져 23일 김지연 한국개발연구원(KDI) 연구위원 분석에 따르면, 올해 인구 구조 변화로 취업자 수는 전년 대비 1만2000~6만명 정도 줄어들 것으로 예상된다.",101,INH_1B8000F_01,11:출생아수(명); 14:자연증가건수(명); 21:조출생률(천명당); 24:자연증가율(천명당); 30:합계출산율(명); 31:출생성비(명),,
C05561,"통계청 장래인구추계에 따르면, 2020년생이 대학에 가는 2040년(2903만명)에는 생산연령인구가 3000만명 아래로 떨어질 것으로 예상된다.",101,DT_1BPA002,1:중위 추계(기본 추계: 출산율-중위 / 기대수명-중위 / 국제순이동-중위); 2:고위 추계(최대인구 추계: 출산율-고위 / 기대수명-고위 / 국제순이동-고위); 3:저위 추계(최소인구 추계: 출산율-저위 / 기대수명-저위 / 국제순이동-저위),,
C05652,"작년 4분기 경제성장률은 전 분기 대비 0.1%로, 외환 위기 직격탄을 맞았던 1998년 이후 처음으로 3개 분기 연속 0%대 안팎의 성장을 했다.",301,DT_200Y108,13102136297ACC_ITEM.10101:최종소비지출; 13102136297ACC_ITEM.1010110:민간; 13102136297ACC_ITEM.1010111:가계; 13102136297ACC_ITEM.1020110:총고정자본형성; 13102136297ACC_ITEM.1020114:총고정자본형성(민간); 13102136297ACC_ITEM.1030110:(재화)F.O.B. 기준; 13102136297ACC_ITEM.1040110:(재화)F.O.B. 기준; 13102136297ACC_ITEM.1010112:가계에 봉사하는 비영리단체; 13102136297ACC_ITEM.1010120:정부; 13102136297ACC_ITEM.10201:총자본형성; 13102136297ACC_ITEM.1020115:총고정자본형성(정부); 13102136297ACC_ITEM.1020120:재고증감 및 귀중품 순취득; 13102136297ACC_ITEM.1030120:(서비스); 13102136297ACC_ITEM.1040120:(서비스); 13102136297ACC_ITEM.1020111:건설투자; 13102136297ACC_ITEM.10301:재화와 서비스의 수출; 13102136297ACC_ITEM.1020112:설비투자; 13102136297ACC_ITEM.10401:(공제)재화와 서비스의 수입; 13102136297ACC_ITEM.1020113:지식재산생산물투자; 13102136297ACC_ITEM.10501:통계상 불일치; 13102136297ACC_ITEM.10601:국내총생산에 대한 지출,,
C06118,1일 한국석유공사 유가정보시스템 오피넷에 따르면 2월 넷째 주(23∼27일) 전국 주유소 휘발유 평균 판매가는 직전 주 대비 리터(L)당 4.2원 내린 1722.7원이었다.,318,TX_31802_A000,15318AA1AA:보통휘발유; 15318AA1AB:실내등유; 15318AA1AC:보일러등유; 15318AA1AE:자동차용 경유,,
C06120,경유 평균 가격도 지난주보다 4.1원 낮은 1589원을 나타냈다.,318,TX_31802_A000,15318AA1AA:보통휘발유; 15318AA1AB:실내등유; 15318AA1AC:보일러등유; 15318AA1AE:자동차용 경유,,
C06498,통계청이 4일 발표한 ‘1월 산업활동 동향’에 따르면 지난 1월 전(全)산업 생산지수는 111.2(2020년=100)로 전달보다 2.7% 줄었다.,101,DT_1JH20202,1:전산업생산지수; 1A:농림어업; 1B:광공업; 1D:건설업; 1C:서비스업; 1E:공공행정,,
C06500,작년 11월 1.2% 줄었던 전산업 생산은 12월 1.7% 증가했지만 올해 첫 달 들어 다시 감소세로 돌아섰다.,101,DT_1JH20202,1:전산업생산지수; 1A:농림어업; 1B:광공업; 1D:건설업; 1C:서비스업; 1E:공공행정,,
C06501,제조업이 2.4% 줄어드는 등 광공업 생산이 2.3% 감소했다.,101,DT_1F02001,00:전국; 11:서울특별시; 21:부산광역시; 22:대구광역시; 23:인천광역시; 24:광주광역시; 25:대전광역시; 26:울산광역시; 29:세종시; 31:경기도; 32:강원도; 33:충청북도; 34:충청남도; 35:전라북도; 36:전라남도; 37:경상북도; 38:경상남도; 39:제주도,T10:생산지수(원지수); T11:생산자제품 출하지수(원지수); T12:생산자제품 재고지수(원지수); T20:생산지수(계절조정); T21:생산자제품 출하지수(계절조정); T22:생산자제품 재고지수(계절조정),
C06505,1월 설비투자는 전달 대비 14.2% 감소했다.,101,DT_1F70011,,T3:원지수; T5:계절조정지수,
C06506,"반도체 제조용 기계 등 기계류(-12.6%), 기타운송장비 등 운송장비(-17.5%)에서 모두 투자가 줄어든 영향이 컸다.",101,DT_1F70011,,T3:원지수; T5:계절조정지수,
C06507,공사 실적을 뜻하는 건설기성은 전달보다 4.3% 감소했다.,101,DT_1G18004,0:기성총액; 1:건축공사; 2:토목공사,,
C06508,건축(-4.1%)과 토목(-5.2%)에서 공사 실적이 모두 줄었다.,101,DT_1G18004,0:기성총액; 1:건축공사; 2:토목공사,,
C06568,통계청은 4일 ‘1월 산업활동 동향’에서 1월 전(全)산업 생산이 전달보다 2.7% 줄었다고 밝혔다.,101,DT_1JH20202,1:전산업생산지수; 1A:농림어업; 1B:광공업; 1D:건설업; 1C:서비스업; 1E:공공행정,,
C06569,이는 2020년 2월(-2.9%) 이후 4년 11개월 만에 가장 큰 감소 폭이다.,101,DT_1JH20202,1:전산업생산지수; 1A:농림어업; 1B:광공업; 1D:건설업; 1C:서비스업; 1E:공공행정,,
C06570,제조업이 전달보다 2.4% 줄어드는 등 광공업 생산이 2.3% 감소했다.,101,DT_1F02001,00:전국; 11:서울특별시; 21:부산광역시; 22:대구광역시; 23:인천광역시; 24:광주광역시; 25:대전광역시; 26:울산광역시; 29:세종시; 31:경기도; 32:강원도; 33:충청북도; 34:충청남도; 35:전라북도; 36:전라남도; 37:경상북도; 38:경상남도; 39:제주도,T10:생산지수(원지수); T11:생산자제품 출하지수(원지수); T12:생산자제품 재고지수(원지수); T20:생산지수(계절조정); T21:생산자제품 출하지수(계절조정); T22:생산자제품 재고지수(계절조정),
C06571,1월 설비투자도 전달보다 14.2% 감소했다.,101,DT_1F70011,,T3:원지수; T5:계절조정지수,
C06572,이는 2023년 1월(-13.4%) 이후 2년 만의 최대 감소 폭이다.,101,DT_1F70011,,T3:원지수; T5:계절조정지수,
C06573,반도체 제조용 기계 등 기계류(-12.6%)와 운송 장비(-17.5%)에서 투자가 줄어든 영향이 컸다.,101,DT_1F70011,,T3:원지수; T5:계절조정지수,
C06574,공사 실적을 나타내는 건설기성은 전달보다 4.3% 감소했다.,101,DT_1G18004,0:기성총액; 1:건축공사; 2:토목공사,,
C06578,"옷, 신발, 가방 등 준내구재 판매가 2.6% 줄었고, 화장품, 차량 연료 등 비내구재 판매도 2.6% 감소했다.",101,DT_1K41012,,T1:경상지수; T2:불변지수; T3:계절조정지수,
C06664,"한은에 따르면 GNI 대비 PGDI 비율은 한은이 해당 통계 작성을 시작한 1975년에는 77.5%였는데, 지난 2023년 53.9%로 역대 최저치로 떨어졌다.",301,DT_200Y105,13102136260ACC_ITEM.1101:농림어업; 13102136260ACC_ITEM.110101:재배업; 13102136260ACC_ITEM.1102:광업; 13102136260ACC_ITEM.110301:음식료품 제조업; 13102136260ACC_ITEM.110401:전기업; 13102136260ACC_ITEM.11051:주거용 건물 건설업; 13102136260ACC_ITEM.11055:건물건설 및 건축보수업; 13102136260ACC_ITEM.1106:도소매 및 숙박음식업; 13102136260ACC_ITEM.110601:도소매업; 13102136260ACC_ITEM.11131:예술 스포츠 및 여가관련 서비스업; 13102136260ACC_ITEM.11141:통신업; 13102136260ACC_ITEM.111501:전문 과학 및 기술관련 서비스업; 13102136260ACC_ITEM.110102:축산업; 13102136260ACC_ITEM.1103:제조업; 13102136260ACC_ITEM.110302:섬유 및 가죽제품 제조업; 13102136260ACC_ITEM.110402:가스 증기 및 공기조절 공급업; 13102136260ACC_ITEM.11052:비주거용 건물 건설업; 13102136260ACC_ITEM.11053:토목건설업; 13102136260ACC_ITEM.110602:숙박 및 음식점업; 13102136260ACC_ITEM.1107:운수업; 13102136260ACC_ITEM.11132:기타 서비스업; 13102136260ACC_ITEM.11142:출판 방송 영상 정보서비스; 13102136260ACC_ITEM.111502:사업지원 서비스업; 13102136260ACC_ITEM.1118:광공업; 13102136260ACC_ITEM.110103:임업; 13102136260ACC_ITEM.110303:목재 종이 인쇄 및 복제업; 13102136260ACC_ITEM.1104:전기 가스 및 수도사업; 13102136260ACC_ITEM.110403:수도 하수 및 폐기물 처리 원료 재생업; 13102136260ACC_ITEM.11054:건축보수업; 13102136260ACC_ITEM.1108:금융 및 보험업; 13102136260ACC_ITEM.110104:어업; 13102136260ACC_ITEM.110304:코크스 및 석유정제품 제조업; 13102136260ACC_ITEM.1105:건설업; 13102136260ACC_ITEM.1109:부동산업; 13102136260ACC_ITEM.110305:화학물질 및 화학제품 제조업; 13102136260ACC_ITEM.1114:정보통신업; 13102136260ACC_ITEM.1117:서비스업; 13102136260ACC_ITEM.110306:비금속광물제품 제조업; 13102136260ACC_ITEM.1115:사업서비스업; 13102136260ACC_ITEM.1200:총부가가치(기초가격); 13102136260ACC_ITEM.110307:1차금속 제조업; 13102136260,,YES
C06796,"품목으로 보면 통관 기준으로 컴퓨터(14.8%)·반도체(7.2%) 등 정보기술(IT) 품목은 증가세를 이어갔지만, 석유제품(-29.2%)·승용차(-19.2%) 등 비IT 품목의 감소 폭이 커졌다.",360,DT_1R11001_FRM101,13102112831A.A:총액; 13102112831A.0:식품 및 산동물; 13102112831A.00:중분류 03의 동물을 제외한 산 동물; 13102112831A.001:중분류 03의 동물을 제외한 산 동물; 13102112831A.0011:소(물소 포함); 13102112831A.00111:종우 ; 13102112831A.00119:종우 이외의 소 ; 13102112831A.0012:면양과 산양; 13102112831A.00121:면양 ; 13102112831A.00122:산양(염소 포함) ; 13102112831A.0013:돼지; 13102112831A.00131:종돈 ; 13102112831A.00139:기타 ; 13102112831A.0014:가금; 13102112831A.00141:185그램미만의 것 ; 13102112831A.00149:185그램이상의 것 ; 13102112831A.0015:말.당나귀.노새와 버새; 13102112831A.00150:기타(말.당나귀.노새와 버새); 13102112831A.00151:말 ; 13102112831A.00152:당나귀 노새와 버새 ; 13102112831A.0019:달리 명시되지 않은 산 동물 ; 13102112831A.00190:기타(달리 명시되지 않은 산 동물 ); 13102112831A.00191:포유류; 13102112831A.00192:조류; 13102112831A.00193:양서류; 13102112831A.00194:파충류; 13102112831A.00195:곤충류; 13102112831A.00196:환형동물류; 13102112831A.00199:기타 달리 명시되지 않은 산 동물; 13102112831A.01:고기및 고기 조제품; 13102112831A.011:쇠고기신선냉장 또는 냉동한 것; 13102112831A.0111:쇠고기신선 또는 냉장한 것; 13102112831A.01111:뼈있는 것 ; 13102112831A.01112:뼈 제거한 것 ; 13102112831A.0112:쇠고기냉동한 것; 13102112831A.01121:뼈 있는 것 ; 13102112831A.01122:뼈 제거한 것 ; 13102112831A.012:기타 고기 및 식용 설육신선냉장 또는 냉동한 것; 13102112831A.0121:면양 및 산양고기신선냉장 또는 냉동한 것; 13102112831A.01211:면양의 고기 신선 또는 냉장한 것 ; 13102112831A.01212:면양의 고기 냉동한 것 ; 13102112831A.01213:산양의 고기 ; 13102112831A.0122:돼지고기신선냉장 또는 냉동한 것; 13102112831A.01221:신선 또는 냉장한 것 ; 13102112831A.01222:냉동한 것 ; 13102112831A.0123:가금류의 고기 및 식용 설육; 13102112831A.01230:기타(가금류의 고기 및 식용 설육); 13102112831A.01231:절단하지 않은 고기 신선 또는 냉장한 것 ; 13102112831A.01232:절단하지 않은 고기 냉동,13103112831T1:수출액; 13103112831T2:수입액,YES
C07048,9일 통계청은 1월 제조업 생산이 전년 동월 대비 4.2% 줄었다고 밝혔다.,101,DT_1F02001,00:전국; 11:서울특별시; 21:부산광역시; 22:대구광역시; 23:인천광역시; 24:광주광역시; 25:대전광역시; 26:울산광역시; 29:세종시; 31:경기도; 32:강원도; 33:충청북도; 34:충청남도; 35:전라북도; 36:전라남도; 37:경상북도; 38:경상남도; 39:제주도,T10:생산지수(원지수); T11:생산자제품 출하지수(원지수); T12:생산자제품 재고지수(원지수); T20:생산지수(계절조정); T21:생산자제품 출하지수(계절조정); T22:생산자제품 재고지수(계절조정),
C07049,2023년 7월(-6.6%) 이후 18개월 만의 가장 큰 감소 폭이다.,101,DT_1F02001,00:전국; 11:서울특별시; 21:부산광역시; 22:대구광역시; 23:인천광역시; 24:광주광역시; 25:대전광역시; 26:울산광역시; 29:세종시; 31:경기도; 32:강원도; 33:충청북도; 34:충청남도; 35:전라북도; 36:전라남도; 37:경상북도; 38:경상남도; 39:제주도,T10:생산지수(원지수); T11:생산자제품 출하지수(원지수); T12:생산자제품 재고지수(원지수); T20:생산지수(계절조정); T21:생산자제품 출하지수(계절조정); T22:생산자제품 재고지수(계절조정),
C07050,"업종별로 보면 자동차(-14.4%), 고무·플라스틱(-12%), 가구(-24.6%), 컴퓨터(-35.5%) 등에서 생산 감소가 두드러졌다.",101,DT_1F02001,00:전국; 11:서울특별시; 21:부산광역시; 22:대구광역시; 23:인천광역시; 24:광주광역시; 25:대전광역시; 26:울산광역시; 29:세종시; 31:경기도; 32:강원도; 33:충청북도; 34:충청남도; 35:전라북도; 36:전라남도; 37:경상북도; 38:경상남도; 39:제주도,T10:생산지수(원지수); T11:생산자제품 출하지수(원지수); T12:생산자제품 재고지수(원지수); T20:생산지수(계절조정); T21:생산자제품 출하지수(계절조정); T22:생산자제품 재고지수(계절조정),
C07051,"1월 반도체 생산은 전년 동월 대비로는 20.8% 늘었지만, 작년 12월과 비교하면 0.1% 늘며 사실상 제자리걸음을 했다.",101,DT_1F02001,00:전국; 11:서울특별시; 21:부산광역시; 22:대구광역시; 23:인천광역시; 24:광주광역시; 25:대전광역시; 26:울산광역시; 29:세종시; 31:경기도; 32:강원도; 33:충청북도; 34:충청남도; 35:전라북도; 36:전라남도; 37:경상북도; 38:경상남도; 39:제주도,T10:생산지수(원지수); T11:생산자제품 출하지수(원지수); T12:생산자제품 재고지수(원지수); T20:생산지수(계절조정); T21:생산자제품 출하지수(계절조정); T22:생산자제품 재고지수(계절조정),
C07052,작년 10∼12월에 석 달 연속 전달 대비 3∼4%대의 높은 증가율을 기록한 것과 대비된다.,101,DT_1F02001,00:전국; 11:서울특별시; 21:부산광역시; 22:대구광역시; 23:인천광역시; 24:광주광역시; 25:대전광역시; 26:울산광역시; 29:세종시; 31:경기도; 32:강원도; 33:충청북도; 34:충청남도; 35:전라북도; 36:전라남도; 37:경상북도; 38:경상남도; 39:제주도,T10:생산지수(원지수); T11:생산자제품 출하지수(원지수); T12:생산자제품 재고지수(원지수); T20:생산지수(계절조정); T21:생산자제품 출하지수(계절조정); T22:생산자제품 재고지수(계절조정),
C07053,1월 제조업 제품 출하는 지난해 같은 달과 비교해 7.4% 감소했다.,101,DT_1F02016,,T10:내수출하지수(원지수); T11:수출출하지수(원지수); T20:내수출하지수(계절조정); T21:수출출하지수(계절조정),
C07054,2023년 1월 9.2% 감소한 이래 2년 만의 최대 감소 폭이다.,101,DT_1F02016,,T10:내수출하지수(원지수); T11:수출출하지수(원지수); T20:내수출하지수(계절조정); T21:수출출하지수(계절조정),
C07180,"통계청이 집계한 1월 음식점업 생산은 작년 같은 달보다 4.8% 떨어져, 코로나 유행 1주년인 2021년 1월(-32.3%) 이후 1월 기준 3년 만에 가장 큰 낙폭을 보였다.",101,DT_1KC2020,,T1:경상지수; T2:불변지수; T3:계절조정지수,
C07181,1월 주점업 생산의 낙폭도 6.7%에 달해 2021년 1월 이후 1월 기준 가장 낙폭이 컸다.,101,DT_1KC2020,,T1:경상지수; T2:불변지수; T3:계절조정지수,
C07183,"실제 지난 2월 수출은 전년 동월 대비 1.0% 증가했지만, 일평균 기준으로는 전월보다 5.9% 감소하며 수출 증가세가 둔화되고 있다.",360,DT_1R11001_FRM101,13102112831A.A:총액; 13102112831A.0:식품 및 산동물; 13102112831A.00:중분류 03의 동물을 제외한 산 동물; 13102112831A.001:중분류 03의 동물을 제외한 산 동물; 13102112831A.0011:소(물소 포함); 13102112831A.00111:종우 ; 13102112831A.00119:종우 이외의 소 ; 13102112831A.0012:면양과 산양; 13102112831A.00121:면양 ; 13102112831A.00122:산양(염소 포함) ; 13102112831A.0013:돼지; 13102112831A.00131:종돈 ; 13102112831A.00139:기타 ; 13102112831A.0014:가금; 13102112831A.00141:185그램미만의 것 ; 13102112831A.00149:185그램이상의 것 ; 13102112831A.0015:말.당나귀.노새와 버새; 13102112831A.00150:기타(말.당나귀.노새와 버새); 13102112831A.00151:말 ; 13102112831A.00152:당나귀 노새와 버새 ; 13102112831A.0019:달리 명시되지 않은 산 동물 ; 13102112831A.00190:기타(달리 명시되지 않은 산 동물 ); 13102112831A.00191:포유류; 13102112831A.00192:조류; 13102112831A.00193:양서류; 13102112831A.00194:파충류; 13102112831A.00195:곤충류; 13102112831A.00196:환형동물류; 13102112831A.00199:기타 달리 명시되지 않은 산 동물; 13102112831A.01:고기및 고기 조제품; 13102112831A.011:쇠고기신선냉장 또는 냉동한 것; 13102112831A.0111:쇠고기신선 또는 냉장한 것; 13102112831A.01111:뼈있는 것 ; 13102112831A.01112:뼈 제거한 것 ; 13102112831A.0112:쇠고기냉동한 것; 13102112831A.01121:뼈 있는 것 ; 13102112831A.01122:뼈 제거한 것 ; 13102112831A.012:기타 고기 및 식용 설육신선냉장 또는 냉동한 것; 13102112831A.0121:면양 및 산양고기신선냉장 또는 냉동한 것; 13102112831A.01211:면양의 고기 신선 또는 냉장한 것 ; 13102112831A.01212:면양의 고기 냉동한 것 ; 13102112831A.01213:산양의 고기 ; 13102112831A.0122:돼지고기신선냉장 또는 냉동한 것; 13102112831A.01221:신선 또는 냉장한 것 ; 13102112831A.01222:냉동한 것 ; 13102112831A.0123:가금류의 고기 및 식용 설육; 13102112831A.01230:기타(가금류의 고기 및 식용 설육); 13102112831A.01231:절단하지 않은 고기 신선 또는 냉장한 것 ; 13102112831A.01232:절단하지 않은 고기 냉동,13103112831T1:수출액; 13103112831T2:수입액,YES
C07587,15일 한국석유공사 유가정보시스템 오피넷에 따르면 3월 둘째 주(9~13일) 전국 주유소 휘발유 평균 판매가는 L(리터)당 1699.9원으로 그 전주 대비 L당 15.9원 하락했다.,318,TX_31802_A000,15318AA1AA:보통휘발유; 15318AA1AB:실내등유; 15318AA1AC:보일러등유; 15318AA1AE:자동차용 경유,,
C07589,경유의 경우 평균 판매 가격은 전주 대비 16.6원 낮은 1565.3원을 기록했다.,318,TX_31802_A000,15318AA1AA:보통휘발유; 15318AA1AB:실내등유; 15318AA1AC:보일러등유; 15318AA1AE:자동차용 경유,,
C07630,1 작년 상용 근로자의 연간 평균 임금 총액은 4917만원으로 전년 대비 136만원(2.9%) 늘어난 것으로 나타났다.,118,DT_118N_MON051,,13103110311MD_4:전체근로일수; 13103110311MD_5:상용근로일수; 13103110311MD_6:임시일용근로일수; 13103110311MD_7:전체근로시간; 13103110311MD_8:상용총근로시간; 13103110311MD_9:상용소정실근로시간; 13103110311MD_10:상용초과근로시간; 13103110311MD_11:임시일용근로시간; 13103110311MD_12:전체임금총액; 13103110311MD_13:상용임금총액; 13103110311MD_14:상용정액급여; 13103110311MD_15:상용초과급여; 13103110311MD_16:상용특별급여; 13103110311MD_17:임시일용임금총액,
C07631,"특히, 작년 300인 이상 사업체 상용 근로자의 연간 평균 임금 총액은 처음으로 초과 급여를 제외하고도 7000만원을 넘어선 것으로 나타났다.",118,DT_118N_MON051,,13103110311MD_4:전체근로일수; 13103110311MD_5:상용근로일수; 13103110311MD_6:임시일용근로일수; 13103110311MD_7:전체근로시간; 13103110311MD_8:상용총근로시간; 13103110311MD_9:상용소정실근로시간; 13103110311MD_10:상용초과근로시간; 13103110311MD_11:임시일용근로시간; 13103110311MD_12:전체임금총액; 13103110311MD_13:상용임금총액; 13103110311MD_14:상용정액급여; 13103110311MD_15:상용초과급여; 13103110311MD_16:상용특별급여; 13103110311MD_17:임시일용임금총액,
C07632,"16일 한국경영자총협회가 발표한 ‘2024년 사업체 임금 인상 특징 분석’에 따르면, 상용 근로자의 작년 연 임금 총액(4917만원)은 전년(4781만원) 대비 136만원(2.9%) 인상됐다.",118,DT_118N_MON051,,13103110311MD_4:전체근로일수; 13103110311MD_5:상용근로일수; 13103110311MD_6:임시일용근로일수; 13103110311MD_7:전체근로시간; 13103110311MD_8:상용총근로시간; 13103110311MD_9:상용소정실근로시간; 13103110311MD_10:상용초과근로시간; 13103110311MD_11:임시일용근로시간; 13103110311MD_12:전체임금총액; 13103110311MD_13:상용임금총액; 13103110311MD_14:상용정액급여; 13103110311MD_15:상용초과급여; 13103110311MD_16:상용특별급여; 13103110311MD_17:임시일용임금총액,
C07633,2020년(4222만원)과 비교해선 695만원(16.5%) 올랐다.,118,DT_118N_MON051,,13103110311MD_4:전체근로일수; 13103110311MD_5:상용근로일수; 13103110311MD_6:임시일용근로일수; 13103110311MD_7:전체근로시간; 13103110311MD_8:상용총근로시간; 13103110311MD_9:상용소정실근로시간; 13103110311MD_10:상용초과근로시간; 13103110311MD_11:임시일용근로시간; 13103110311MD_12:전체임금총액; 13103110311MD_13:상용임금총액; 13103110311MD_14:상용정액급여; 13103110311MD_15:상용초과급여; 13103110311MD_16:상용특별급여; 13103110311MD_17:임시일용임금총액,
C07635,작년 연 임금총액 인상률 2.9%는 전년(2.8%)에 비해 0.1%포인트 올랐다.,118,DT_118N_MON051,,13103110311MD_4:전체근로일수; 13103110311MD_5:상용근로일수; 13103110311MD_6:임시일용근로일수; 13103110311MD_7:전체근로시간; 13103110311MD_8:상용총근로시간; 13103110311MD_9:상용소정실근로시간; 13103110311MD_10:상용초과근로시간; 13103110311MD_11:임시일용근로시간; 13103110311MD_12:전체임금총액; 13103110311MD_13:상용임금총액; 13103110311MD_14:상용정액급여; 13103110311MD_15:상용초과급여; 13103110311MD_16:상용특별급여; 13103110311MD_17:임시일용임금총액,
C07636,2023년 전년 대비 2.9% 감소했던 특별급여가 2024년에는 0.4% 증가한 영향인 것으로 풀이됐다.,118,DT_118N_MON051,,13103110311MD_4:전체근로일수; 13103110311MD_5:상용근로일수; 13103110311MD_6:임시일용근로일수; 13103110311MD_7:전체근로시간; 13103110311MD_8:상용총근로시간; 13103110311MD_9:상용소정실근로시간; 13103110311MD_10:상용초과근로시간; 13103110311MD_11:임시일용근로시간; 13103110311MD_12:전체임금총액; 13103110311MD_13:상용임금총액; 13103110311MD_14:상용정액급여; 13103110311MD_15:상용초과급여; 13103110311MD_16:상용특별급여; 13103110311MD_17:임시일용임금총액,
C07637,"사업체 규모별로는, 작년 300인 미만 사업체의 연 임금총액은 4427만원, 300인 이상은 7121만원으로 각각 전년 대비 3.0%, 2.2% 늘었다.",118,DT_118N_MON051,,13103110311MD_4:전체근로일수; 13103110311MD_5:상용근로일수; 13103110311MD_6:임시일용근로일수; 13103110311MD_7:전체근로시간; 13103110311MD_8:상용총근로시간; 13103110311MD_9:상용소정실근로시간; 13103110311MD_10:상용초과근로시간; 13103110311MD_11:임시일용근로시간; 13103110311MD_12:전체임금총액; 13103110311MD_13:상용임금총액; 13103110311MD_14:상용정액급여; 13103110311MD_15:상용초과급여; 13103110311MD_16:상용특별급여; 13103110311MD_17:임시일용임금총액,
C07642,"작년 연 임금총액을 연간 소정 실근로 시간(초과 근로 시간 제외)으로 나눈 ‘시간당 임금’은 2만6505원으로, 전년(2만5604원)보다 3.5% 올라 연 임금총액 인상률(2.9%)보다 0.6%포인트 높았다.",118,DT_118N_MON051,,13103110311MD_4:전체근로일수; 13103110311MD_5:상용근로일수; 13103110311MD_6:임시일용근로일수; 13103110311MD_7:전체근로시간; 13103110311MD_8:상용총근로시간; 13103110311MD_9:상용소정실근로시간; 13103110311MD_10:상용초과근로시간; 13103110311MD_11:임시일용근로시간; 13103110311MD_12:전체임금총액; 13103110311MD_13:상용임금총액; 13103110311MD_14:상용정액급여; 13103110311MD_15:상용초과급여; 13103110311MD_16:상용특별급여; 13103110311MD_17:임시일용임금총액,
C07643,"경총에 따르면, 상용 근로자의 시간당 임금(초과 근로 제외)은 2011년 1만5488원에서 작년까지 71.1% 올라, 같은 기간 연 임금총액 인상률(54.4%)보다 크게 높았다.",118,DT_118N_MON051,,13103110311MD_4:전체근로일수; 13103110311MD_5:상용근로일수; 13103110311MD_6:임시일용근로일수; 13103110311MD_7:전체근로시간; 13103110311MD_8:상용총근로시간; 13103110311MD_9:상용소정실근로시간; 13103110311MD_10:상용초과근로시간; 13103110311MD_11:임시일용근로시간; 13103110311MD_12:전체임금총액; 13103110311MD_13:상용임금총액; 13103110311MD_14:상용정액급여; 13103110311MD_15:상용초과급여; 13103110311MD_16:상용특별급여; 13103110311MD_17:임시일용임금총액,
C07769,"통계청이 집계한 1월 음식점업 생산은 작년 같은 달보다 4.8% 떨어져, 코로나 유행 1주년인 2021년 1월(-32.3%) 이후 1월 기준 3년 만에 가장 큰 낙폭을 보였다.",101,DT_1KC2020,,T1:경상지수; T2:불변지수; T3:계절조정지수,
C07770,1월 주점업 생산의 낙폭 역시도 6.7%에 달해 2021년 1월 이후 1월 기준 가장 낙폭이 컸다.,101,DT_1KC2020,,T1:경상지수; T2:불변지수; T3:계절조정지수,
C07964,"이는 지난 1990년 관련 통계 작성 이래 최대치로, 1990년 당시 아내가 연상인 초혼 비중이 8.8%에 그쳤던 것과 비교하면 2.3배 불어난 규모다.",101,DT_1B83A08,00:전국; 11:서울특별시; 21:부산광역시; 22:대구광역시; 23:인천광역시; 24:광주광역시; 25:대전광역시; 26:울산광역시; 29:세종특별자치시; 31:경기도; 32:강원특별자치도; 33:충청북도; 34:충청남도; 35:전북특별자치도; 36:전라남도; 37:경상북도; 38:경상남도; 39:제주특별자치도; 90:국외,,
C07965,"반대로 남편이 연상인 경우는 11만3400건(63.5%)으로, 1990년 통계 작성 이후 가장 낮은 비율을 보였다.",101,DT_1B83A08,00:전국; 11:서울특별시; 21:부산광역시; 22:대구광역시; 23:인천광역시; 24:광주광역시; 25:대전광역시; 26:울산광역시; 29:세종특별자치시; 31:경기도; 32:강원특별자치도; 33:충청북도; 34:충청남도; 35:전북특별자치도; 36:전라남도; 37:경상북도; 38:경상남도; 39:제주특별자치도; 90:국외,,
C07966,아내와 남편이 동갑인 초혼 건수는 2만9800건(16.7%)이었다.,101,DT_1B83A08,00:전국; 11:서울특별시; 21:부산광역시; 22:대구광역시; 23:인천광역시; 24:광주광역시; 25:대전광역시; 26:울산광역시; 29:세종특별자치시; 31:경기도; 32:강원특별자치도; 33:충청북도; 34:충청남도; 35:전북특별자치도; 36:전라남도; 37:경상북도; 38:경상남도; 39:제주특별자치도; 90:국외,,
C08314,"특히 작년 4분기 중산층(3분위 가구) 비소비지출은 77만7000원으로, 1년 전보다 12.8% 늘었다.",101,DT_1L9U103,2:가구원수; 4:가구주연령; 7:가구분포; A:소득; B2:　경상소득; B4:　　근로소득; B5:　　사업소득; B6:　　재산소득; B7:　　이전소득; B701:　　공적이전소득; B702:　　사적이전소득; B8:　비경상소득; D:가계지출; F:소비지출; H:01.식료품 · 비주류음료; H1:곡물; H2:곡물가공품; H3:빵및떡류; H4:육류; H5:육류가공품; H6:신선수산동물; H7:염건수산동물; H8:기타수산동물가공; H9:유제품및알; I1:유지류; I2:과일및과일가공품; I3:채소및채소가공품; I4:해조및해조가공품; I5:당류및과자류; I6:조미식품; I7:기타식품; I8:커피및차; I9:주스및기타음료; IA:건강보조식품; IB:식품가공서비스; J:02.주류 · 담배; J1:주류; J2:담배; K:03.의류 · 신발; K1:직물및외의; K2:내의; K3:기타의복; K4:의복관련서비스; K5:신발; K6:신발서비스; L:04.주거 · 수도 · 광열; L1:실제주거비; L3:주택유지및수선; L4:상하수도및폐기물처리; L5:기타주거관련서비스; L6:연료비; M:05.가정용품 · 가사서비스; M0:가구및조명; M1:실내장식; M2:가구·조명및장식서비스; M3:가정용섬유; M4:가전및가정용기기; M5:가전관련서비스; M6:가사용품; M7:가정용공구및기타; M8:가사소모품; M9:가사서비스; N:06.보건; N1:의약품; N2:의료용소모품; N3:보건의료용품및기구; N4:외래의료서비스; N5:치과서비스; N6:기타의료서비스; N7:입원서비스; O:07.교통 · 운송; O1:자동차구입; O2:기타운송기구구입; O3:운송기구유지및수리; O4:운송기구연료비; O5:기타개인교통서비스; O6:철도운송; O7:육상운송; O8:기타운송; O9:기타운송관련서비스; OA:우편서비스; P:08.정보통신; P2:통신장비; P3:통신서비스; P4:영상음향기기; P5:정보처리장치 및 기록매체; P8:방송 및 시청각 콘텐츠 이용; P9:기타 영상 및 정보 관련 서비스; Q:09.오락 · 문화; Q5:오락문화내구재; Q6:악기 음반 및 비디오물; Q7:오락문화내구재유지및수리; Q8:게임 장난감 및 취미용품; Q9:캠핑및운동관련용품; R0:화훼및원예용품; R1:반려동물 및 관련용품; R2:화훼및반려동물서비스; R3:운동및오락서비스; R4:문화서비스; R5:복권 등; R6:서적; R7:기타인쇄물; R8:문구; R9:단체 및 국외여행비; S:10.교육; S1:정규교육; S2:_초등교육; S3:_중등교육; S4:_고등교육; S5:학원및보습교육; S6:_학생학원교육; S7:_성인학원교육; S8:기타교육; T:11.음식 · 숙박; T1:식사비; T5:숙박비; U:12.기타상품 · 서비스; U6:보험; U7:기타금융; V0:이미용서비스; V1:이미용기기; V2:위생및이미용용품; V3:시계및장신구; V4:기타개인용품; V5:복지시설; V9:기타서비스; W:비소비지출; W1:경상조세; W2:비경상조세; W3:연금기여금; W4:사회보험; W6:이자비용; W7:가구간이전지출; W8:비영리,T110:전체가구; T120:근로자가구; T150:근로자외가구,YES
C08317,"이자 비용 역시 1.2% 늘어난 10만8000원으로, 10만원 선을 넘어섰다.",101,DT_1L9U103,2:가구원수; 4:가구주연령; 7:가구분포; A:소득; B2:　경상소득; B4:　　근로소득; B5:　　사업소득; B6:　　재산소득; B7:　　이전소득; B701:　　공적이전소득; B702:　　사적이전소득; B8:　비경상소득; D:가계지출; F:소비지출; H:01.식료품 · 비주류음료; H1:곡물; H2:곡물가공품; H3:빵및떡류; H4:육류; H5:육류가공품; H6:신선수산동물; H7:염건수산동물; H8:기타수산동물가공; H9:유제품및알; I1:유지류; I2:과일및과일가공품; I3:채소및채소가공품; I4:해조및해조가공품; I5:당류및과자류; I6:조미식품; I7:기타식품; I8:커피및차; I9:주스및기타음료; IA:건강보조식품; IB:식품가공서비스; J:02.주류 · 담배; J1:주류; J2:담배; K:03.의류 · 신발; K1:직물및외의; K2:내의; K3:기타의복; K4:의복관련서비스; K5:신발; K6:신발서비스; L:04.주거 · 수도 · 광열; L1:실제주거비; L3:주택유지및수선; L4:상하수도및폐기물처리; L5:기타주거관련서비스; L6:연료비; M:05.가정용품 · 가사서비스; M0:가구및조명; M1:실내장식; M2:가구·조명및장식서비스; M3:가정용섬유; M4:가전및가정용기기; M5:가전관련서비스; M6:가사용품; M7:가정용공구및기타; M8:가사소모품; M9:가사서비스; N:06.보건; N1:의약품; N2:의료용소모품; N3:보건의료용품및기구; N4:외래의료서비스; N5:치과서비스; N6:기타의료서비스; N7:입원서비스; O:07.교통 · 운송; O1:자동차구입; O2:기타운송기구구입; O3:운송기구유지및수리; O4:운송기구연료비; O5:기타개인교통서비스; O6:철도운송; O7:육상운송; O8:기타운송; O9:기타운송관련서비스; OA:우편서비스; P:08.정보통신; P2:통신장비; P3:통신서비스; P4:영상음향기기; P5:정보처리장치 및 기록매체; P8:방송 및 시청각 콘텐츠 이용; P9:기타 영상 및 정보 관련 서비스; Q:09.오락 · 문화; Q5:오락문화내구재; Q6:악기 음반 및 비디오물; Q7:오락문화내구재유지및수리; Q8:게임 장난감 및 취미용품; Q9:캠핑및운동관련용품; R0:화훼및원예용품; R1:반려동물 및 관련용품; R2:화훼및반려동물서비스; R3:운동및오락서비스; R4:문화서비스; R5:복권 등; R6:서적; R7:기타인쇄물; R8:문구; R9:단체 및 국외여행비; S:10.교육; S1:정규교육; S2:_초등교육; S3:_중등교육; S4:_고등교육; S5:학원및보습교육; S6:_학생학원교육; S7:_성인학원교육; S8:기타교육; T:11.음식 · 숙박; T1:식사비; T5:숙박비; U:12.기타상품 · 서비스; U6:보험; U7:기타금융; V0:이미용서비스; V1:이미용기기; V2:위생및이미용용품; V3:시계및장신구; V4:기타개인용품; V5:복지시설; V9:기타서비스; W:비소비지출; W1:경상조세; W2:비경상조세; W3:연금기여금; W4:사회보험; W6:이자비용; W7:가구간이전지출; W8:비영리,T110:전체가구; T120:근로자가구; T150:근로자외가구,YES
C08318,교육비 지출은 13.2% 늘어난 14만5000원으로 집계됐다.,101,DT_1L9U103,2:가구원수; 4:가구주연령; 7:가구분포; A:소득; B2:　경상소득; B4:　　근로소득; B5:　　사업소득; B6:　　재산소득; B7:　　이전소득; B701:　　공적이전소득; B702:　　사적이전소득; B8:　비경상소득; D:가계지출; F:소비지출; H:01.식료품 · 비주류음료; H1:곡물; H2:곡물가공품; H3:빵및떡류; H4:육류; H5:육류가공품; H6:신선수산동물; H7:염건수산동물; H8:기타수산동물가공; H9:유제품및알; I1:유지류; I2:과일및과일가공품; I3:채소및채소가공품; I4:해조및해조가공품; I5:당류및과자류; I6:조미식품; I7:기타식품; I8:커피및차; I9:주스및기타음료; IA:건강보조식품; IB:식품가공서비스; J:02.주류 · 담배; J1:주류; J2:담배; K:03.의류 · 신발; K1:직물및외의; K2:내의; K3:기타의복; K4:의복관련서비스; K5:신발; K6:신발서비스; L:04.주거 · 수도 · 광열; L1:실제주거비; L3:주택유지및수선; L4:상하수도및폐기물처리; L5:기타주거관련서비스; L6:연료비; M:05.가정용품 · 가사서비스; M0:가구및조명; M1:실내장식; M2:가구·조명및장식서비스; M3:가정용섬유; M4:가전및가정용기기; M5:가전관련서비스; M6:가사용품; M7:가정용공구및기타; M8:가사소모품; M9:가사서비스; N:06.보건; N1:의약품; N2:의료용소모품; N3:보건의료용품및기구; N4:외래의료서비스; N5:치과서비스; N6:기타의료서비스; N7:입원서비스; O:07.교통 · 운송; O1:자동차구입; O2:기타운송기구구입; O3:운송기구유지및수리; O4:운송기구연료비; O5:기타개인교통서비스; O6:철도운송; O7:육상운송; O8:기타운송; O9:기타운송관련서비스; OA:우편서비스; P:08.정보통신; P2:통신장비; P3:통신서비스; P4:영상음향기기; P5:정보처리장치 및 기록매체; P8:방송 및 시청각 콘텐츠 이용; P9:기타 영상 및 정보 관련 서비스; Q:09.오락 · 문화; Q5:오락문화내구재; Q6:악기 음반 및 비디오물; Q7:오락문화내구재유지및수리; Q8:게임 장난감 및 취미용품; Q9:캠핑및운동관련용품; R0:화훼및원예용품; R1:반려동물 및 관련용품; R2:화훼및반려동물서비스; R3:운동및오락서비스; R4:문화서비스; R5:복권 등; R6:서적; R7:기타인쇄물; R8:문구; R9:단체 및 국외여행비; S:10.교육; S1:정규교육; S2:_초등교육; S3:_중등교육; S4:_고등교육; S5:학원및보습교육; S6:_학생학원교육; S7:_성인학원교육; S8:기타교육; T:11.음식 · 숙박; T1:식사비; T5:숙박비; U:12.기타상품 · 서비스; U6:보험; U7:기타금융; V0:이미용서비스; V1:이미용기기; V2:위생및이미용용품; V3:시계및장신구; V4:기타개인용품; V5:복지시설; V9:기타서비스; W:비소비지출; W1:경상조세; W2:비경상조세; W3:연금기여금; W4:사회보험; W6:이자비용; W7:가구간이전지출; W8:비영리,T110:전체가구; T120:근로자가구; T150:근로자외가구,YES
C08319,전체 가구의 교육비 평균 증가율이 0.4%라는 점을 감안하면 중산층에서 유독 큰 폭으로 늘어난 셈이다.,101,DT_1L9U103,2:가구원수; 4:가구주연령; 7:가구분포; A:소득; B2:　경상소득; B4:　　근로소득; B5:　　사업소득; B6:　　재산소득; B7:　　이전소득; B701:　　공적이전소득; B702:　　사적이전소득; B8:　비경상소득; D:가계지출; F:소비지출; H:01.식료품 · 비주류음료; H1:곡물; H2:곡물가공품; H3:빵및떡류; H4:육류; H5:육류가공품; H6:신선수산동물; H7:염건수산동물; H8:기타수산동물가공; H9:유제품및알; I1:유지류; I2:과일및과일가공품; I3:채소및채소가공품; I4:해조및해조가공품; I5:당류및과자류; I6:조미식품; I7:기타식품; I8:커피및차; I9:주스및기타음료; IA:건강보조식품; IB:식품가공서비스; J:02.주류 · 담배; J1:주류; J2:담배; K:03.의류 · 신발; K1:직물및외의; K2:내의; K3:기타의복; K4:의복관련서비스; K5:신발; K6:신발서비스; L:04.주거 · 수도 · 광열; L1:실제주거비; L3:주택유지및수선; L4:상하수도및폐기물처리; L5:기타주거관련서비스; L6:연료비; M:05.가정용품 · 가사서비스; M0:가구및조명; M1:실내장식; M2:가구·조명및장식서비스; M3:가정용섬유; M4:가전및가정용기기; M5:가전관련서비스; M6:가사용품; M7:가정용공구및기타; M8:가사소모품; M9:가사서비스; N:06.보건; N1:의약품; N2:의료용소모품; N3:보건의료용품및기구; N4:외래의료서비스; N5:치과서비스; N6:기타의료서비스; N7:입원서비스; O:07.교통 · 운송; O1:자동차구입; O2:기타운송기구구입; O3:운송기구유지및수리; O4:운송기구연료비; O5:기타개인교통서비스; O6:철도운송; O7:육상운송; O8:기타운송; O9:기타운송관련서비스; OA:우편서비스; P:08.정보통신; P2:통신장비; P3:통신서비스; P4:영상음향기기; P5:정보처리장치 및 기록매체; P8:방송 및 시청각 콘텐츠 이용; P9:기타 영상 및 정보 관련 서비스; Q:09.오락 · 문화; Q5:오락문화내구재; Q6:악기 음반 및 비디오물; Q7:오락문화내구재유지및수리; Q8:게임 장난감 및 취미용품; Q9:캠핑및운동관련용품; R0:화훼및원예용품; R1:반려동물 및 관련용품; R2:화훼및반려동물서비스; R3:운동및오락서비스; R4:문화서비스; R5:복권 등; R6:서적; R7:기타인쇄물; R8:문구; R9:단체 및 국외여행비; S:10.교육; S1:정규교육; S2:_초등교육; S3:_중등교육; S4:_고등교육; S5:학원및보습교육; S6:_학생학원교육; S7:_성인학원교육; S8:기타교육; T:11.음식 · 숙박; T1:식사비; T5:숙박비; U:12.기타상품 · 서비스; U6:보험; U7:기타금융; V0:이미용서비스; V1:이미용기기; V2:위생및이미용용품; V3:시계및장신구; V4:기타개인용품; V5:복지시설; V9:기타서비스; W:비소비지출; W1:경상조세; W2:비경상조세; W3:연금기여금; W4:사회보험; W6:이자비용; W7:가구간이전지출; W8:비영리,T110:전체가구; T120:근로자가구; T150:근로자외가구,YES
C08417,소비자심리지수가 넉 달 연속 100을 밑돈 건 2023년 12월 이후 15개월 만이다.,301,DT_511Y002,13102134688CSI_CD.FMA:경제인식조사; 13102134688CSI_CD.FMAA:현재생활형편CSI; 13102134688CSI_CD.FMBA:생활형편전망CSI; 13102134688CSI_CD.FMCA:가계수입전망CSI; 13102134688CSI_CD.FMCCA:내구재 지출전망CSI; 13102134688CSI_CD.FMDA:현재가계저축CSI; 13102134688CSI_CD.FMDE:주택·상가가치전망CSI; 13102134688CSI_CD.FMFA:물가수준전망(1년후)CSI; 13102134688CSI_CD.FMAB:현재경기판단CSI; 13102134688CSI_CD.FMB:경제전망조사; 13102134688CSI_CD.FMBB:향후경기전망CSI; 13102134688CSI_CD.FMCB:소비지출전망CSI; 13102134688CSI_CD.FMCCB:의류비 지출전망CSI; 13102134688CSI_CD.FMDC:가계저축전망CSI; 13102134688CSI_CD.FMDF:토지·임야가치전망CSI; 13102134688CSI_CD.FMFB:주택가격전망CSI; 13102134688CSI_CD.FMBE:취업기회전망CSI; 13102134688CSI_CD.FMC:소비지출전망조사; 13102134688CSI_CD.FMCC:항목별 소비지출전망조사; 13102134688CSI_CD.FMCCC:외식비 지출전망CSI; 13102134688CSI_CD.FMDB:현재가계부채CSI; 13102134688CSI_CD.FMDG:금융저축가치전망CSI; 13102134688CSI_CD.FMFC:임금수준전망CSI; 13102134688CSI_CD.FMBG:금리수준전망CSI; 13102134688CSI_CD.FMCCD:여행비 지출전망CSI; 13102134688CSI_CD.FMD:가계저축 및 부채조사; 13102134688CSI_CD.FMDD:가계부채전망CSI; 13102134688CSI_CD.FMDH:주식가치전망CSI; 13102134688CSI_CD.FMFD:물가수준전망(6개월후)CSI(~2012.12월); 13102134688CSI_CD.FMCCE:교육비 지출전망CSI; 13102134688CSI_CD.FMF:물가전망조사; 13102134688CSI_CD.FMCCF:의료·보건비 지출전망CSI; 13102134688CSI_CD.FMG:자산가치전망조사(~2012.12월); 13102134688CSI_CD.FMCCG:교양·오락·문화생활비 지출전망CSI; 13102134688CSI_CD.FME:소비자심리지수; 13102134688CSI_CD.FMCCH:교통비 및 통신비 지출전망CSI; 13102134688CSI_CD.FMCCI:주거비 지출전망CSI,,
C08418,"당시 소비자심리지수는 97.2~99.8 수준으로, 최근 4개월(88.2~95.2)보다도 높았다.",301,DT_511Y002,13102134688CSI_CD.FMA:경제인식조사; 13102134688CSI_CD.FMAA:현재생활형편CSI; 13102134688CSI_CD.FMBA:생활형편전망CSI; 13102134688CSI_CD.FMCA:가계수입전망CSI; 13102134688CSI_CD.FMCCA:내구재 지출전망CSI; 13102134688CSI_CD.FMDA:현재가계저축CSI; 13102134688CSI_CD.FMDE:주택·상가가치전망CSI; 13102134688CSI_CD.FMFA:물가수준전망(1년후)CSI; 13102134688CSI_CD.FMAB:현재경기판단CSI; 13102134688CSI_CD.FMB:경제전망조사; 13102134688CSI_CD.FMBB:향후경기전망CSI; 13102134688CSI_CD.FMCB:소비지출전망CSI; 13102134688CSI_CD.FMCCB:의류비 지출전망CSI; 13102134688CSI_CD.FMDC:가계저축전망CSI; 13102134688CSI_CD.FMDF:토지·임야가치전망CSI; 13102134688CSI_CD.FMFB:주택가격전망CSI; 13102134688CSI_CD.FMBE:취업기회전망CSI; 13102134688CSI_CD.FMC:소비지출전망조사; 13102134688CSI_CD.FMCC:항목별 소비지출전망조사; 13102134688CSI_CD.FMCCC:외식비 지출전망CSI; 13102134688CSI_CD.FMDB:현재가계부채CSI; 13102134688CSI_CD.FMDG:금융저축가치전망CSI; 13102134688CSI_CD.FMFC:임금수준전망CSI; 13102134688CSI_CD.FMBG:금리수준전망CSI; 13102134688CSI_CD.FMCCD:여행비 지출전망CSI; 13102134688CSI_CD.FMD:가계저축 및 부채조사; 13102134688CSI_CD.FMDD:가계부채전망CSI; 13102134688CSI_CD.FMDH:주식가치전망CSI; 13102134688CSI_CD.FMFD:물가수준전망(6개월후)CSI(~2012.12월); 13102134688CSI_CD.FMCCE:교육비 지출전망CSI; 13102134688CSI_CD.FMF:물가전망조사; 13102134688CSI_CD.FMCCF:의료·보건비 지출전망CSI; 13102134688CSI_CD.FMG:자산가치전망조사(~2012.12월); 13102134688CSI_CD.FMCCG:교양·오락·문화생활비 지출전망CSI; 13102134688CSI_CD.FME:소비자심리지수; 13102134688CSI_CD.FMCCH:교통비 및 통신비 지출전망CSI; 13102134688CSI_CD.FMCCI:주거비 지출전망CSI,,
C08861,당시 정부는 주택보급률이 60% 수준으로 심각한 부족 상태였기에 가능한 한 많은 국민에게 최소한의 주거 공간을 제공해야 했다.,116,DT_MLTM_592,13102766977A.01:전국; 13102766977A.02:수도권; 13102766977A.03:서울; 13102766977A.04:지방; 13102766977A.05:부산; 13102766977A.06:대구; 13102766977A.07:인천; 13102766977A.08:광주; 13102766977A.09:대전; 13102766977A.10:울산; 13102766977A.11:경기; 13102766977A.12:강원; 13102766977A.13:충북; 13102766977A.14:충남; 13102766977A.15:전북; 13102766977A.16:전남; 13102766977A.17:경북; 13102766977A.18:경남; 13102766977A.19:제주,13103766977T1:가구수; 13103766977T2:주택수; 13103766977T3:보급률,
C09015,"31일 통계청이 발표한 ‘2월 산업활동동향’에 따르면, 지난달 전(全)산업 생산지수는 111.7로 전월 대비 0.6% 증가했다.",101,DT_1JH20202,1:전산업생산지수; 1A:농림어업; 1B:광공업; 1D:건설업; 1C:서비스업; 1E:공공행정,,
C09018,다만 내수 경기와 직결된 숙박·음식점업 생산은 3% 감소한 모습을 보였다.,101,DT_1KC2020,,T1:경상지수; T2:불변지수; T3:계절조정지수,
C09021,특히 자동차 소비는 13.2% 증가하며 그간 소비 부진이 개선된 모습이었다.,101,DT_1K41012,,T1:경상지수; T2:불변지수; T3:계절조정지수,
C09022,지난달 설비투자는 반도체 제조용 기계 등 기계류 투자를 중심으로 전반적인 투자 규모가 늘어나면서 전월 대비 18.7% 증가했다.,101,DT_1F70011,,T3:원지수; T5:계절조정지수,
C09023,직전 달인 1월 15.7% 감소했던 것에서 한 달 만에 크게 반등한 것이다.,101,DT_1F70011,,T3:원지수; T5:계절조정지수,
C09032,65세 이상이 인구의 20% 이상을 차지하는 ‘초고령 사회’에 진입한 한국에서 ‘골다공증 치료제’ 출시 경쟁이 본격화했다는 평가가 나온다.,101,DT_1BPA002,1:중위 추계(기본 추계: 출산율-중위 / 기대수명-중위 / 국제순이동-중위); 2:고위 추계(최대인구 추계: 출산율-고위 / 기대수명-고위 / 국제순이동-고위); 3:저위 추계(최소인구 추계: 출산율-저위 / 기대수명-저위 / 국제순이동-저위),,
C16301,동시에 서울 아파트 월세지수는 전녀 대비 10.3% 상승했다.,408,DT_30404_B002,a0:전국; a1:수도권; a2:지방; d1:6대광역시; a4:5대광역시; d2:9개도; a6:8개도; a7:서울; a701:강북권역; a70101:도심권; a7010101:종로; a7010102:중; a7010103:용산; a70102:동북권; a7010201:성동; a7010202:광진; a7010203:동대문; a7010204:중랑; a7010205:성북; a7010206:강북; a7010207:도봉; a7010208:노원; a70103:서북권; a7010301:은평; a7010302:서대문; a7010303:마포; a702:강남권역; a70201:서남권; a7020101:양천; a7020102:강서; a7020103:구로; a7020104:금천; a7020105:영등포; a7020106:동작; a7020107:관악; a70202:동남권; a7020201:서초; a7020202:강남; a7020203:송파; a7020204:강동; a8:경기; a801:경부1권; a80101:과천; a80102:안양; a8010201:만안; a8010202:동안; a80103:성남; a8010301:수정; a8010302:중원; a8010303:분당; a80104:군포; a80105:의왕; a802:경부2권; a80201:안성; a80202:용인; a8020201:처인; a8020202:기흥; a8020203:수지; a80203:수원; a8020301:장안; a8020302:권선; a8020303:팔달; a8020304:영통; a803:서해안권; a80301:부천; a8030101:원미; a8030102:소사; a8030103:오정; a80302:안산; a8030201:상록; a8030202:단원; a80303:시흥; a80304:광명; a80305:화성; a8030501:만세; a8030502:효행; a8030503:병점; a8030504:동탄; a80306:오산; a80307:평택; a804:동부1권; a80401:남양주; a80402:구리; a80403:하남; a80404:광주; a805:동부2권; a80501:이천; a80502:여주; a806:경의권; a80601:김포; a80602:고양; a8060201:덕양; a8060202:일산동; a8060203:일산서; a80603:파주; a807:경원권; a80701:포천; a80702:동두천; a80703:양주; a80704:의정부; a9:인천; a901:중; a902:동; a903:미추홀; a904:연수; a905:남동; a906:부평; a907:계양; a908:서; b1:부산; b101:중부산권; b10101:중; b10102:서; b10103:동; b10104:영도; b10105:부산진; b10106:남; b10107:연제; b10108:수영; b102:동부산권; b10201:해운대; b10202:금정; b10203:동래; b10204:기장; b103:서부산권; b10301:북; b10302:강서; b10303:사상; b10304:사하; b2:대구; b201:중; b202:동; b203:서,,YES
C16304,"이어 ""우리나라는 공공 임대가 전체의 8% 수준에 그치고 92%를 민간 영역에서 공급한다""며 ""시장에 전세 임대를 제공하는 공급자인 다주택자 규제를 풀지 않으면 공급도 풀리지 않는다""고 덧붙였다.",116,DT_MLTM_7175,13102844595A.0001:서울특별시; 13102844595A.0002:부산광역시; 13102844595A.0003:대구광역시; 13102844595A.0004:인천광역시; 13102844595A.0005:광주광역시; 13102844595A.0006:대전광역시; 13102844595A.0007:울산광역시; 13102844595A.0008:세종특별자치시; 13102844595A.0009:경기도; 13102844595A.0010:강원특별자치도; 13102844595A.0011:충청북도; 13102844595A.0012:충청남도; 13102844595A.0013:전북특별자치도; 13102844595A.0014:전라남도; 13102844595A.0015:경상북도; 13102844595A.0016:경상남도; 13102844595A.0017:제주특별자치도,13103844595T1:LH; 13103844595T2:지자체지방공사; 13103844595T3:공공기관(LH·지방공사 제외); 13103844595T4:민간; 13103844595T5:지자체; 13103844595T6:개인; 13103844595T7:법인,
C19493,"이어 “세수를 점검해 보니 2022년도에 총국세가 396조원이었는데, 2023년도에는 344조원, 지난해에도 337조원으로 줄었고 올해는 10조원 이상의 (세입) 경정을 한 상황”이라며 “법인세 같은 경우는 2022년도 100조원에서 작년도에는 거의 한 60조원까지 40%나 빠졌다”고 했다.",133,TX_13301_A075,15133SMB000:국세청 총징수액; 15133SMB000A:지방소비세 이체액; 15133SSMMS:근로·자녀장려금; 15133SSMBNS:물납세액; 15133SMB00:국세청 세수; 15133SMB0001:내국세; 15133SMB000101:직접세; 15133SMB00010101:소득세; 15133SMB0001010101:신고분; 15133SMB000101010101:종합소득세; 15133SMB000101010102:근로소득세(납세조합징수분을); 15133SMB000101010103:양도소득세; 15133SMB000101010104:산림소득세; 15133SMB0001010102:원천분; 15133SMB000101010201:이자소득세; 15133SMB000101010202:배당소득세; 15133SMB000101010203:사업소득세; 15133SMB0001010102001:근로소득세(갑); 15133SMB000101010204:근로소득세; 15133SMB00010100204B:원천분; 15133SMB00010100204:납세조합분; 15133SMB000101010205:기타소득세; 15133SMB000101010206:연금소득세; 15133SMB000101010207:퇴직소득세; 15133SMB000101010207A:근로장려금; 15133SMB000101010207B:자녀장려금; 15133SMB00010102:법인세; 15133SMB0001010201:신고분; 15133SMB0001010202:원천분; 15133SMB00010103:토지초과이득세; 15133SMB00010104:상속ㆍ증여세; 15133SMB0001010401:상속; 15133SMB0001010402:증여; 15133SMB00010105:상속세; 15133SMB00010106:증여세; 15133SMB00010107:자산 재평가세; 15133SMB00010108:부당이득세; 15133SMB000102:간접세; 15133SMB00010201:부가가치세; 15133SMB00010202:개별(특별)소비세; 15133SMB00010203:주세; 15133SMB00010204:전화세; 15133SMB00010205:증권거래세; 15133SMB000104A:인지세; 15133SMB000104B:과년도 수입; 15133SMB0002:교통세; 15133SMB0003:교통·에너지·환경세; 15133SMB0004:방위세; 15133SMB0005:교육세; 15133SMB0006:농어촌특별세; 15133SMB0007:종합부동산세; 15133SMB0E:현년도분; 15133SMB0E01:내국세; 15133SMB0E0101:직접세; 15133SMB0E010101:소득세; 15133SMB0E01010101:신고분; 15133SMB0E0101010101:종합소득세; 15133SMB0E0101010102:근로소득세(납세조합징수분을); 15133SMB0E0101010103:양도소득세; 15133SMB0E0101010104:산림소득세; 15133SMB0E01010102:원천분; 15133SMB0E0101,16133AAB1:징수액; B001:전년대비,YES
C19573,구 후보자는 “윤석열 정부는 세금을 깎아 주면 기업이 투자를 하고 그게 선순환 구조로 갈 거라고 예상을 했다고 생각한다”며 “그러나 세수를 점검해 보니 법인세는 2022년 거의 100조원에서 지난해 한 60조원으로 40%나 빠지며 성장도 소비도 투자도 줄어드는 상황”이라고 했다.,133,TX_13301_A075,15133SMB000:국세청 총징수액; 15133SMB000A:지방소비세 이체액; 15133SSMMS:근로·자녀장려금; 15133SSMBNS:물납세액; 15133SMB00:국세청 세수; 15133SMB0001:내국세; 15133SMB000101:직접세; 15133SMB00010101:소득세; 15133SMB0001010101:신고분; 15133SMB000101010101:종합소득세; 15133SMB000101010102:근로소득세(납세조합징수분을); 15133SMB000101010103:양도소득세; 15133SMB000101010104:산림소득세; 15133SMB0001010102:원천분; 15133SMB000101010201:이자소득세; 15133SMB000101010202:배당소득세; 15133SMB000101010203:사업소득세; 15133SMB0001010102001:근로소득세(갑); 15133SMB000101010204:근로소득세; 15133SMB00010100204B:원천분; 15133SMB00010100204:납세조합분; 15133SMB000101010205:기타소득세; 15133SMB000101010206:연금소득세; 15133SMB000101010207:퇴직소득세; 15133SMB000101010207A:근로장려금; 15133SMB000101010207B:자녀장려금; 15133SMB00010102:법인세; 15133SMB0001010201:신고분; 15133SMB0001010202:원천분; 15133SMB00010103:토지초과이득세; 15133SMB00010104:상속ㆍ증여세; 15133SMB0001010401:상속; 15133SMB0001010402:증여; 15133SMB00010105:상속세; 15133SMB00010106:증여세; 15133SMB00010107:자산 재평가세; 15133SMB00010108:부당이득세; 15133SMB000102:간접세; 15133SMB00010201:부가가치세; 15133SMB00010202:개별(특별)소비세; 15133SMB00010203:주세; 15133SMB00010204:전화세; 15133SMB00010205:증권거래세; 15133SMB000104A:인지세; 15133SMB000104B:과년도 수입; 15133SMB0002:교통세; 15133SMB0003:교통·에너지·환경세; 15133SMB0004:방위세; 15133SMB0005:교육세; 15133SMB0006:농어촌특별세; 15133SMB0007:종합부동산세; 15133SMB0E:현년도분; 15133SMB0E01:내국세; 15133SMB0E0101:직접세; 15133SMB0E010101:소득세; 15133SMB0E01010101:신고분; 15133SMB0E0101010101:종합소득세; 15133SMB0E0101010102:근로소득세(납세조합징수분을); 15133SMB0E0101010103:양도소득세; 15133SMB0E0101010104:산림소득세; 15133SMB0E01010102:원천분; 15133SMB0E0101,16133AAB1:징수액; B001:전년대비,YES
C20422,1975년 4.2%였던 1인 가구 비율은 2020년 세 집 중 한 집꼴(31.7%)로 크게 늘었다.,101,DT_1JC1502,00:전국; 04:읍부; 05:면부; 03:동부; 11:서울특별시; 11010:종로구; 11010530:사직동; 11010540:삼청동; 11010550:부암동; 11010560:평창동; 11010570:무악동; 11010580:교남동; 11010600:가회동; 11010610:종로1·2·3·4가동; 11010630:종로5·6가동; 11010640:이화동; 11010670:창신1동; 11010680:창신2동; 11010690:창신3동; 11010700:숭인1동; 11010710:숭인2동; 11010720:청운효자동; 11010730:혜화동; 11020:중구; 11020520:소공동; 11020540:회현동; 11020550:명동; 11020570:필동; 11020580:장충동; 11020590:광희동; 11020600:을지로동; 11020650:신당5동; 11020670:황학동; 11020680:중림동; 11020690:신당동; 11020700:다산동; 11020710:약수동; 11020720:청구동; 11020730:동화동; 11030:용산구; 11030510:후암동; 11030520:용산2가동; 11030530:남영동; 11030570:원효로2동; 11030580:효창동; 11030590:용문동; 11030630:이촌1동; 11030640:이촌2동; 11030650:이태원1동; 11030660:이태원2동; 11030690:서빙고동; 11030700:보광동; 11030710:청파동; 11030720:원효로1동; 11030730:한강로동; 11030740:한남동; 11040:성동구; 11040520:왕십리2동; 11040540:마장동; 11040550:사근동; 11040560:행당1동; 11040570:행당2동; 11040580:응봉동; 11040590:금호1가동; 11040620:금호4가동; 11040650:성수1가1동; 11040660:성수1가2동; 11040670:성수2가1동; 11040680:성수2가3동; 11040690:송정동; 11040700:용답동; 11040710:왕십리도선동; 11040720:금호2·3가동; 11040730:옥수동; 11050:광진구; 11050530:화양동; 11050540:군자동; 11050550:중곡1동; 11050560:중곡2동; 11050570:중곡3동; 11050580:중곡4동; 11050590:능동; 11050600:구의1동; 11050610:구의2동; 11050620:구의3동; 11050630:광장동; 11050640:자양1동; 11050650:자양2동; 11050660:자양3동; 11050670:자양4동; 11060:동대문구; 11060710:회기동; 11060720:휘경1동; 11060730:휘경2동; 11060800:청량리동; 11060810:용신동; 11060820:제기동; 11060830:전농1동; 11060840:전농2동; 11060860:답십리2동; 11060870:장안1동; 11060880:장안2동; 11060890:이문1동; 11060900:이문2동; 11060910:답십리1,T0:일반가구_계; T1:1인; T2:2인; T3:3인; T4:4인; T5:5인; T8:6인 이상; T6:6인; T7:7인 이상,YES
