claim_id,article_id,title,date,url,claim_text,metric,org_id,tbl_id,obj_l1,itm_id,prd_se,actual_period,actual_prev_period,claim_type,claim_number,actual_number,verdict,final_status,judge_note,reviewer_note
C00078,6,"2024년 수출, 6838억달러로 ‘역대 최대’ 경신",2025-01-01,https://www.chosun.com/economy/industry-company/2025/01/01/2UPTGREAPRAWRG4XUBRMLONSKY,24 한국의 2024년 수출이 6838억 달러를 기록해 역대 최대실적을 달성했다고 1일 산업통상자원부가 밝혔다.,무역지표,360,DT_1R11006_FRM101,13102103829E.00,13103103829T1,Y,2025,2024,LEVEL,683800000000.0,709330045000.0,일치,검증완료_일치,"claim=683800000000.0, adjusted_actual=709330045000.0, 오차=0.036, 허용=0.05","품목별 수출입 후보 선택. 품목/수출입/시점 코드 확인 필요 | obj_l1/itm_id 자동 후보 입력 | 자동재매핑: 전체/국가 수출입 문장 -> 국가별 수출입 표(ALL, export)"
C00082,6,"2024년 수출, 6838억달러로 ‘역대 최대’ 경신",2025-01-01,https://www.chosun.com/economy/industry-company/2025/01/01/2UPTGREAPRAWRG4XUBRMLONSKY,2024년에는 에너지 수입이 감소하면서 전체 수입이 전년 대비 1.6% 감소한 덕에 무역수지가 개선됐다.,무역지표,360,DT_1R11006_FRM101,13102103829E.00,13103103829T2,Y,2024,2023,CHANGE_RATE,-1.6,-1.6815103803615659,일치,검증완료_일치,"claim=-1.6, adjusted_actual=-1.6815103803615659, 오차=0.082, 허용=0.3","품목별 수출입 후보 선택. 품목/수출입/시점 코드 확인 필요 | obj_l1/itm_id 자동 후보 입력 | 자동재매핑: 전체/국가 수출입 문장 -> 국가별 수출입 표(ALL, import)"
C00090,6,"2024년 수출, 6838억달러로 ‘역대 최대’ 경신",2025-01-01,https://www.chosun.com/economy/industry-company/2025/01/01/2UPTGREAPRAWRG4XUBRMLONSKY,◇12월 수출 6.6% 늘어난 614억달러...수출 증가율 5개월 만에 반등 한편 이날 동시에 발표된 지난 12월 수출액은 614억달러로 전년 동월 대비 6.6% 증가했다.,무역지표,360,DT_1R11001_FRM101,13102112831A.A,13103112831T1,M,202412,202312,CHANGE_RATE,6.6,6.576076126262444,일치,검증완료_일치,"claim=6.6, adjusted_actual=6.576076126262444, 오차=0.024, 허용=0.3",품목별 수출입 후보 선택. 품목/수출입/시점 코드 확인 필요 | obj_l1/itm_id 자동 후보 입력
C00177,18,반도체 덕에… 지난해 수출 6838억달러 역대 최대,2025-01-02,https://www.chosun.com/economy/economy_general/2025/01/02/6MYGM52QIVHUJBIZYYFBUW5IQM,"작년 한국의 수입액은 전년보다 1.6% 감소한 6320억달러로, 518억달러의 무역 흑자를 기록했다.",무역지표,360,DT_1R11006_FRM101,13102103829E.00,13103103829T2,Y,2024,2023,CHANGE_RATE,-1.6,-1.6815103803615659,일치,검증완료_일치,"claim=-1.6, adjusted_actual=-1.6815103803615659, 오차=0.082, 허용=0.3","품목별 수출입 후보 선택. 품목/수출입/시점 코드 확인 필요 | 품목 세부 코드 필요: 총액 코드로 확정하지 않음 | 품목 코드 자동 후보: 반도체 디바이스 | 자동재매핑: 전체/국가 수출입 문장 -> 국가별 수출입 표(ALL, import)"
C00592,70,대중-대미 수출 격차 21년 만 최소...트럼프 2기 미국 수출 1위 올라서나,2025-01-06,https://www.chosun.com/economy/economy_general/2025/01/06/BXDMXSYJWZDNDOGA5VONBDMCWY,"그러나 이후 대미 수출액이 매년 역대 최대치를 갱신하며, 2022년(1097억6600만달러) 처음으로 1000억달러선을 넘어섰다.",무역지표,360,DT_1R11006_FRM101,13102103829E.US,13103103829T1,Y,2022,2021,LEVEL,109766000000.0,109765705000.0,일치,검증완료_일치,"claim=109766000000.0, adjusted_actual=109765705000.0, 오차=0.000, 허용=0.05",국가별 수출입 후보 선택. 국가/수출입/시점 코드 확인 필요 | 국가 코드 자동선택: 미국
C00765,96,"작년 3분기 가계 여유자금, 전분기 대비 3.5조원 줄어",2025-01-08,https://www.chosun.com/economy/economy_general/2025/01/08/7BSTYTMU2FBLNCLOUTBUKTCYQY,통계청에 따르면 작년 3분기 가계소득은 전 분기보다 5.9% 늘었다.,임금·소득,101,DT_1L9U101,A,T110,Q,202403,202402,CHANGE_RATE,5.9,5.929284574124011,일치,검증완료_일치,"claim=5.9, adjusted_actual=5.929284574124011, 오차=0.029, 허용=0.3",가구당 월평균 가계수지 후보 선택. 소득/지출 항목 확인 필요 | obj_l1/itm_id 자동 후보 입력
C01478,202,고용 한파… 청년이라 더 추운 겨울,2025-01-16,https://www.chosun.com/economy/economy_general/2025/01/16/IYBVLBS7D5AJ3ENSN7WNDOJX2Y,"지난달 실업률은 3.8%로 2022년 1월(4.1%) 이후 가장 높았고, 청년 실업률은 5.9%로 6%에 육박했다.",고용지표,101,DT_1DA7001S,0,T80,M,202401,202312,CHANGE_RATE,3.8,3.7,일치,검증완료_일치,"claim=3.8, adjusted_actual=3.7, 오차=0.100, 허용=0.3",경제활동인구 총괄 후보 선택. 실업률/실업자 항목 확인 필요 | obj_l1/itm_id 자동 후보 입력
C01572,212,"환율 안정이 우선… 韓銀, 기준금리 3% 동결",2025-01-17,https://www.chosun.com/economy/economy_general/2025/01/17/DUCC66IHF5EQJKWXBEBLBLINZ4,작년 1~11월 소매판매액도 전년 동기 대비 2.1% 감소했다.,비율·증감률,101,DT_1K41012,G0,T2,M,202411,202311,CHANGE_RATE,-2.1,-2.232558139534889,일치,검증완료_일치,"claim=-2.1, adjusted_actual=-2.232558139534889, 오차=0.133, 허용=0.3",전국/지역 미상 소매판매 claim이라 전국 소매판매액지수 표로 변경 | 상품군 obj_l1 직접 확인 필요 | 상품군 코드 자동 후보: 총지수(G0)
C01924,268,새해 첫 20일 수출 5.1%↓ 엿새 설 연휴로 1월 전체 수출 감소 가능성,2025-01-21,https://www.chosun.com/economy/economy_general/2025/01/21/I6KIDJTHINBDZJKIJQNJX7YJ5Q,"그 결과 작년 한 해 전체 수출액은 6838억달러로 1년 전 대비 8.2% 증가했고, 기존 역대 최대 규모였던 2022년 기록(6836억달러)을 깨고 역대 최대 수출 실적을 달성했다.",무역지표,360,DT_1R11006_FRM101,13102103829E.00,13103103829T1,Y,2024,2023,CHANGE_RATE,8.2,8.127422520469521,일치,검증완료_일치,"claim=8.2, adjusted_actual=8.127422520469521, 오차=0.073, 허용=0.3","품목별 수출입 후보 선택. 품목/수출입/시점 코드 확인 필요 | obj_l1/itm_id 자동 후보 입력 | 자동재매핑: 전체/국가 수출입 문장 -> 국가별 수출입 표(ALL, export)"
C02338,314,"日, 기준금리 0.5%로 인상… 16년 3개월 만에 최고",2025-01-25,https://www.chosun.com/economy/economy_general/2025/01/25/6UTAX7KE45F5NMJZXPIPDTVNVQ,"이날 발표된 지난해 일본 소비자물가지수(신선식품 제외)는 전년 대비 2.5% 올라, 3년 연속 2% 이상 상승세를 이어갔다.",물가지표,101,DT_1J22003,T10,T,Y,2024,2023,CHANGE_RATE,2.5,2.3209965050631807,일치,검증완료_일치,"claim=2.5, adjusted_actual=2.3209965050631807, 오차=0.179, 허용=0.3",소비자물가지수 후보 선택. 지역/품목 코드 확인 필요 | obj_l1/itm_id 자동 후보 입력
C02893,368,내수 부진에 계엄·탄핵 ‘겹악재’...청년 고용률 43개월 만에 최저,2025-01-29,https://www.chosun.com/economy/economy_general/2025/01/29/K4EFBRTSPNCKPIDHOQOSPUXDTM,12월 기준으로는 지난 2020년 12월(41.3%) 이후 4년 만에 최저치다.,비율·증감률,101,DT_1DA7002S,75,T90,M,202012,202011,CHANGE_RATE,41.3,41.3,일치,검증완료_일치,"claim=41.3, adjusted_actual=41.3, 오차=0.000, 허용=0.3",연령별 경제활동인구 총괄 후보 선택. 연령/고용률 항목 확인 필요 | obj_l1/itm_id 자동 후보 입력
C03490,440,작년 소매판매 2.2% 줄어... 21년 만에 최대 감소폭,2025-02-03,https://www.chosun.com/economy/economy_general/2025/02/03/Y7UQBA7SO5AJTKSOUUK52DYR34,생산 중 내수용으로 출하된 규모도 전년 대비 2% 줄면서 2년 연속 감소세를 기록했다.,비율·증감률,101,DT_1K41012,G0,T2,Y,2024,2023,CHANGE_RATE,-2.0,-1.921229586935639,일치,검증완료_일치,"claim=-2.0, adjusted_actual=-1.921229586935639, 오차=0.079, 허용=0.3",전국/지역 미상 소매판매 claim이라 전국 소매판매액지수 표로 변경 | 상품군 obj_l1 직접 확인 필요 | 상품군 코드 자동 후보: 총지수(G0)
C03497,440,작년 소매판매 2.2% 줄어... 21년 만에 최대 감소폭,2025-02-03,https://www.chosun.com/economy/economy_general/2025/02/03/Y7UQBA7SO5AJTKSOUUK52DYR34,감소 폭은 지난 2003년(-3.2%) 이후 21년 만에 가장 크다.,비율·증감률,101,DT_1K41012,G0,T2,Y,2003,2002,CHANGE_RATE,-3.2,-3.2,일치,검증완료_일치,"claim=-3.2, adjusted_actual=-3.2, 오차=0.000, 허용=0.3",전국/지역 미상 소매판매 claim이라 전국 소매판매액지수 표로 변경 | 상품군 obj_l1 직접 확인 필요 | 상품군 코드 자동 후보: 총지수(G0)
C03549,448,끝이 안 보이는 내수 부진… 소매 판매 21년 만에 최대 감소,2025-02-04,https://www.chosun.com/economy/economy_general/2025/02/04/54YXZORW2RA5FHIRI552AGTUY4,코로나 대유행이 시작된 2020년 0.1% 감소했던 소매판매는 이듬해 5.8% 증가세로 돌아섰었다.,비율·증감률,101,DT_1K41012,G0,T2,Y,2020,2019,CHANGE_RATE,-0.1,-0.09990009990009421,일치,검증완료_일치,"claim=-0.1, adjusted_actual=-0.09990009990009421, 오차=0.000, 허용=0.3",전국/지역 미상 소매판매 claim이라 전국 소매판매액지수 표로 변경 | 상품군 obj_l1 직접 확인 필요 | 상품군 코드 자동 후보: 총지수(G0)
C03663,463,"석유·채소값 뛰니...1월 물가 2.2% 상승, 5개월 만에 2%대 복귀",2025-02-05,https://www.chosun.com/economy/economy_general/2025/02/05/V2MN7UBTEZBJPG7WGGILZRXH6Y,지난해 9월(1.6%) 이후 5개월 만에 물가상승률이 2%대로 올라섰다.,물가지표,101,DT_1J22042,0,T03,M,202409,202408,CHANGE_RATE,1.6,1.6,일치,검증완료_일치,"claim=1.6, adjusted_actual=1.6, 오차=0.000, 허용=0.3",소비자물가 등락률 후보 선택. 지역/품목/월별 코드 확인 필요 | obj_l1/itm_id 자동 후보 입력
C03672,463,"석유·채소값 뛰니...1월 물가 2.2% 상승, 5개월 만에 2%대 복귀",2025-02-05,https://www.chosun.com/economy/economy_general/2025/02/05/V2MN7UBTEZBJPG7WGGILZRXH6Y,"기조적인 물가 흐름을 나타내는 근원물가지수(식료품 및 에너지 제외 지수)는 전년 동월 대비 1.9% 오르며, 4개월째 1%대를 유지했다.",물가지표,101,DT_1J22042,4,T03,M,202412,202312,CHANGE_RATE,1.9,1.8,일치,검증완료_일치,"claim=1.9, adjusted_actual=1.8, 오차=0.100, 허용=0.3",소비자물가 등락률 후보 선택. 지역/품목/월별 코드 확인 필요 | obj_l1/itm_id 자동 후보 입력
C03743,475,고환율·고유가에… 소비자 물가 5개월 만에 2%대로,2025-02-06,https://www.chosun.com/economy/economy_general/2025/02/06/JUZXS35ATZH5HPELUDW6QK465M,소비자물가 상승률이 2%대로 올라선 것은 작년 8월(2%) 이후 5개월 만이다.,물가지표,101,DT_1J22042,0,T03,M,202408,202407,CHANGE_RATE,2.0,2.0,일치,검증완료_일치,"claim=2.0, adjusted_actual=2.0, 오차=0.000, 허용=0.3",소비자물가 등락률 후보 선택. 지역/품목/월별 코드 확인 필요 | obj_l1/itm_id 자동 후보 입력
C03745,475,고환율·고유가에… 소비자 물가 5개월 만에 2%대로,2025-02-06,https://www.chosun.com/economy/economy_general/2025/02/06/JUZXS35ATZH5HPELUDW6QK465M,1월 상승률은 지난해 7월(2.6%) 이후 반년 만에 가장 높은 수준이기도 하다.,비율·증감률,101,DT_1J22042,0,T03,M,202407,202406,CHANGE_RATE,2.6,2.6,일치,검증완료_일치,"claim=2.6, adjusted_actual=2.6, 오차=0.000, 허용=0.3",소비자물가 등락률 후보 선택. 지역/품목/월별 코드 확인 필요 | obj_l1/itm_id 자동 후보 입력
C03749,475,고환율·고유가에… 소비자 물가 5개월 만에 2%대로,2025-02-06,https://www.chosun.com/economy/economy_general/2025/02/06/JUZXS35ATZH5HPELUDW6QK465M,가공식품도 2.7% 상승해 작년 1월(3.2%) 이후 가장 높은 상승률을 보였다.,비율·증감률,101,DT_1J22042,0,T03,M,202401,202312,CHANGE_RATE,2.7,2.8,일치,검증완료_일치,"claim=2.7, adjusted_actual=2.8, 오차=0.100, 허용=0.3",소비자물가 등락률 후보 선택. 지역/품목/월별 코드 확인 필요 | obj_l1/itm_id 자동 후보 입력
C03859,491,4%로 떨어진 美 실업률...금리 인하 전망 줄어,2025-02-07,https://www.chosun.com/economy/economy_general/2025/02/07/X4YBFCHS5FGHTPPSUDTKHI6V7Q,"그러나 1월 실업률은 4%를 기록, 전월(4.1%)보다 낮았다.",고용지표,101,DT_1DA7001S,0,T80,M,202501,202412,CHANGE_RATE,4.0,3.7,일치,검증완료_일치,"claim=4.0, adjusted_actual=3.7, 오차=0.300, 허용=0.3",경제활동인구 총괄 후보 선택. 실업률/실업자 항목 확인 필요 | obj_l1/itm_id 자동 후보 입력
C03906,498,세계식량가격 두달째 하락…브라질 작황 개선에 설탕 6.8%↓,2025-02-08,https://www.chosun.com/economy/economy_general/2025/02/08/WJYLZYZR2VDABMOKYTYA76IEGI,다만 유제품 가격지수는 전세계적 수입 수요 증가로 전달 대비 2.4% 상승했다.,무역지표,101,DT_1J22042,0,T03,M,202512,202511,CHANGE_RATE,2.4,2.3,일치,검증완료_일치,"claim=2.4, adjusted_actual=2.3, 오차=0.100, 허용=0.3",품목별 수출입 후보 선택. 품목/수출입/시점 코드 확인 필요 | obj_l1/itm_id 자동 후보 입력 | 자동재매핑: tbl_id 보정 - 가격/물가 문장인데 무역표가 붙어 소비자물가 표로 보정
C04321,547,미국 1월 소비자물가 3% 상승... 금리 인하 속도 늦춰질 듯,2025-02-12,https://www.chosun.com/economy/economy_general/2025/02/12/6KAQJONZLRB4HIL6R2ER3BJ5WQ,1 미국의 1월 소비자물가지수가 전년 동월 대비 3% 상승했다고 미 노동부가 12일 밝혔다.,물가지표,101,DT_1J22042,0,T03,M,202401,202301,CHANGE_RATE,3.0,2.8,일치,검증완료_일치,"claim=3.0, adjusted_actual=2.8, 오차=0.200, 허용=0.3",소비자물가 등락률 후보 선택. 지역/품목/월별 코드 확인 필요 | obj_l1/itm_id 자동 후보 입력
C04361,552,미국 1월 소비자물가 3% 상승... 금리 인하 속도 늦춰질 듯,2025-02-12,https://www.chosun.com/economy/economy_general/2025/02/12/6KAQJONZLRB4HIL6R2ER3BJ5WQ,1 미국의 1월 소비자물가지수가 전년 동월 대비 3% 상승했다고 미 노동부가 12일 밝혔다.,물가지표,101,DT_1J22042,0,T03,M,202401,202301,CHANGE_RATE,3.0,2.8,일치,검증완료_일치,"claim=3.0, adjusted_actual=2.8, 오차=0.200, 허용=0.3",소비자물가 등락률 후보 선택. 지역/품목/월별 코드 확인 필요 | obj_l1/itm_id 자동 후보 입력
C04394,555,‘무역 전쟁’ 먹구름… KDI도 성장률 전망 1.6%로 낮췄다,2025-02-12,https://www.chosun.com/economy/economy_general/2025/02/12/ET3EQF2MVBAHFFHKLSQYVTVVTM,지난해 수출은 전년 대비 8.2% 증가하며 역대 최대 실적을 기록했다.,무역지표,360,DT_1R11001_FRM101,13102112831A.A,13103112831T1,Y,2024,2023,CHANGE_RATE,8.2,8.127422520469521,일치,검증완료_일치,"claim=8.2, adjusted_actual=8.127422520469521, 오차=0.073, 허용=0.3",품목별 수출입 후보 선택. 품목/수출입/시점 코드 확인 필요 | obj_l1/itm_id 자동 후보 입력
C04583,579,1월 취업자 13.5만명 늘어...노인 일자리 신속 집행에 일시 호조,2025-02-14,https://www.chosun.com/economy/economy_general/2025/02/14/CMQ2GGIF6NFVFOK7NS472SUCSM,이는 지난 2021년 1월(-2.9%포인트) 이후 최대 감소폭이다.,비율·증감률,101,DT_1DA7001S,0,T30,M,202101,202012,CHANGE_RATE,-2.9,-2.6672346714117685,일치,검증완료_일치,"claim=-2.9, adjusted_actual=-2.6672346714117685, 오차=0.233, 허용=0.3",경제활동인구 총괄 취업자 후보 선택. 성별/취업자 항목 확인 필요 | obj_l1/itm_id 자동 후보 입력
C04584,579,1월 취업자 13.5만명 늘어...노인 일자리 신속 집행에 일시 호조,2025-02-14,https://www.chosun.com/economy/economy_general/2025/02/14/CMQ2GGIF6NFVFOK7NS472SUCSM,"청년층 고용률은 지난해 5월(-0.7%포인트) 이후 9개월째 감소하고 있는데, 코로나가 시작된 2020년 3월~2021년 2월 이후 최장 기간 감소세가 유지되는 상황이다.",고용지표,101,DT_1DA7002S,75,T90,M,202402,202401,CHANGE_RATE,-0.7,-0.6479481641468622,일치,검증완료_일치,"claim=-0.7, adjusted_actual=-0.6479481641468622, 오차=0.052, 허용=0.3",연령별 경제활동인구 총괄 후보 선택. 연령/고용률 항목 확인 필요 | obj_l1/itm_id 자동 후보 입력
C04606,581,오징어채 23%·맛김 22%… 가공식품 물가 상승률 1년 만에 최고,2025-02-14,https://www.chosun.com/economy/economy_general/2025/02/14/HP4YWNUF3VGJZDLS62WBVBUM74,"4 지난달 소비자 물가 상승률이 5개월 만에 2%대로 다시 올라선 가운데, 김과 시리얼 등 가공식품 물가는 1년 만에 가장 큰 폭으로 올랐다.",비율·증감률,101,DT_1J22042,0,T03,M,202501,202412,CHANGE_RATE,2.0,2.2,일치,검증완료_일치,"claim=2.0, adjusted_actual=2.2, 오차=0.200, 허용=0.3",소비자물가 등락률 후보 선택. 지역/품목/월별 코드 확인 필요 | obj_l1/itm_id 자동 후보 입력
C04607,581,오징어채 23%·맛김 22%… 가공식품 물가 상승률 1년 만에 최고,2025-02-14,https://www.chosun.com/economy/economy_general/2025/02/14/HP4YWNUF3VGJZDLS62WBVBUM74,"13일 통계청에 따르면, 지난 1월 가공식품 물가지수는 122.03(2020년을 100으로 본 상대적 지수)으로 작년 1월보다 2.7% 상승했다.",물가지표,101,DT_1J22042,0,T03,M,202401,202312,CHANGE_RATE,2.7,2.8,일치,검증완료_일치,"claim=2.7, adjusted_actual=2.8, 오차=0.100, 허용=0.3",소비자물가 등락률 후보 선택. 지역/품목/월별 코드 확인 필요 | obj_l1/itm_id 자동 후보 입력
C04755,601,빚 못 갚은 자영업자 중 60대 이상이 가장 많았던 이유,2025-02-16,https://www.chosun.com/economy/economy_general/2025/02/16/JPSR6CUW55HPNKX73PTUAYO4RA,작년 우리나라 소매 판매액은 2.2% 줄어 신용카드 대란 사태가 있던 2003년(-3.2%) 이후 21년 만에 가장 큰 폭으로 줄었다.,비율·증감률,101,DT_1K41012,G0,T2,Y,2024,2023,CHANGE_RATE,-2.2,-1.921229586935639,일치,검증완료_일치,"claim=-2.2, adjusted_actual=-1.921229586935639, 오차=0.279, 허용=0.3",전국/지역 미상 소매판매 claim이라 전국 소매판매액지수 표로 변경 | 상품군 obj_l1 직접 확인 필요 | 상품군 코드 자동 후보: 총지수(G0)
C05149,655,1월 생산자물가 17개월만에 최대폭 상승,2025-02-20,https://www.chosun.com/economy/economy_general/2025/02/20/4S55OVIERZDWLG56V5RA5UHGCM,한국은행은 20일 지난 1월 생산자물가가 전월 대비 0.6% 오른 120.18을 기록했다고 밝혔다.,비율·증감률,101,DT_1J22042,0,T02,M,202501,202412,CHANGE_RATE,0.6,0.7,일치,검증완료_일치,"claim=0.6, adjusted_actual=0.7, 오차=0.100, 허용=0.3",소비자물가 등락률 후보 선택. 지역/품목/월별 코드 확인 필요 | obj_l1/itm_id 자동 후보 입력
C05150,655,1월 생산자물가 17개월만에 최대폭 상승,2025-02-20,https://www.chosun.com/economy/economy_general/2025/02/20/4S55OVIERZDWLG56V5RA5UHGCM,이는 2023년 8월 0.8% 상승 이후 1년여 만에 최대 상승 폭이다.,비율·증감률,101,DT_1J22003,T10,T,M,202308,202307,CHANGE_RATE,0.8,0.889567795848679,일치,검증완료_일치,"claim=0.8, adjusted_actual=0.889567795848679, 오차=0.090, 허용=0.3",소비자물가지수 후보 선택. 지역/품목 코드 확인 필요 | obj_l1/itm_id 자동 후보 입력
C05229,669,이상 기온으로… 지난달 딸기 가격 58% 급등,2025-02-21,https://www.chosun.com/economy/economy_general/2025/02/21/AFCBIB3E5RC2XBWTFQQPGCPHJM,지난달 생산자물가는 전월 대비 0.6% 오르며 17개월 만에 최대 폭으로 상승했다.,비율·증감률,101,DT_1J22042,0,T02,M,202501,202412,CHANGE_RATE,0.6,0.7,일치,검증완료_일치,"claim=0.6, adjusted_actual=0.7, 오차=0.100, 허용=0.3",소비자물가 등락률 후보 선택. 지역/품목/월별 코드 확인 필요 | obj_l1/itm_id 자동 후보 입력
C05541,708,"野, 물가 오른 만큼 세금 낮추도록 추진... 정부 “세수 급감 우려”",2025-02-24,https://www.chosun.com/economy/economy_general/2025/02/24/7EJ66MSEH5E3XC34QLAONQLK7U,한국도 물가 상승률이 5.1%에 달했던 2022년부터 도입 논의가 본격화됐다.,비율·증감률,101,DT_1J22042,0,T03,Y,202212,202211,CHANGE_RATE,5.1,5.0,일치,검증완료_일치,"claim=5.1, adjusted_actual=5.0, 오차=0.100, 허용=0.3",소비자물가 등락률 후보 선택. 지역/품목/월별 코드 확인 필요 | obj_l1/itm_id 자동 후보 입력
C05780,736,작년 출생아 수 9년 만에 추락 멈췄다... 전년 대비 3.6% 늘어,2025-02-26,https://www.chosun.com/economy/economy_general/2025/02/26/5GBKUCD4IZBE7PA33W2SH2256A,54 지난해 출생아 수가 전년 대비 3.6% 늘어나며 9년 만에 반등한 것으로 나타났다.,인구지표,101,INH_1B8000F_01,11,T1,Y,2024,2023,CHANGE_RATE,3.6,3.6034743596431738,일치,검증완료_일치,"claim=3.6, adjusted_actual=3.6034743596431738, 오차=0.003, 허용=0.3",출생아수/합계출산율 후보 선택. 기본항목/시점 코드 확인 필요 | obj_l1/itm_id 자동 후보 입력
C05906,749,출산율 9년 만에 반등… “앞으로 7년이 골든타임”,2025-02-27,https://www.chosun.com/economy/economy_general/2025/02/27/JSTSHA6HNJHELOV3RULNHTIZBI,합계 출산율이 1.24명이었던 2015년 이후 처음으로 출산율이 올랐다.,인구지표,101,INH_1B8000F_01,30,T1,Y,2015,2014,CHANGE_RATE,1.24,1.239,일치,검증완료_일치,"claim=1.24, adjusted_actual=1.239, 오차=0.001, 허용=0.3",출생아수/합계출산율 후보 선택. 기본항목/시점 코드 확인 필요 | obj_l1/itm_id 자동 후보 입력
C05914,749,출산율 9년 만에 반등… “앞으로 7년이 골든타임”,2025-02-27,https://www.chosun.com/economy/economy_general/2025/02/27/JSTSHA6HNJHELOV3RULNHTIZBI,출생아 증가세가 이어질 경우 2027년을 전후해 합계 출산율 0.8명 달성도 가능하다고 주 부위원장은 내다봤다.,인구지표,101,INH_1B8000F_01,30,T1,Y,2025,2024,CHANGE_RATE,0.8,0.8,일치,검증완료_일치,"claim=0.8, adjusted_actual=0.8, 오차=0.000, 허용=0.3",출생아수/합계출산율 후보 선택. 기본항목/시점 코드 확인 필요 | obj_l1/itm_id 자동 후보 입력
C06016,761,미국 개인소비지출 물가 2.5% 상승... 금리 동결 가능성 높여,2025-02-28,https://www.chosun.com/economy/economy_general/2025/02/28/75QTB6FPENCFRFP4MGNPZMTSQA,2 미국의 1월 개인소비지출(PCE) 물가지수가 전년 동월 대비 2.5% 상승했다고 28일 밝혔다.,물가지표,101,DT_1J22042,0,T03,M,202401,202301,CHANGE_RATE,2.5,2.8,일치,검증완료_일치,"claim=2.5, adjusted_actual=2.8, 오차=0.300, 허용=0.3",소비자물가 등락률 후보 선택. 지역/품목/월별 코드 확인 필요 | obj_l1/itm_id 자동 후보 입력
C06335,796,부메랑 된 관세 폭탄… 美 마이너스 성장 전망까지 나와,2025-03-03,https://www.chosun.com/economy/economy_general/2025/03/03/3OVOYQUAXRCYFFCODMWO5MJ64A,앞서 발표된 1월 미국 소비자물가는 전년보다 3% 상승했다.,물가지표,101,DT_1J22042,0,T03,M,202401,202312,CHANGE_RATE,3.0,2.8,일치,검증완료_일치,"claim=3.0, adjusted_actual=2.8, 오차=0.200, 허용=0.3",소비자물가 등락률 후보 선택. 지역/품목/월별 코드 확인 필요 | obj_l1/itm_id 자동 후보 입력
C06670,840,"물가 상승률 두 달 연속 2%대...치솟은 기름값, 물가 끌어 올려",2025-03-06,https://www.chosun.com/economy/economy_general/2025/03/06/IXLFBAQ5RFD7HKWH6T3LQXPQWA,0 지난달 물가 상승률이 2%를 기록하며 지난 1월(2.2%)에 이어 두 달 연속으로 2%대를 기록했다.,비율·증감률,101,DT_1J22042,0,T03,M,202501,202412,CHANGE_RATE,2.0,2.2,일치,검증완료_일치,"claim=2.0, adjusted_actual=2.2, 오차=0.200, 허용=0.3",소비자물가 등락률 후보 선택. 지역/품목/월별 코드 확인 필요 | obj_l1/itm_id 자동 후보 입력
C06673,840,"물가 상승률 두 달 연속 2%대...치솟은 기름값, 물가 끌어 올려",2025-03-06,https://www.chosun.com/economy/economy_general/2025/03/06/IXLFBAQ5RFD7HKWH6T3LQXPQWA,물가 상승률은 지난해 9월(1.6%)부터 4개월간 1%대로 가라앉았다가 올해 들어 꾸준히 2%대를 유지하고 있다.,비율·증감률,101,DT_1J22042,0,T03,M,202409,202408,CHANGE_RATE,1.6,1.6,일치,검증완료_일치,"claim=1.6, adjusted_actual=1.6, 오차=0.000, 허용=0.3",소비자물가 등락률 후보 선택. 지역/품목/월별 코드 확인 필요 | obj_l1/itm_id 자동 후보 입력
C06679,840,"물가 상승률 두 달 연속 2%대...치솟은 기름값, 물가 끌어 올려",2025-03-06,https://www.chosun.com/economy/economy_general/2025/03/06/IXLFBAQ5RFD7HKWH6T3LQXPQWA,"생활물가지수는 지난해 10월(1.2%)을 저점으로 꾸준히 오름세를 보이고 있는데, 소비자들이 실제 체감하는 물가 수준이 높아지고 있음을 시사한다.",물가지표,101,DT_1J22042,1,T03,M,202410,202409,CHANGE_RATE,1.2,1.2,일치,검증완료_일치,"claim=1.2, adjusted_actual=1.2, 오차=0.000, 허용=0.3",소비자물가 등락률 후보 선택. 지역/품목/월별 코드 확인 필요 | obj_l1/itm_id 자동 후보 입력
C06680,840,"물가 상승률 두 달 연속 2%대...치솟은 기름값, 물가 끌어 올려",2025-03-06,https://www.chosun.com/economy/economy_general/2025/03/06/IXLFBAQ5RFD7HKWH6T3LQXPQWA,"지난달 가공식품 물가는 전년 동월 대비 2.9% 올랐는데, 지난해 1월(3.2%) 이후 13개월 만에 최대 상승폭이다.",비율·증감률,101,DT_1J22042,0,T03,M,202401,202301,CHANGE_RATE,2.9,2.8,일치,검증완료_일치,"claim=2.9, adjusted_actual=2.8, 오차=0.100, 허용=0.3",소비자물가 등락률 후보 선택. 지역/품목/월별 코드 확인 필요 | obj_l1/itm_id 자동 후보 입력
C06684,840,"물가 상승률 두 달 연속 2%대...치솟은 기름값, 물가 끌어 올려",2025-03-06,https://www.chosun.com/economy/economy_general/2025/03/06/IXLFBAQ5RFD7HKWH6T3LQXPQWA,신선식품지수가 감소세를 보인 건 지난 2022년 3월(-2.1%) 이후 34개월 만이다.,비율·증감률,101,DT_1J22042,2,T03,M,202203,202202,CHANGE_RATE,-2.1,-2.1,일치,검증완료_일치,"claim=-2.1, adjusted_actual=-2.1, 오차=0.000, 허용=0.3",소비자물가 등락률 후보 선택. 지역/품목/월별 코드 확인 필요 | obj_l1/itm_id 자동 후보 입력
C07269,917,외식 물가는 치솟는데… 눈물나는 식당 술값 ‘역주행’,2025-03-12,https://www.chosun.com/economy/economy_general/2025/03/12/CJX2KI2XHBFVPIK3NBGMVKFXMA,"반면, 2월 전체 외식물가는 전년보다 3% 올라 소비자물가 상승률(2%)을 웃돌았다.",물가지표,101,DT_1J22042,0,T03,M,202402,202401,CHANGE_RATE,3.0,3.1,일치,검증완료_일치,"claim=3.0, adjusted_actual=3.1, 오차=0.100, 허용=0.3",소비자물가 등락률 후보 선택. 지역/품목/월별 코드 확인 필요 | obj_l1/itm_id 자동 후보 입력
C08021,1033,파월 “불확실성 커져”… 美 성장률 1%대로 확 낮춰,2025-03-21,https://www.chosun.com/economy/economy_general/2025/03/21/4VPXUU6KNJDARE4AUFBPMVSJZY,"최근 3년 동안 2% 중·후반대 준수한 성장을 하던 미국 경제 성장세가 1%대로 미끄러지고, 물가·실업률은 다시 상승한다고 본 것이다.",고용지표,101,DT_1J22003,T10,T,Y,2025,2024,CHANGE_RATE,2.0,2.128218602207035,일치,검증완료_일치,"claim=2.0, adjusted_actual=2.128218602207035, 오차=0.128, 허용=0.3",소비자물가지수 후보 선택. 지역/품목 코드 확인 필요 | obj_l1/itm_id 자동 후보 입력
C09207,1190,물가상승률 석 달째 2%대...업체들 줄인상에 가공식품·외식 가격 ↑,2025-04-02,https://www.chosun.com/economy/economy_general/2025/04/02/EZEOHOZC5NBBHKNEXYWAAYWO24,가격 변동이 큰 식품과 석유 등을 제외한 식료품 및 에너지 제외 지수는 전년 동월 대비 1.9% 오르며 6개월째 1%대를 유지했다.,비율·증감률,101,DT_1J22042,4,T03,M,202412,202312,CHANGE_RATE,1.9,1.8,일치,검증완료_일치,"claim=1.9, adjusted_actual=1.8, 오차=0.100, 허용=0.3",소비자물가 등락률 후보 선택. 지역/품목/월별 코드 확인 필요 | obj_l1/itm_id 자동 후보 입력
C09334,1204,최상목 부총리 “상반기 전기·가스·철도 요금 동결”,2025-04-03,https://www.chosun.com/economy/economy_general/2025/04/03/NMEO4455DJAXHP6FKCGHF7CBQM,지난달 외식 물가 역시 전년 대비 3.0% 오르면서 2개월 연속 3% 상승을 기록했다.,비율·증감률,101,DT_1J22003,T10,T,M,202403,202303,CHANGE_RATE,3.0,3.1035106768005853,일치,검증완료_일치,"claim=3.0, adjusted_actual=3.1035106768005853, 오차=0.104, 허용=0.3",소비자물가지수 후보 선택. 지역/품목 코드 확인 필요 | obj_l1/itm_id 자동 후보 입력
C09952,1285,3월 청년 실업률 7.5%... 코로나 이후 최고,2025-04-09,https://www.chosun.com/economy/economy_general/2025/04/09/S5F7BYR5GJDQZFTEJM6L2KWREQ,지난달 청년층 실업률은 전체 연령대 실업률(3.1%)의 2.4배에 달한다.,고용지표,101,DT_1DA7001S,0,T80,M,202503,202502,CHANGE_RATE,3.1,3.1,일치,검증완료_일치,"claim=3.1, adjusted_actual=3.1, 오차=0.000, 허용=0.3",경제활동인구 총괄 후보 선택. 실업률/실업자 항목 확인 필요 | obj_l1/itm_id 자동 후보 입력
C10196,1315,트럼프 3대 오판… 시장·물가·중국이 반대로 갔다,2025-04-12,https://www.chosun.com/economy/economy_general/2025/04/12/JLHIBRZXPRDS5GQNYDATAVUEAQ,반대로 독일 국채 10년물의 가치는 3.3% 올랐다.,여론조사,101,DT_1J22042,0,T03,Y,202606,202605,CHANGE_RATE,3.3,3.2,일치,검증완료_일치,"claim=3.3, adjusted_actual=3.2, 오차=0.100, 허용=0.3",소비자물가 등락률 후보 선택. 지역/품목/월별 코드 확인 필요 | obj_l1/itm_id 자동 후보 입력
C10539,1359,25~34세 청년 취업자 1분기 3만명 넘게 줄어… 4년 만에 감소세 전환,2025-04-15,https://www.chosun.com/economy/economy_general/2025/04/15/POL2G36SVVA2TKNC5BVLK52A44,"특히 20대 후반 취업자 수는 242만명으로 전년 동기 대비 9만8000명(3.9%) 줄어, 지난 2013년 3분기(-10만3000명) 이후 12년 만에 최대 감소 폭을 보였다.",고용지표,101,DT_1DA7002S,75,T30,Q,202403,202303,CHANGE_RATE,-3.9,-3.8966344926203953,일치,검증완료_일치,"claim=-3.9, adjusted_actual=-3.8966344926203953, 오차=0.003, 허용=0.3",연령별 취업자 후보 선택. 연령/취업자 항목 확인 필요 | obj_l1/itm_id 자동 후보 입력
C10716,1385,"가파른 농촌 소멸의 현실... 작년 농가 수 97만가구, 1년새 2.5% 줄어",2025-04-17,https://www.chosun.com/economy/economy_general/2025/04/17/3OPFBMB5FND7LKAFGEU5LNCDGA,"17일 통계청이 발표한 ’2024년 농림어업 조사결과’에 따르면, 2024년 농가 수는 97만 4000가구로 전년(99만9000가구) 대비 2.5% 감소했다.",비율·증감률,101,DT_1EA1011,00,T00,Y,2024,2023,CHANGE_RATE,-2.5,-2.533978230709634,일치,검증완료_일치,"claim=-2.5, adjusted_actual=-2.533978230709634, 오차=0.034, 허용=0.3",농가/농가인구 후보 선택. 항목 코드 확인 필요 | obj_l1/itm_id 자동 후보 입력
C11194,1444,"IMF, 올해 한국 성장률 전망 석 달만에 2%→1%로 낮춰",2025-04-22,https://www.chosun.com/economy/economy_general/2025/04/22/NSCGHPW7KBHIDEWPG6AXEHNZUU,이는 코로나에 고물가가 겹치며 세계 경기가 위축됐던 2022년 4월(-0.8%포인트) 이후 3년 만에 가장 크게 하향 조정한 것이다.,비율·증감률,101,DT_1J22003,T31,T,M,202204,202203,CHANGE_RATE,0.8,0.9989730183923139,일치,검증완료_일치,"claim=0.8, adjusted_actual=0.9989730183923139, 오차=0.199, 허용=0.3",소비자물가지수 후보 선택. 지역/품목 코드 확인 필요 | 지역 코드 자동선택: 경기
C11242,1451,"IMF, 올해 한국 성장률 전망 석 달만에 2%→1%로 낮춰",2025-04-22,https://www.chosun.com/economy/economy_general/2025/04/22/NSCGHPW7KBHIDEWPG6AXEHNZUU,이는 코로나에 고물가가 겹치며 세계 경기가 위축됐던 2022년 4월(-0.8%포인트) 이후 3년 만에 가장 크게 하향 조정한 것이다.,비율·증감률,101,DT_1J22003,T31,T,M,202204,202203,CHANGE_RATE,0.8,0.9989730183923139,일치,검증완료_일치,"claim=0.8, adjusted_actual=0.9989730183923139, 오차=0.199, 허용=0.3",소비자물가지수 후보 선택. 지역/품목 코드 확인 필요 | 지역 코드 자동선택: 경기
C11426,1478,그래도 결혼은 11개월째 늘어,2025-04-24,https://www.chosun.com/economy/economy_general/2025/04/24/LVTPH6GRPJHYTDZKQLARLSAKYU,2월 합계출산율도 0.82명으로 전년 동월 대비 0.05명 증가했다.,인구지표,101,INH_1B8000F_01,30,T1,M,2024,2012,CHANGE_RATE,0.82,0.748,일치,검증완료_일치,"claim=0.82, adjusted_actual=0.748, 오차=0.072, 허용=0.3",출생아수/합계출산율 후보 선택. 기본항목/시점 코드 확인 필요 | obj_l1/itm_id 자동 후보 입력
C12150,1584,물가 상승률 4개월 째 2%대...근원물가 13개월 만 가장 많이 올라,2025-05-02,https://www.chosun.com/economy/economy_general/2025/05/02/SSY7QNJ4L5DGFGPEGDWAOOA7HE,"올해 들어 소비자물가는 지난 1월(2.2%)부터 2월(2.0%), 3월(2.1%), 그리고 4월까지 넉 달 연속으로 2%대를 유지하고 있다.",물가지표,101,DT_1J22042,0,T03,M,202504,202503,CHANGE_RATE,2.2,2.1,일치,검증완료_일치,"claim=2.2, adjusted_actual=2.1, 오차=0.100, 허용=0.3",소비자물가 등락률 후보 선택. 지역/품목/월별 코드 확인 필요 | obj_l1/itm_id 자동 후보 입력
C12157,1584,물가 상승률 4개월 째 2%대...근원물가 13개월 만 가장 많이 올라,2025-05-02,https://www.chosun.com/economy/economy_general/2025/05/02/SSY7QNJ4L5DGFGPEGDWAOOA7HE,"외식 가격도 3.2% 올랐는데, 작년 2월(3.4%) 이후 14개월 만에 최대 상승폭이다.",비율·증감률,101,DT_1J22042,0,T03,M,202402,202401,CHANGE_RATE,3.2,3.1,일치,검증완료_일치,"claim=3.2, adjusted_actual=3.1, 오차=0.100, 허용=0.3",소비자물가 등락률 후보 선택. 지역/품목/월별 코드 확인 필요 | obj_l1/itm_id 자동 후보 입력
C12158,1584,물가 상승률 4개월 째 2%대...근원물가 13개월 만 가장 많이 올라,2025-05-02,https://www.chosun.com/economy/economy_general/2025/05/02/SSY7QNJ4L5DGFGPEGDWAOOA7HE,이로 인해 근원물가에 해당하는 ‘농산물 및 석유류 제외 지수’는 전년 동월 대비 2.4% 오르면서 작년 3월(2.4%) 이후 13개월 만에 가장 높은 상승폭을 보였다.,비율·증감률,101,DT_1J22042,3,T03,M,202403,202303,CHANGE_RATE,2.4,2.4,일치,검증완료_일치,"claim=2.4, adjusted_actual=2.4, 오차=0.000, 허용=0.3",소비자물가 등락률 후보 선택. 지역/품목/월별 코드 확인 필요 | obj_l1/itm_id 자동 후보 입력
C12159,1584,물가 상승률 4개월 째 2%대...근원물가 13개월 만 가장 많이 올라,2025-05-02,https://www.chosun.com/economy/economy_general/2025/05/02/SSY7QNJ4L5DGFGPEGDWAOOA7HE,"소비자들의 지출 비중이 높아 가격 변동을 민감하게 느끼는 144품목을 추려서 작성한 생활물가 지수는 전년 동월 대비 2.4% 오르며, 반년째 전체 물가 상승폭을 넘어섰다.",비율·증감률,101,DT_1J22042,1,T03,M,202412,202312,CHANGE_RATE,2.4,2.2,일치,검증완료_일치,"claim=2.4, adjusted_actual=2.2, 오차=0.200, 허용=0.3",소비자물가 등락률 후보 선택. 지역/품목/월별 코드 확인 필요 | obj_l1/itm_id 자동 후보 입력
C12189,1589,소비자 물가 상승률 넉달째 2%대 유지,2025-05-03,https://www.chosun.com/economy/economy_general/2025/05/03/3WY7RFA5YZGAVFW5HHYZY6PD7Y,1 올 들어 물가 상승률이 지난달까지 넉 달 연속으로 2%대를 유지하고 있다.,비율·증감률,101,DT_1J22042,0,T03,M,202504,202503,CHANGE_RATE,2.0,2.1,일치,검증완료_일치,"claim=2.0, adjusted_actual=2.1, 오차=0.100, 허용=0.3",소비자물가 등락률 후보 선택. 지역/품목/월별 코드 확인 필요 | obj_l1/itm_id 자동 후보 입력
C12196,1589,소비자 물가 상승률 넉달째 2%대 유지,2025-05-03,https://www.chosun.com/economy/economy_general/2025/05/03/3WY7RFA5YZGAVFW5HHYZY6PD7Y,"외식 가격도 3.2% 올랐는데, 작년 2월(3.4%) 이후 14개월 만에 가장 큰 폭이다.",비율·증감률,101,DT_1J22042,0,T03,M,202402,202401,CHANGE_RATE,3.2,3.1,일치,검증완료_일치,"claim=3.2, adjusted_actual=3.1, 오차=0.100, 허용=0.3",소비자물가 등락률 후보 선택. 지역/품목/월별 코드 확인 필요 | obj_l1/itm_id 자동 후보 입력
C12458,1629,라면·과자값까지 또 일제히 올렸다,2025-05-06,https://www.chosun.com/economy/economy_general/2025/05/06/L2KYU63QXRDO5NCG5CHSMKG24Y,같은 이유로 햄버거와 커피 등 외식 물가도 3.2% 올라 작년 3월 이후 1년 1개월 만에 가장 높은 상승률을 기록했다.,비율·증감률,101,DT_1J22042,0,T03,M,202403,202402,CHANGE_RATE,3.2,3.1,일치,검증완료_일치,"claim=3.2, adjusted_actual=3.1, 오차=0.100, 허용=0.3",소비자물가 등락률 후보 선택. 지역/품목/월별 코드 확인 필요 | obj_l1/itm_id 자동 후보 입력
C12850,1683,中 4월 소비자물가 작년比 0.1% 내려...3개월 연속 하락세,2025-05-10,https://www.chosun.com/economy/economy_general/2025/05/10/RY6HA23AKRAQ5ESOCKE4275KFQ,1 중국의 4월 소비자물가지수(CPI)가 지난해 동월 대비 0.1% 내려갔다.,물가지표,101,DT_1J22003,T10,T,M,202404,202403,CHANGE_RATE,0.1,0.05265467310223981,일치,검증완료_일치,"claim=0.1, adjusted_actual=0.05265467310223981, 오차=0.047, 허용=0.3",소비자물가지수 후보 선택. 지역/품목 코드 확인 필요 | obj_l1/itm_id 자동 후보 입력
C12852,1683,中 4월 소비자물가 작년比 0.1% 내려...3개월 연속 하락세,2025-05-10,https://www.chosun.com/economy/economy_general/2025/05/10/RY6HA23AKRAQ5ESOCKE4275KFQ,9일 중국 국가통계국에 따르면 4월 중국의 CPI는 지난 3월(-0.1%)과 같은 하락 폭을 보였다.,비율·증감률,101,DT_1J22003,T10,T,M,202606,202605,CHANGE_RATE,-0.1,0.05837224816543794,일치,검증완료_일치,"claim=-0.1, adjusted_actual=0.05837224816543794, 오차=0.158, 허용=0.3",소비자물가지수 후보 선택. 지역/품목 코드 확인 필요 | obj_l1/itm_id 자동 후보 입력
C12855,1683,中 4월 소비자물가 작년比 0.1% 내려...3개월 연속 하락세,2025-05-10,https://www.chosun.com/economy/economy_general/2025/05/10/RY6HA23AKRAQ5ESOCKE4275KFQ,다만 전월에 대비하면 4월 CPI는 0.1% 올랐다.,비율·증감률,101,DT_1J22042,0,T02,M,202504,202503,CHANGE_RATE,0.1,0.1,일치,검증완료_일치,"claim=0.1, adjusted_actual=0.1, 오차=0.000, 허용=0.3",소비자물가 등락률 후보 선택. 지역/품목/월별 코드 확인 필요 | obj_l1/itm_id 자동 후보 입력
C13392,1750,"美 물가 상승 폭 둔화됐지만… 연준, 금리 인하 늦출 듯",2025-05-15,https://www.chosun.com/economy/economy_general/2025/05/15/T5SEC3MXMFAAXOCCY7CU6CUOQE,미 에너지정보청에 따르면 5월 첫 주 미국의 하루 원유 채굴량은 1343만배럴로 작년 같은 기간보다 2.6% 늘었다.,비율·증감률,101,DT_1J22003,T10,T,M,202405,202305,CHANGE_RATE,2.6,2.672545667236569,일치,검증완료_일치,"claim=2.6, adjusted_actual=2.672545667236569, 오차=0.073, 허용=0.3",소비자물가지수 후보 선택. 지역/품목 코드 확인 필요 | obj_l1/itm_id 자동 후보 입력
C13422,1752,제조업 취업자 6년 만에 최대 감소,2025-05-15,https://www.chosun.com/economy/economy_general/2025/05/15/YJZYOKBKABHNNK6M34RI6QJREA,청년층 고용률은 작년 5월(46.9%)부터 12개월 연속으로 뒷걸음질 쳤다.,고용지표,101,DT_1DA7002S,75,T90,M,202405,202404,CHANGE_RATE,46.9,46.9,일치,검증완료_일치,"claim=46.9, adjusted_actual=46.9, 오차=0.000, 허용=0.3",연령별 경제활동인구 총괄 후보 선택. 연령/고용률 항목 확인 필요 | obj_l1/itm_id 자동 후보 입력
C14077,1853,국제 유가 하락에 4월 생산자물가 전월보다 하락,2025-05-23,https://www.chosun.com/economy/economy_general/2025/05/23/EMZ6BBQZAND4DKNQF5RMMDSQEM,1 지난달 생산자물가지수가 전월에 비해 0.1% 하락했다고 한국은행이 23일 밝혔다.,물가지표,101,DT_1J22042,0,T02,M,202504,202503,CHANGE_RATE,-0.1,0.1,일치,검증완료_일치,"claim=-0.1, adjusted_actual=0.1, 오차=0.200, 허용=0.3",소비자물가 등락률 후보 선택. 지역/품목/월별 코드 확인 필요 | obj_l1/itm_id 자동 후보 입력
C14078,1853,국제 유가 하락에 4월 생산자물가 전월보다 하락,2025-05-23,https://www.chosun.com/economy/economy_general/2025/05/23/EMZ6BBQZAND4DKNQF5RMMDSQEM,전월 대비 생산자물가가 하락한 것은 지난해 10월(-0.1%) 이후 6개월만이다.,비율·증감률,101,DT_1J22042,0,T02,M,202410,202409,CHANGE_RATE,-0.1,0.0,일치,검증완료_일치,"claim=-0.1, adjusted_actual=0.0, 오차=0.100, 허용=0.3",소비자물가 등락률 후보 선택. 지역/품목/월별 코드 확인 필요 | obj_l1/itm_id 자동 후보 입력
C14590,1924,"결혼 늘고 정책 먹혔다... 1분기 합계출산율, 2년 만에 0.8명대 복귀",2025-05-28,https://www.chosun.com/economy/economy_general/2025/05/28/YCG67WTAFRH2JCK555W6H46K7Y,"작년 연간 합계출산율이 0.75명을 기록하며 2023년(0.72명) 대비 증가세를 보였는데, 올해 들어 첫 분기부터 긍정적인 흐름을 이어가고 있는 것이다.",인구지표,101,INH_1B8000F_01,30,T1,Q,2024,2023,CHANGE_RATE,0.75,0.748,일치,검증완료_일치,"claim=0.75, adjusted_actual=0.748, 오차=0.002, 허용=0.3",출생아수/합계출산율 후보 선택. 기본항목/시점 코드 확인 필요 | obj_l1/itm_id 자동 후보 입력
C14609,1927,90년대생 결혼 늘자 출산율 다시 0.8명대,2025-05-29,https://www.chosun.com/economy/economy_general/2025/05/29/4U6B4YZJFFBRFFDJZFYTZWWI5A,0 올해 1분기 합계출산율(여성 한 명이 평생 낳을 것으로 기대되는 아이 수)이 2년 만에 0.8명대로 올라섰다.,인구지표,101,INH_1B8000F_01,30,T1,Q,2025,2024,LEVEL,0.8,0.8,일치,검증완료_일치,"claim=0.8, adjusted_actual=0.8, 오차=0.000, 허용=0.05",출생아수/합계출산율 후보 선택. 기본항목/시점 코드 확인 필요 | obj_l1/itm_id 자동 후보 입력
C14623,1927,90년대생 결혼 늘자 출산율 다시 0.8명대,2025-05-29,https://www.chosun.com/economy/economy_general/2025/05/29/4U6B4YZJFFBRFFDJZFYTZWWI5A,"홍석철 서울대 경제학부 교수는 “통상 신혼 부부들이 결혼 후 3년간 아이를 많이 낳는다는 점을 고려하면, 올해는 계속 출생아가 늘어나면서 연간 합계출산율이 무난히 0.8명을 넘길 수 있을 것”이라고 했다.",인구지표,101,INH_1B8000F_01,30,T1,Y,2025,2024,LEVEL,0.8,0.8,일치,검증완료_일치,"claim=0.8, adjusted_actual=0.8, 오차=0.000, 허용=0.05",출생아수/합계출산율 후보 선택. 기본항목/시점 코드 확인 필요 | obj_l1/itm_id 자동 후보 입력
C15315,2010,돼지고기·계란 고공행진에 축산물 물가 3년래 최고,2025-06-04,https://www.chosun.com/economy/economy_general/2025/06/04/ZXZNKUNMVBB23IAKVMXPXYQYHQ,외식 물가도 전달에 이어 3.2% 올랐다.,비율·증감률,101,DT_1J22042,0,T03,Y,202606,202605,CHANGE_RATE,3.2,3.2,일치,검증완료_일치,"claim=3.2, adjusted_actual=3.2, 오차=0.000, 허용=0.3",소비자물가 등락률 후보 선택. 지역/품목/월별 코드 확인 필요 | obj_l1/itm_id 자동 후보 입력
C15316,2010,돼지고기·계란 고공행진에 축산물 물가 3년래 최고,2025-06-04,https://www.chosun.com/economy/economy_general/2025/06/04/ZXZNKUNMVBB23IAKVMXPXYQYHQ,작년 3월(3.4%) 이후 1년 1개월 만에 가장 높은 상승률이다.,비율·증감률,101,DT_1J22042,0,T03,M,202403,202402,CHANGE_RATE,3.4,3.1,일치,검증완료_일치,"claim=3.4, adjusted_actual=3.1, 오차=0.300, 허용=0.3",소비자물가 등락률 후보 선택. 지역/품목/월별 코드 확인 필요 | obj_l1/itm_id 자동 후보 입력
C15363,2018,돼지고기·계란 고공행진… 축산물 물가 6% 올라,2025-06-05,https://www.chosun.com/economy/economy_general/2025/06/05/7CAZV7VZIVDGVJTCK22YR6RKMI,"이에 가격이 변하면 소비자들이 민감하게 반응하는 144품목만 추려서 작성한 생활 물가는 전년 동월 대비 2.3% 오르며, 올 들어 최저 상승 폭을 보였다.",비율·증감률,101,DT_1J22042,1,T03,M,202412,202312,CHANGE_RATE,2.3,2.2,일치,검증완료_일치,"claim=2.3, adjusted_actual=2.2, 오차=0.100, 허용=0.3",소비자물가 등락률 후보 선택. 지역/품목/월별 코드 확인 필요 | obj_l1/itm_id 자동 후보 입력
C15976,2096,내수 부진에 숙박·음식업 취업자 3년 반 만에 최대폭 감소,2025-06-11,https://www.chosun.com/economy/economy_general/2025/06/11/3665622P5ZDKJBVBGNZMUIVGTQ,인구 대비 취업자 수를 뜻하는 고용률은 지난달 63.8%로 1년 전 대비 0.3%포인트 늘었다.,고용지표,101,DT_1DA7001S,0,T90,M,202505,202504,CHANGE_RATE,63.8,63.8,일치,검증완료_일치,"claim=63.8, adjusted_actual=63.8, 오차=0.000, 허용=0.3",경제활동인구 총괄 후보 선택. 성별/고용률 항목 확인 필요 | obj_l1/itm_id 자동 후보 입력
C15980,2096,내수 부진에 숙박·음식업 취업자 3년 반 만에 최대폭 감소,2025-06-11,https://www.chosun.com/economy/economy_general/2025/06/11/3665622P5ZDKJBVBGNZMUIVGTQ,실업률은 2.8%로 집계됐다.,고용지표,101,DT_1DA7001S,0,T80,Y,2025,2024,CHANGE_RATE,2.8,2.8,일치,검증완료_일치,"claim=2.8, adjusted_actual=2.8, 오차=0.000, 허용=0.3",경제활동인구 총괄 후보 선택. 실업률/실업자 항목 확인 필요 | obj_l1/itm_id 자동 후보 입력
C16083,2111,“환갑 넘겨도 일해야 돼요” 노인 취업자 첫 700만명,2025-06-12,https://www.chosun.com/economy/economy_general/2025/06/12/2VNVWIY73JHI7EB3XE4YNTYIVM,모든 연령대를 합친 고용률은 지난달 63.8%로 1년 전보다 0.3%포인트 늘었다.,고용지표,101,DT_1DA7001S,0,T90,M,202505,202504,CHANGE_RATE,63.8,63.8,일치,검증완료_일치,"claim=63.8, adjusted_actual=63.8, 오차=0.000, 허용=0.3",경제활동인구 총괄 후보 선택. 성별/고용률 항목 확인 필요 | obj_l1/itm_id 자동 후보 입력
C16535,2175,"5월 자동차 내수 판매, 친환경차가 내연차 첫 역전",2025-06-17,https://www.chosun.com/economy/auto/2025/06/17/7Q5BOD7QBZFKDGBIM5BG2IXI5U,"한편, 5월 자동차 수출액은 작년보다 4.4% 감소한 62억 달러로 집계됐다.",무역지표,360,DT_1R11001_FRM101,13102112831A.781,13103112831T1,M,202405,202404,CHANGE_RATE,-4.4,-4.253513844089969,일치,검증완료_일치,"claim=-4.4, adjusted_actual=-4.253513844089969, 오차=0.146, 허용=0.3",품목별 수출입 후보 선택. 품목/수출입/시점 코드 확인 필요 | 품목 세부 코드 필요: 총액 코드로 확정하지 않음 | 품목 코드 자동 후보: 승용자동차 및 기타의 차량
C17443,2292,저출생의 역설… 분유값·산후조리비 줄줄이 치솟아,2025-06-26,https://www.chosun.com/economy/economy_general/2025/06/26/B2U43WGAN5CQRG7H44VMNIAQFM,지난달 전체 소비자 물가 상승률(1.9%)보다 1.5%포인트 높다.,비율·증감률,101,DT_1J22042,0,T03,M,202505,202504,CHANGE_RATE,1.9,1.9,일치,검증완료_일치,"claim=1.9, adjusted_actual=1.9, 오차=0.000, 허용=0.3",소비자물가 등락률 후보 선택. 지역/품목/월별 코드 확인 필요 | obj_l1/itm_id 자동 후보 입력
C17459,2293,결혼·출산은 33년 만에 10개월 연속 증가,2025-06-26,https://www.chosun.com/economy/economy_general/2025/06/26/GDQ3PEJNV5H3RGFRU6KZAZ6BSE,4월 합계 출산율(가임 여성 한 명이 평생 낳으리라 기대되는 아이 수)도 0.79명으로 전년 같은 달(0.73명)보다 0.06명 늘었다.,인구지표,101,INH_1B8000F_01,30,T1,M,2024,2023,CHANGE_RATE,0.79,0.748,일치,검증완료_일치,"claim=0.79, adjusted_actual=0.748, 오차=0.042, 허용=0.3",출생아수/합계출산율 후보 선택. 기본항목/시점 코드 확인 필요 | obj_l1/itm_id 자동 후보 입력
C18089,2375,가공식품 물가 4.6%↑ 새 정부 출범에도 고공행진,2025-07-02,https://www.chosun.com/economy/economy_general/2025/07/02/XGWZFYDANBHY5F4B2ZSPFDBPCQ,"2일 통계청이 발표한 ‘6월 소비자 물가 동향’에 따르면, 지난달 소비자물가 지수는 116.31(2020년=100)로 작년 동월 대비 2.2% 올랐다.",물가지표,101,DT_1J22042,0,T03,M,202406,202405,CHANGE_RATE,2.2,2.4,일치,검증완료_일치,"claim=2.2, adjusted_actual=2.4, 오차=0.200, 허용=0.3",소비자물가 등락률 후보 선택. 지역/품목/월별 코드 확인 필요 | obj_l1/itm_id 자동 후보 입력
C18098,2375,가공식품 물가 4.6%↑ 새 정부 출범에도 고공행진,2025-07-02,https://www.chosun.com/economy/economy_general/2025/07/02/XGWZFYDANBHY5F4B2ZSPFDBPCQ,두 달 연속 내림세였던 석유류도 지난달 0.3% 올라 상승 전환했다.,비율·증감률,101,DT_1J22003,T10,T,M,202506,202505,CHANGE_RATE,0.3,0.034402683409311303,일치,검증완료_일치,"claim=0.3, adjusted_actual=0.034402683409311303, 오차=0.266, 허용=0.3",소비자물가지수 후보 선택. 지역/품목 코드 확인 필요 | obj_l1/itm_id 자동 후보 입력
C18109,2375,가공식품 물가 4.6%↑ 새 정부 출범에도 고공행진,2025-07-02,https://www.chosun.com/economy/economy_general/2025/07/02/XGWZFYDANBHY5F4B2ZSPFDBPCQ,"소비 빈도가 높은 식료품과 외식, 생활용품 물가를 집계한 생활물가지수 상승률은 지난달 2.5%로 전달(2.3%)보다 오름폭이 0.2%포인트 커졌다.",물가지표,101,DT_1J22042,1,T03,M,202506,202505,CHANGE_RATE,2.5,2.5,일치,검증완료_일치,"claim=2.5, adjusted_actual=2.5, 오차=0.000, 허용=0.3",소비자물가 등락률 후보 선택. 지역/품목/월별 코드 확인 필요 | obj_l1/itm_id 자동 후보 입력
C18189,2385,허리 휘겠네… 가공식품 73 품목 중 62개가 올랐다,2025-07-03,https://www.chosun.com/economy/economy_general/2025/07/03/JEUGULFQ25DL7CC2HWSYW5VDUE,2일 통계청은 ‘6월 소비자 물가 동향’에서 지난달 소비자 물가가 작년 동월 대비 2.2% 올랐다고 밝혔다.,비율·증감률,101,DT_1J22042,0,T03,M,202406,202405,CHANGE_RATE,2.2,2.4,일치,검증완료_일치,"claim=2.2, adjusted_actual=2.4, 오차=0.200, 허용=0.3",소비자물가 등락률 후보 선택. 지역/품목/월별 코드 확인 필요 | obj_l1/itm_id 자동 후보 입력
C18191,2385,허리 휘겠네… 가공식품 73 품목 중 62개가 올랐다,2025-07-03,https://www.chosun.com/economy/economy_general/2025/07/03/JEUGULFQ25DL7CC2HWSYW5VDUE,지난달 소비자 물가 상승 폭은 1월(2.2%) 이후 가장 높다.,비율·증감률,101,DT_1J22042,0,T03,M,202501,202412,CHANGE_RATE,2.2,2.2,일치,검증완료_일치,"claim=2.2, adjusted_actual=2.2, 오차=0.000, 허용=0.3",소비자물가 등락률 후보 선택. 지역/품목/월별 코드 확인 필요 | obj_l1/itm_id 자동 후보 입력
C18208,2385,허리 휘겠네… 가공식품 73 품목 중 62개가 올랐다,2025-07-03,https://www.chosun.com/economy/economy_general/2025/07/03/JEUGULFQ25DL7CC2HWSYW5VDUE,외식 물가도 3.1%나 뛰었다.,비율·증감률,101,DT_1J22042,0,T03,Y,202606,202605,CHANGE_RATE,3.1,3.2,일치,검증완료_일치,"claim=3.1, adjusted_actual=3.2, 오차=0.100, 허용=0.3",소비자물가 등락률 후보 선택. 지역/품목/월별 코드 확인 필요 | obj_l1/itm_id 자동 후보 입력
C18243,2388,올 상반기 韓 농식품 수출 전년 대비 8.4% 증가...불닭맛 인기에 라면 24% 수출 높아져,2025-07-03,https://www.chosun.com/economy/economy_general/2025/07/03/T7MSW2CNINHAZO2OORXLNKWARY,2000만 달러 이상의 수출 실적을 보인 신선식품 중 전년 대비 증가가 높은 품목은 닭고기(7.9%)와 유자(5.5%)로 집계됐다.,무역지표,360,DT_1R11001_FRM101,13102112831A.A,13103112831T1,Y,2024,2023,CHANGE_RATE,7.9,8.127422520469521,일치,검증완료_일치,"claim=7.9, adjusted_actual=8.127422520469521, 오차=0.227, 허용=0.3",품목별 수출입 후보 선택. 품목/수출입/시점 코드 확인 필요 | obj_l1/itm_id 자동 후보 입력
C19449,2558,제조업 취업자 1년째 내리막에...‘쉬었음’ 20대 5년 만 최대,2025-07-16,https://www.chosun.com/economy/economy_general/2025/07/16/JJGWFZ2EF5BPZPOLN4O4NQHNLU,20대만 떼어놓고 봐도 고용률은 61로 전년 동월 대비 0.5%포인트 떨어졌다.,고용지표,101,DT_1DA7001S,0,T90,M,202412,202312,CHANGE_RATE,-0.5,-0.48622366288493396,일치,검증완료_일치,"claim=-0.5, adjusted_actual=-0.48622366288493396, 오차=0.014, 허용=0.3",경제활동인구 총괄 후보 선택. 성별/고용률 항목 확인 필요 | obj_l1/itm_id 자동 후보 입력
C19709,2603,9월 소비자물가 상승률 2.1%… 두 달 만에 다시 2%대 (종합),2025-10-02,https://biz.chosun.com/policy/policy_sub/2025/10/02/YB7FNXZNQZFM3NPRM33AMSWXYE/,지난달 소비자물가 상승률이 2.1%를 기록했다.,물가지표,101,DT_1J22042,0,T03,M,202509,202508,CHANGE_RATE,2.1,2.1,일치,검증완료_일치,"claim=2.1, adjusted_actual=2.1, 오차=0.000, 허용=0.3",소비자물가 등락률 후보 선택. 지역/품목/월별 코드 확인 필요 | obj_l1/itm_id 자동 후보 입력
C19710,2603,9월 소비자물가 상승률 2.1%… 두 달 만에 다시 2%대 (종합),2025-10-02,https://biz.chosun.com/policy/policy_sub/2025/10/02/YB7FNXZNQZFM3NPRM33AMSWXYE/,"전월보다 0.4%포인트(p) 높아진 수치로, 두 달 만에 다시 2%로 올라섰다.",비율·증감률,101,DT_1J22042,0,T02,M,202509,202508,CHANGE_RATE,0.4,0.5,일치,검증완료_일치,"claim=0.4, adjusted_actual=0.5, 오차=0.100, 허용=0.3",소비자물가 등락률 후보 선택. 지역/품목/월별 코드 확인 필요 | obj_l1/itm_id 자동 후보 입력
C19727,2603,9월 소비자물가 상승률 2.1%… 두 달 만에 다시 2%대 (종합),2025-10-02,https://biz.chosun.com/policy/policy_sub/2025/10/02/YB7FNXZNQZFM3NPRM33AMSWXYE/,구입 빈도와 지출 비중이 높은 144개 품목을 중심으로 한 생활물가지수는 전년 동월 대비 2.5% 올랐다.,물가지표,101,DT_1J22042,1,T03,M,202412,202312,CHANGE_RATE,2.5,2.2,일치,검증완료_일치,"claim=2.5, adjusted_actual=2.2, 오차=0.300, 허용=0.3",소비자물가 등락률 후보 선택. 지역/품목/월별 코드 확인 필요 | obj_l1/itm_id 자동 후보 입력
C19728,2604,쌀 16%↑ 빵 6%↑ 추석 앞두고 먹거리 고공행진,2025-10-02,https://www.chosun.com/economy/economy_general/2025/10/02/KR6ITPWJVRBNJFORKVQQZFSKVY/,"쌀과 빵, 커피, 달걀 등 먹거리 물가가 뛰면서 지난달 소비자 물가 상승률이 2달 만에 다시 2%대로 올라섰다.",위치·거리정보,101,DT_1J22042,0,T03,M,202509,202508,CHANGE_RATE,2.0,2.1,일치,검증완료_일치,"claim=2.0, adjusted_actual=2.1, 오차=0.100, 허용=0.3",소비자물가 등락률 후보 선택. 지역/품목/월별 코드 확인 필요 | obj_l1/itm_id 자동 후보 입력
C19729,2604,쌀 16%↑ 빵 6%↑ 추석 앞두고 먹거리 고공행진,2025-10-02,https://www.chosun.com/economy/economy_general/2025/10/02/KR6ITPWJVRBNJFORKVQQZFSKVY/,국가데이터처가 2일 발표한 ‘9월 소비자물가 동향’에 따르면 지난달 소비자 물가지수는 117.06(2020년=100)으로 1년 전 대비 2.1% 올랐다.,물가지표,101,DT_1J22042,0,T03,M,202509,202508,CHANGE_RATE,2.1,2.1,일치,검증완료_일치,"claim=2.1, adjusted_actual=2.1, 오차=0.000, 허용=0.3",소비자물가 등락률 후보 선택. 지역/품목/월별 코드 확인 필요 | obj_l1/itm_id 자동 후보 입력
C19960,2638,한국서 희망 못 찾는 20대… 취업자 2년 11개월째 감소,2025-10-18,https://www.chosun.com/economy/economy_general/2025/10/18/GSSQHOVG2FAW7LHONSQ4KIKFEY/,20대 고용률은 지난해 9월(-0.2%포인트) 이후 13개월 연속 오르지 못하고 있다.,고용지표,101,DT_1DA7001S,0,T90,M,202409,202408,CHANGE_RATE,0.2,0.1582278481012568,일치,검증완료_일치,"claim=0.2, adjusted_actual=0.1582278481012568, 오차=0.042, 허용=0.3",경제활동인구 총괄 후보 선택. 성별/고용률 항목 확인 필요 | obj_l1/itm_id 자동 후보 입력
C19961,2638,한국서 희망 못 찾는 20대… 취업자 2년 11개월째 감소,2025-10-18,https://www.chosun.com/economy/economy_general/2025/10/18/GSSQHOVG2FAW7LHONSQ4KIKFEY/,"17일 KB국민·신한·하나·우리·NH농협 등 국내 5대 은행에 따르면, 6월 말 기준 20대의 가계 대출 연체율(1개월 이상)은 0.41%로 전 연령층 중 가장 높았다.",비율·증감률,101,DT_1DA7002S,20,T30,M,202605,202604,CHANGE_RATE,0.41,0.295668607309424,일치,검증완료_일치,"claim=0.41, adjusted_actual=0.295668607309424, 오차=0.114, 허용=0.3",연령별 취업자 후보 선택. 연령/취업자 항목 확인 필요 | obj_l1/itm_id 자동 후보 입력
C19967,2639,청년고용률 17개월째 '내리막'… 금융위기 후 최장기간 하락,2025-10-19,https://biz.chosun.com/policy/policy_sub/2025/10/19/74YLI5YIDZAHLKBG3KMG7WNB6Y/,"19일 국가데이터처(옛 통계청)에 따르면, 지난 달 청년층 고용률은 45.1%로 1년 전보다 0.7%포인트(p) 낮아졌다.",고용지표,101,DT_1DA7002S,75,T90,Y,2025,2024,CHANGE_RATE,45.1,45.0,일치,검증완료_일치,"claim=45.1, adjusted_actual=45.0, 오차=0.100, 허용=0.3",연령별 경제활동인구 총괄 후보 선택. 연령/고용률 항목 확인 필요 | obj_l1/itm_id 자동 후보 입력
C20145,2665,"8월 출생아 수, 전년 동월 대비 3.8% ↑… 증가 폭은 주춤",2025-10-29,https://biz.chosun.com/policy/policy_sub/2025/10/29/VFRFUY4DDZH4TNR3FPDRDKHHII/,8월 출생아가 지난해 동월보다 3.8% 증가했다.,인구지표,101,INH_1B8000F_01,11,T1,M,2024,2023,CHANGE_RATE,3.8,3.6034743596431738,일치,검증완료_일치,"claim=3.8, adjusted_actual=3.6034743596431738, 오차=0.197, 허용=0.3",출생아수/합계출산율 후보 선택. 기본항목/시점 코드 확인 필요 | obj_l1/itm_id 자동 후보 입력
C20267,2681,"10월 소비자물가, 2.4% 올랐다… 15개월 만에 최대 상승폭(종합)",2025-11-04,https://biz.chosun.com/policy/policy_sub/2025/11/04/ANKBQTEEQ5CPPE7DIX7SMKCLWE/,지난달 소비자물가 상승률이 2.4%를 기록했다.,물가지표,101,DT_1J22042,0,T03,M,202510,202509,CHANGE_RATE,2.4,2.4,일치,검증완료_일치,"claim=2.4, adjusted_actual=2.4, 오차=0.000, 허용=0.3",소비자물가 등락률 후보 선택. 지역/품목/월별 코드 확인 필요 | obj_l1/itm_id 자동 후보 입력
C20268,2681,"10월 소비자물가, 2.4% 올랐다… 15개월 만에 최대 상승폭(종합)",2025-11-04,https://biz.chosun.com/policy/policy_sub/2025/11/04/ANKBQTEEQ5CPPE7DIX7SMKCLWE/,"이는 전월 대비 0.3%포인트(p) 상승한 수준으로, 지난해 7월(2.6%) 이후 15개월 만에 가장 높다.",비율·증감률,101,DT_1J22042,0,T02,M,202407,202406,CHANGE_RATE,0.3,0.3,일치,검증완료_일치,"claim=0.3, adjusted_actual=0.3, 오차=0.000, 허용=0.3",소비자물가 등락률 후보 선택. 지역/품목/월별 코드 확인 필요 | obj_l1/itm_id 자동 후보 입력
C20278,2681,"10월 소비자물가, 2.4% 올랐다… 15개월 만에 최대 상승폭(종합)",2025-11-04,https://biz.chosun.com/policy/policy_sub/2025/11/04/ANKBQTEEQ5CPPE7DIX7SMKCLWE/,이 탓에 농축수산물 가격의 상승률은 3.1%를 기록했다.,비율·증감률,101,DT_1J22042,0,T03,Y,202606,202605,CHANGE_RATE,3.1,3.2,일치,검증완료_일치,"claim=3.1, adjusted_actual=3.2, 오차=0.100, 허용=0.3",소비자물가 등락률 후보 선택. 지역/품목/월별 코드 확인 필요 | obj_l1/itm_id 자동 후보 입력
C20285,2681,"10월 소비자물가, 2.4% 올랐다… 15개월 만에 최대 상승폭(종합)",2025-11-04,https://biz.chosun.com/policy/policy_sub/2025/11/04/ANKBQTEEQ5CPPE7DIX7SMKCLWE/,구입 빈도와 지출 비중이 높은 144개 품목을 중심으로 한 생활물가지수는 전년 동월 대비 2.5% 올랐다.,물가지표,101,DT_1J22042,1,T03,M,202412,202312,CHANGE_RATE,2.5,2.2,일치,검증완료_일치,"claim=2.5, adjusted_actual=2.2, 오차=0.300, 허용=0.3",소비자물가 등락률 후보 선택. 지역/품목/월별 코드 확인 필요 | obj_l1/itm_id 자동 후보 입력
C20287,2682,10월 소비자물가 2.4% 상승...15개월만 최대 상승률,2025-11-04,https://www.chosun.com/economy/economy_general/2025/11/04/IQO3Q645VRHHBDUAFXCXBPH5Z4/,이같은 물가 상승률은 지난해 7월(2.6%) 이후 15개월만에 가장 높은 수치다.,비율·증감률,101,DT_1J22042,0,T03,M,202407,202406,CHANGE_RATE,2.6,2.6,일치,검증완료_일치,"claim=2.6, adjusted_actual=2.6, 오차=0.000, 허용=0.3",소비자물가 등락률 후보 선택. 지역/품목/월별 코드 확인 필요 | obj_l1/itm_id 자동 후보 입력
C20288,2682,10월 소비자물가 2.4% 상승...15개월만 최대 상승률,2025-11-04,https://www.chosun.com/economy/economy_general/2025/11/04/IQO3Q645VRHHBDUAFXCXBPH5Z4/,"국가데이터처가 4일 발표한 ’10월 소비자물가 동향’에 따르면, 지난달 소비자 물가는 1년 전보다 2.4% 올랐다.",물가지표,101,DT_1J22042,0,T03,M,202510,202509,CHANGE_RATE,2.4,2.4,일치,검증완료_일치,"claim=2.4, adjusted_actual=2.4, 오차=0.000, 허용=0.3",소비자물가 등락률 후보 선택. 지역/품목/월별 코드 확인 필요 | obj_l1/itm_id 자동 후보 입력
C20299,2682,10월 소비자물가 2.4% 상승...15개월만 최대 상승률,2025-11-04,https://www.chosun.com/economy/economy_general/2025/11/04/IQO3Q645VRHHBDUAFXCXBPH5Z4/,"관련 기사 2.4% 찍은 소비자물가 상승률에...한은 ""2% 내외로 다시 안정될 것"" 지난달 소비자물가 상승률이 2.4%를 기록하며 1년 3개월 만에 최고치를 기록했다.",물가지표,101,DT_1J22042,0,T03,M,202510,202509,CHANGE_RATE,2.4,2.4,일치,검증완료_일치,"claim=2.4, adjusted_actual=2.4, 오차=0.000, 허용=0.3",소비자물가 등락률 후보 선택. 지역/품목/월별 코드 확인 필요 | obj_l1/itm_id 자동 후보 입력
C20300,2682,10월 소비자물가 2.4% 상승...15개월만 최대 상승률,2025-11-04,https://www.chosun.com/economy/economy_general/2025/11/04/IQO3Q645VRHHBDUAFXCXBPH5Z4/,지난해 7월(2.6%) 이후 가장 높다.,비율·증감률,101,DT_1J22042,0,T03,M,202407,202406,CHANGE_RATE,2.6,2.6,일치,검증완료_일치,"claim=2.6, adjusted_actual=2.6, 오차=0.000, 허용=0.3",소비자물가 등락률 후보 선택. 지역/품목/월별 코드 확인 필요 | obj_l1/itm_id 자동 후보 입력
C20308,2683,"한은 ""소비자 물가 상승률, 연말·연초 2% 내외로 다시 안정""",2025-11-04,https://biz.chosun.com/policy/policy_sub/2025/11/04/M3MCDVGEPFBAJHMJXAPBJNISGI/,상승률은 지난해 7월(2.6%) 이후 1년 3개월 만에 가장 높았다.,비율·증감률,101,DT_1J22042,0,T03,M,202407,202406,CHANGE_RATE,2.6,2.6,일치,검증완료_일치,"claim=2.6, adjusted_actual=2.6, 오차=0.000, 허용=0.3",소비자물가 등락률 후보 선택. 지역/품목/월별 코드 확인 필요 | obj_l1/itm_id 자동 후보 입력
C20341,2693,"KDI “최근 실업률 하락 상당 부분 청년 구직 포기 때문, 낮은 실업률이 반드시 고용 개선 의미하지 않아”",2025-11-06,https://www.chosun.com/economy/economy_general/2025/11/06/T4WNY7YVT5HZ7P5BSUZSYGTMB4/,코로나 팬데믹 이전 3%대 중후반대였던 실업률이 2022년 이후 2% 중후반대로 낮아진 현상의 상당 부분이 청년층의 구직 포기 때문이라는 국책 연구 기관의 분석 결과가 6일 나왔다.,고용지표,101,DT_1DA7001S,0,T80,Y,2022,2021,CHANGE_RATE,3.0,2.9,일치,검증완료_일치,"claim=3.0, adjusted_actual=2.9, 오차=0.100, 허용=0.3",경제활동인구 총괄 후보 선택. 실업률/실업자 항목 확인 필요 | obj_l1/itm_id 자동 후보 입력
C20475,2704,수출 ‘톱10′ 기업 비중 40%로 역대 최대...‘대기업 쏠림’ 심화,2025-11-10,https://www.chosun.com/economy/economy_general/2025/11/10/STP3LFTONFGQLFJKML7SF2LS24/,"미국 수출은 293억달러로 3.9% 감소했고, 중국은 337억달러로 1.8% 줄었다.",무역지표,360,DT_1R11006_FRM101,13102103829E.US,13103103829T1,Y,2025,2024,CHANGE_RATE,-3.9,-3.843459068703951,일치,검증완료_일치,"claim=-3.9, adjusted_actual=-3.843459068703951, 오차=0.057, 허용=0.3",국가별 수출입 후보 선택. 국가/수출입/시점 코드 확인 필요 | 국가 코드 자동선택: 미국
